ticker,date,open,high,low,close,adoption,conference,exchange,legal_defense,price,regulation,percent_change,range,news_event_happened,news_events_count,news_event_lag1,news_event_lag2,news_event_lag3
BTC,2013-12-27,801.98,836.83,767.87,803.05,1.0,0.0,0.0,0.0,0.0,0.0,0.13341978602956886,0.0898068683501114,1,1.0,0.0,0.0,0.0
BTC,2013-12-28,803.05,805.97,715.6,761.99,0.0,0.0,0.0,0.0,0.0,0.0,-5.113006662100735,0.12628563443264393,0,0.0,1.0,0.0,0.0
BTC,2013-12-29,761.99,803.95,734.98,784.96,0.0,0.0,0.0,0.0,0.0,0.0,3.0144752555807854,0.09383928814389511,0,0.0,0.0,1.0,0.0
BTC,2013-12-30,784.96,818.83,780.96,804.83,0.0,0.0,0.0,0.0,0.0,0.0,2.531339176518549,0.04849160008195042,0,0.0,0.0,0.0,1.0
BTC,2013-12-31,804.83,813.94,776.96,805.94,0.0,0.0,0.0,0.0,0.0,0.0,0.13791732415541338,0.0475957578253707,0,0.0,0.0,0.0,0.0
BTC,2014-01-01,805.94,829.93,770.97,815.94,0.0,0.0,0.0,0.0,0.0,0.0,1.2407871553713674,0.07647508982191255,0,0.0,0.0,0.0,0.0
BTC,2014-01-02,815.94,886.21,810.47,856.91,0.0,0.0,0.0,0.0,0.0,0.0,5.021202539402396,0.09345194763532272,0,0.0,0.0,0.0,0.0
BTC,2014-01-03,856.91,888.23,839.44,884.26,0.0,0.0,0.0,0.0,0.0,0.0,3.191700411945248,0.05812208138759168,0,0.0,0.0,0.0,0.0
BTC,2014-01-04,884.26,932.16,848.32,924.69,0.0,0.0,0.0,0.0,0.0,0.0,4.572184651573074,0.0988306299509618,0,0.0,0.0,0.0,0.0
BTC,2014-01-05,924.69,1029.86,911.36,1014.74,0.0,0.0,0.0,0.0,0.0,0.0,9.738398814737907,0.13002545646067404,0,0.0,0.0,0.0,0.0
BTC,2014-01-06,1014.74,1093.44,964.74,1012.65,0.0,0.0,0.0,0.0,0.0,0.0,-0.20596408932337662,0.13340381864543818,0,0.0,0.0,0.0,0.0
BTC,2014-01-07,1012.65,1043.98,879.85,879.9,0.0,0.0,0.0,0.0,0.0,1.0,-13.109169011998222,0.18654316076603966,1,1.0,0.0,0.0,0.0
BTC,2014-01-08,879.9,966.9,858.9,938.84,1.0,0.0,0.0,0.0,0.0,0.0,6.698488464598257,0.12574222843171498,1,1.0,1.0,0.0,0.0
BTC,2014-01-09,938.84,964.64,866.55,936.95,1.0,0.0,0.0,0.0,0.0,2.0,-0.20131225767968836,0.11319600715480935,1,3.0,1.0,1.0,0.0
BTC,2014-01-10,936.95,964.84,905.88,957.76,0.0,0.0,0.0,0.0,0.0,0.0,2.221036341320235,0.06508588333995677,0,0.0,1.0,1.0,1.0
BTC,2014-01-11,957.76,1010.84,935.0,1005.32,0.0,0.0,0.0,0.0,0.0,0.0,4.9657534246575405,0.08111229946524068,0,0.0,0.0,1.0,1.0
BTC,2014-01-12,1005.32,1022.67,922.07,939.79,0.0,0.0,0.0,0.0,0.0,0.0,-6.518322524171416,0.10910234580888642,0,0.0,0.0,0.0,1.0
BTC,2014-01-13,939.79,949.24,879.94,922.91,0.0,0.0,0.0,0.0,0.0,0.0,-1.7961459474989088,0.0787553696842966,0,0.0,0.0,0.0,0.0
BTC,2014-01-14,922.91,942.47,904.19,919.28,0.0,0.0,0.0,0.0,0.0,0.0,-0.39332112557020676,0.04233623464094933,0,0.0,0.0,0.0,0.0
BTC,2014-01-15,919.28,973.09,915.06,941.22,0.0,0.0,0.0,0.0,0.0,1.0,2.3866504220694513,0.06341660656131848,1,1.0,0.0,0.0,0.0
BTC,2014-01-16,941.22,955.53,910.5,913.49,0.0,0.0,0.0,0.0,0.0,0.0,-2.946176239348932,0.04945634266886323,0,0.0,1.0,0.0,0.0
BTC,2014-01-17,913.49,929.75,867.22,894.16,0.0,0.0,0.0,0.0,0.0,1.0,-2.116060383802783,0.07210396439196509,1,1.0,0.0,1.0,0.0
BTC,2014-01-18,894.16,924.74,884.74,905.72,0.0,0.0,0.0,0.0,0.0,0.0,1.2928334973606581,0.045211022447272646,0,0.0,1.0,0.0,1.0
BTC,2014-01-19,905.72,958.07,901.88,954.8,0.0,0.0,0.0,0.0,0.0,0.0,5.418893256193959,0.062303188894309726,0,0.0,0.0,1.0,0.0
BTC,2014-01-20,954.8,980.54,925.96,955.95,0.0,0.0,0.0,0.0,0.0,0.0,0.12044407205698482,0.058944230852304554,0,0.0,0.0,0.0,1.0
BTC,2014-01-21,955.95,974.25,943.18,962.21,0.0,0.0,0.0,0.0,0.0,0.0,0.6548459647471092,0.03294175024915716,0,0.0,0.0,0.0,0.0
BTC,2014-01-22,962.21,973.94,934.95,950.95,0.0,0.0,0.0,0.0,0.0,0.0,-1.170222716454827,0.0417027648537355,0,0.0,0.0,0.0,0.0
BTC,2014-01-23,950.95,958.06,936.27,944.16,0.0,0.0,0.0,0.0,0.0,0.0,-0.7140228192859852,0.02327320110651838,0,0.0,0.0,0.0,0.0
BTC,2014-01-24,944.16,949.52,902.89,916.55,0.0,0.0,0.0,0.0,0.0,0.0,-2.924292492797832,0.05164527240306128,0,0.0,0.0,0.0,0.0
BTC,2014-01-25,916.55,978.41,915.86,961.05,0.0,0.0,0.0,0.0,0.0,0.0,4.855163384430746,0.06829646452514572,0,0.0,0.0,0.0,0.0
BTC,2014-01-26,961.05,1038.06,950.66,1007.0,0.0,0.0,0.0,0.0,0.0,0.0,4.781228864263051,0.0919361285843519,0,0.0,0.0,0.0,0.0
BTC,2014-01-27,1007.0,1021.45,937.23,943.54,0.0,0.0,0.0,0.0,0.0,0.0,-6.301886792452834,0.08986054650405986,0,0.0,0.0,0.0,0.0
BTC,2014-01-28,943.54,972.61,911.65,932.68,0.0,0.0,0.0,0.0,0.0,0.0,-1.1509845899484934,0.06686776723523286,0,0.0,0.0,0.0,0.0
BTC,2014-01-29,932.68,950.56,918.86,925.67,0.0,0.0,0.0,0.0,0.0,0.0,-0.7515975468542255,0.03449927083560056,0,0.0,0.0,0.0,0.0
BTC,2014-01-30,925.67,953.24,909.46,941.39,0.0,0.0,0.0,0.0,0.0,0.0,1.698229390603566,0.04813845578695047,0,0.0,0.0,0.0,0.0
BTC,2014-01-31,941.39,954.71,924.59,938.85,0.0,0.0,0.0,0.0,0.0,0.0,-0.269813785997298,0.032576601520674035,0,0.0,0.0,0.0,0.0
BTC,2014-02-01,938.85,969.19,927.8,940.42,0.0,0.0,0.0,0.0,0.0,0.0,0.16722586142620613,0.044610907523173204,0,0.0,0.0,0.0,0.0
BTC,2014-02-02,940.42,959.38,934.41,953.31,0.0,0.0,0.0,0.0,0.0,0.0,1.3706641713277032,0.02672274483363837,0,0.0,0.0,0.0,0.0
BTC,2014-02-03,953.31,959.58,931.67,931.71,0.0,0.0,0.0,0.0,0.0,0.0,-2.2657897221260566,0.029956959009091292,0,0.0,0.0,0.0,0.0
BTC,2014-02-04,931.71,949.1,900.76,926.64,0.0,0.0,0.0,0.0,0.0,0.0,-0.5441607367099258,0.05366579333007686,0,0.0,0.0,0.0,0.0
BTC,2014-02-05,926.64,939.75,890.05,904.52,0.0,0.0,0.0,0.0,0.0,0.0,-2.387119053785721,0.055839559575304815,0,0.0,0.0,0.0,0.0
BTC,2014-02-06,904.52,908.77,800.93,828.87,0.0,0.0,0.0,0.0,0.0,0.0,-8.363551939150044,0.13464347695803633,0,0.0,0.0,0.0,0.0
BTC,2014-02-07,828.87,833.07,651.73,695.65,0.0,0.0,0.0,0.0,0.0,0.0,-16.072484225511843,0.2782440581222286,0,0.0,0.0,0.0,0.0
BTC,2014-02-08,695.65,719.26,632.08,648.78,0.0,0.0,0.0,0.0,0.0,0.0,-6.7375835549486105,0.1379255790406277,0,0.0,0.0,0.0,0.0
BTC,2014-02-09,648.78,694.12,622.53,659.57,0.0,0.0,0.0,0.0,0.0,0.0,1.6631215512192234,0.11499847396912605,0,0.0,0.0,0.0,0.0
BTC,2014-02-10,659.57,700.04,500.04,582.63,0.0,0.0,0.0,0.0,0.0,0.0,-11.665175796352175,0.3999680025597951,0,0.0,0.0,0.0,0.0
BTC,2014-02-11,582.63,609.71,550.22,578.96,0.0,0.0,0.0,0.0,0.0,0.0,-0.62990233939206,0.10812038820835303,0,0.0,0.0,0.0,0.0
BTC,2014-02-12,578.96,585.12,511.9,531.13,0.0,0.0,0.0,0.0,0.0,0.0,-8.261365206577317,0.14303574916975978,0,0.0,0.0,0.0,0.0
BTC,2014-02-13,531.13,549.2,451.33,451.44,0.0,0.0,0.0,0.0,0.0,0.0,-15.003859695366483,0.21684798262911853,0,0.0,0.0,0.0,0.0
BTC,2014-02-14,451.44,500.03,302.18,427.68,0.0,0.0,0.0,0.0,0.0,0.0,-5.263157894736841,0.6547422066318087,0,0.0,0.0,0.0,0.0
BTC,2014-02-15,427.68,447.94,310.08,371.07,0.0,0.0,0.0,0.0,0.0,0.0,-13.236531986531991,0.4445949432404541,0,0.0,0.0,0.0,0.0
BTC,2014-02-16,371.07,540.03,220.37,299.8,0.0,0.0,0.0,0.0,0.0,0.0,-19.20661869728083,1.4505604211099512,0,0.0,0.0,0.0,0.0
BTC,2014-02-17,299.8,411.21,263.36,272.28,0.0,0.0,0.0,0.0,0.0,0.0,-9.179452968645776,0.5613988456865125,0,0.0,0.0,0.0,0.0
BTC,2014-02-18,272.28,370.12,248.31,293.95,0.0,0.0,0.0,0.0,0.0,0.0,7.958718965770537,0.4905561596391607,0,0.0,0.0,0.0,0.0
BTC,2014-02-19,293.95,308.63,257.24,261.53,0.0,0.0,0.0,0.0,0.0,0.0,-11.029086579350235,0.19977452962214268,0,0.0,0.0,0.0,0.0
BTC,2014-02-20,261.53,271.61,109.22,111.92,0.0,0.0,0.0,1.0,0.0,2.0,-57.20567430122738,1.48681560153818,1,3.0,0.0,0.0,0.0
BTC,2014-02-21,111.92,160.15,91.66,111.56,0.0,0.0,0.0,0.0,0.0,0.0,-0.32165832737669714,0.7472179794894176,0,0.0,1.0,0.0,0.0
BTC,2014-02-22,111.56,290.59,96.72,255.59,0.0,0.0,0.0,0.0,0.0,0.0,129.10541412692723,2.0044458229942097,0,0.0,0.0,1.0,0.0
BTC,2014-02-23,255.59,349.15,220.31,310.17,0.0,0.0,0.0,0.0,0.0,1.0,21.354513087366488,0.584812309926921,1,1.0,0.0,0.0,1.0
BTC,2014-02-24,310.17,316.88,131.85,174.0,0.0,0.0,0.0,0.0,0.0,0.0,-43.9017313086372,1.403337125521426,0,0.0,1.0,0.0,0.0
BTC,2014-02-25,174.0,174.64,102.33,135.78,1.0,0.0,1.0,0.0,0.0,2.0,-21.96551724137931,0.7066353952897487,1,4.0,0.0,1.0,0.0
BTC,2014-02-26,135.78,650.0,135.78,593.14,0.0,0.0,0.0,1.0,0.0,1.0,336.83900427161586,3.7871556930328474,1,2.0,1.0,0.0,1.0
BTC,2014-02-27,593.14,629.9,580.5,596.49,0.0,0.0,0.0,0.0,0.0,0.0,0.5647907745220391,0.08509905254091296,0,0.0,1.0,1.0,0.0
BTC,2014-02-28,596.49,599.0,570.0,573.94,0.0,0.0,0.0,0.0,0.0,0.0,-3.780448959747851,0.05087719298245614,0,0.0,0.0,1.0,1.0
BTC,2014-03-01,573.94,573.94,262.77,557.39,0.0,0.0,0.0,0.0,0.0,0.0,-2.8835766804892615,1.184191498268448,0,0.0,0.0,0.0,1.0
BTC,2014-03-02,557.39,562.93,541.54,544.56,0.0,0.0,0.0,0.0,0.0,0.0,-2.301799458189067,0.0394984673338996,0,0.0,0.0,0.0,0.0
BTC,2014-03-03,544.56,695.44,544.56,662.18,0.0,0.0,0.0,0.0,0.0,0.0,21.599089172910244,0.2770677244013518,0,0.0,0.0,0.0,0.0
BTC,2014-03-04,662.18,686.22,645.16,661.85,0.0,0.0,0.0,0.0,0.0,0.0,-0.04983539218942391,0.06364312728625467,0,0.0,0.0,0.0,0.0
BTC,2014-03-05,661.85,665.97,636.77,658.3,0.0,0.0,0.0,0.0,0.0,0.0,-0.5363753116265118,0.04585643167862815,0,0.0,0.0,0.0,0.0
BTC,2014-03-06,658.3,661.83,636.22,648.26,1.0,1.0,1.0,0.0,0.0,2.0,-1.5251405134437133,0.04025337147527587,1,5.0,0.0,0.0,0.0
BTC,2014-03-07,648.26,655.2,600.31,616.73,0.0,0.0,0.0,0.0,0.0,0.0,-4.863789220374537,0.09143609135280123,0,0.0,1.0,0.0,0.0
BTC,2014-03-08,616.73,625.68,588.58,609.21,0.0,1.0,0.0,1.0,0.0,1.0,-1.2193342305384822,0.06303306262530141,1,3.0,0.0,1.0,0.0
BTC,2014-03-09,609.21,637.6,598.51,627.05,0.0,0.0,0.0,0.0,0.0,0.0,2.9283826595098437,0.06531219194332598,0,0.0,1.0,0.0,1.0
BTC,2014-03-10,627.05,633.68,594.7,612.97,0.0,0.0,0.0,0.0,0.0,1.0,-2.2454349732876056,0.06554565327055642,1,1.0,0.0,1.0,0.0
BTC,2014-03-11,612.97,619.7,599.92,608.69,0.0,0.0,0.0,0.0,0.0,1.0,-0.6982397180938664,0.0329710628083746,1,1.0,1.0,0.0,1.0
BTC,2014-03-12,608.69,640.79,608.2,619.43,0.0,0.0,0.0,0.0,0.0,0.0,1.7644449555602844,0.05358434725419256,0,0.0,1.0,1.0,0.0
BTC,2014-03-13,619.43,636.13,616.06,625.04,0.0,0.0,0.0,0.0,0.0,1.0,0.9056713430088976,0.032577995649774455,1,1.0,0.0,1.0,1.0
BTC,2014-03-14,625.04,631.23,610.61,614.03,0.0,0.0,0.0,0.0,0.0,0.0,-1.7614872648150506,0.03376950917934525,0,0.0,1.0,0.0,1.0
BTC,2014-03-15,614.03,628.83,609.18,624.03,0.0,0.0,0.0,0.0,0.0,0.0,1.6285849225607871,0.0322564759184479,0,0.0,0.0,1.0,0.0
BTC,2014-03-16,624.03,627.28,613.17,619.14,1.0,0.0,0.0,0.0,0.0,2.0,-0.7836161722994065,0.023011562861849102,1,3.0,0.0,0.0,1.0
BTC,2014-03-17,619.14,622.49,602.74,606.38,0.0,0.0,0.0,0.0,0.0,0.0,-2.0609232160739075,0.032767030560440655,0,0.0,1.0,0.0,0.0
BTC,2014-03-18,606.38,611.72,585.66,598.93,0.0,0.0,0.0,0.0,0.0,0.0,-1.2286025264685585,0.044496807021138646,0,0.0,0.0,1.0,0.0
BTC,2014-03-19,598.93,607.08,590.14,594.96,0.0,0.0,0.0,0.0,0.0,0.0,-0.6628487469320145,0.0287050530382622,0,0.0,0.0,0.0,1.0
BTC,2014-03-20,594.96,598.41,560.35,565.99,0.0,0.0,0.0,0.0,0.0,0.0,-4.869234906548344,0.06792183456768082,0,0.0,0.0,0.0,0.0
BTC,2014-03-21,565.99,587.42,540.22,549.6,0.0,1.0,0.0,0.0,0.0,2.0,-2.895810880050882,0.08737181148421,1,3.0,0.0,0.0,0.0
BTC,2014-03-22,549.6,569.96,537.16,564.34,0.0,0.0,0.0,0.0,0.0,0.0,2.6819505094614278,0.061061881003797884,0,0.0,1.0,0.0,0.0
BTC,2014-03-23,564.34,564.34,538.63,551.16,0.0,0.0,0.0,0.0,0.0,0.0,-2.335471524258437,0.04773220949445823,0,0.0,0.0,1.0,0.0
BTC,2014-03-24,551.16,572.52,531.27,567.56,0.0,0.0,0.0,1.0,0.0,1.0,2.9755424921982687,0.07764413575018353,1,2.0,0.0,0.0,1.0
BTC,2014-03-25,567.56,569.66,550.43,562.89,0.0,0.0,1.0,0.0,0.0,0.0,-0.8228204947494466,0.03493632251149105,1,1.0,1.0,0.0,0.0
BTC,2014-03-26,562.89,575.42,546.26,562.45,0.0,0.0,0.0,0.0,0.0,1.0,-0.07816802572437614,0.05338117380002191,1,1.0,1.0,1.0,0.0
BTC,2014-03-27,562.45,567.75,460.45,460.45,0.0,0.0,0.0,0.0,0.0,0.0,-18.134945328473652,0.23303290259528725,0,0.0,1.0,1.0,1.0
BTC,2014-03-28,460.45,514.95,453.75,482.61,0.0,0.0,0.0,0.0,0.0,0.0,4.812683244651977,0.13487603305785134,0,0.0,0.0,1.0,1.0
BTC,2014-03-29,482.61,494.28,473.78,477.11,0.0,0.0,0.0,0.0,0.0,0.0,-1.1396365595408302,0.04326902781881886,0,0.0,0.0,0.0,1.0
BTC,2014-03-30,477.11,479.04,424.03,446.92,0.0,0.0,0.0,0.0,0.0,0.0,-6.327681247511055,0.12973138693017017,0,0.0,0.0,0.0,0.0
BTC,2014-03-31,446.92,473.43,422.49,444.66,0.0,0.0,0.0,0.0,0.0,0.0,-0.5056833437751702,0.12057090108641624,0,0.0,0.0,0.0,0.0
BTC,2014-04-01,444.66,487.35,438.03,463.45,0.0,0.0,0.0,0.0,0.0,0.0,4.2257005352404,0.1125950277378263,0,0.0,0.0,0.0,0.0
BTC,2014-04-02,463.45,480.27,409.25,424.37,0.0,0.0,0.0,0.0,0.0,0.0,-8.432409105620883,0.17353695784972506,0,0.0,0.0,0.0,0.0
BTC,2014-04-03,424.37,448.74,386.67,436.31,0.0,0.0,0.0,0.0,0.0,0.0,2.8135824869807,0.16052447823725655,0,0.0,0.0,0.0,0.0
BTC,2014-04-04,436.31,456.46,415.51,444.36,0.0,0.0,0.0,0.0,0.0,0.0,1.8450184501845046,0.0985535847512695,0,0.0,0.0,0.0,0.0
BTC,2014-04-05,444.36,461.17,439.37,456.63,0.0,0.0,0.0,0.0,0.0,0.0,2.7612746421820105,0.049616496347042384,0,0.0,0.0,0.0,0.0
BTC,2014-04-06,456.63,472.38,446.3,455.69,0.0,0.0,0.0,0.0,0.0,0.0,-0.20585594463789014,0.058436029576518,0,0.0,0.0,0.0,0.0
BTC,2014-04-07,455.69,485.06,447.98,462.38,0.0,0.0,0.0,0.0,0.0,0.0,1.4681033158506875,0.082771552301442,0,0.0,0.0,0.0,0.0
BTC,2014-04-08,462.38,480.69,457.57,466.56,0.0,0.0,0.0,0.0,0.0,0.0,0.9040183398935956,0.05052778809799595,0,0.0,0.0,0.0,0.0
BTC,2014-04-09,466.56,479.66,451.07,457.34,0.0,0.0,0.0,0.0,0.0,0.0,-1.9761659807956162,0.06338262353958372,0,0.0,0.0,0.0,0.0
BTC,2014-04-10,457.34,463.45,384.63,384.63,0.0,0.0,0.0,0.0,0.0,0.0,-15.898456290724623,0.20492421287991056,0,0.0,0.0,0.0,0.0
BTC,2014-04-11,384.63,450.4,355.71,435.14,0.0,0.0,0.0,0.0,0.0,0.0,13.13210098016275,0.2661999943774423,0,0.0,0.0,0.0,0.0
BTC,2014-04-12,435.14,469.83,428.02,437.65,0.0,0.0,0.0,0.0,0.0,0.0,0.576825849151995,0.0976823512919957,0,0.0,0.0,0.0,0.0
BTC,2014-04-13,437.65,454.15,409.85,427.6,0.0,0.0,0.0,0.0,0.0,0.0,-2.2963555352450484,0.10808832499694998,0,0.0,0.0,0.0,0.0
BTC,2014-04-14,427.6,497.83,420.08,478.38,0.0,0.0,0.0,0.0,0.0,0.0,11.875584658559395,0.18508379356313084,0,0.0,0.0,0.0,0.0
BTC,2014-04-15,478.38,526.63,466.43,526.43,0.0,0.0,0.0,0.0,0.0,0.0,10.04431623395626,0.12906545462341615,0,0.0,0.0,0.0,0.0
BTC,2014-04-16,526.43,549.05,496.08,536.95,0.0,0.0,0.0,0.0,0.0,0.0,1.9983663545010917,0.1067771327205289,0,0.0,0.0,0.0,0.0
BTC,2014-04-17,536.95,537.03,486.89,502.0,0.0,0.0,0.0,0.0,0.0,0.0,-6.508985939100483,0.10298013925116553,0,0.0,0.0,0.0,0.0
BTC,2014-04-18,502.0,512.15,472.0,485.52,0.0,0.0,0.0,0.0,0.0,0.0,-3.282868525896418,0.08506355932203385,0,0.0,0.0,0.0,0.0
BTC,2014-04-19,485.52,516.89,473.16,506.02,0.0,0.0,0.0,0.0,0.0,0.0,4.222277146152579,0.09242116831515758,0,0.0,0.0,0.0,0.0
BTC,2014-04-20,506.02,522.22,488.69,498.51,0.0,0.0,0.0,0.0,0.0,0.0,-1.4841310620133574,0.06861200351961372,0,0.0,0.0,0.0,0.0
BTC,2014-04-21,498.51,524.67,490.66,495.16,0.0,0.0,0.0,0.0,0.0,0.0,-0.6720025676515949,0.06931480047283238,0,0.0,0.0,0.0,0.0
BTC,2014-04-22,495.16,520.51,483.39,487.91,0.0,0.0,0.0,0.0,0.0,0.0,-1.4641731965425315,0.07679099691760277,0,0.0,0.0,0.0,0.0
BTC,2014-04-23,487.91,509.96,482.25,487.3,0.0,0.0,0.0,0.0,0.0,0.0,-0.12502305753110482,0.05745982374287191,0,0.0,0.0,0.0,0.0
BTC,2014-04-24,487.3,507.33,477.22,500.29,0.0,0.0,0.0,0.0,0.0,0.0,2.6657090088241344,0.06309458949750629,0,0.0,0.0,0.0,0.0
BTC,2014-04-25,500.29,502.49,438.33,464.49,0.0,0.0,0.0,0.0,0.0,0.0,-7.15584960722781,0.1463737366824083,0,0.0,0.0,0.0,0.0
BTC,2014-04-26,464.49,468.68,448.57,457.87,0.0,0.0,0.0,0.0,0.0,0.0,-1.4252190574608719,0.04483135296609228,0,0.0,0.0,0.0,0.0
BTC,2014-04-27,457.87,461.4,437.39,443.18,0.0,0.0,0.0,0.0,0.0,0.0,-3.2083342433441806,0.054893801870184486,0,0.0,0.0,0.0,0.0
BTC,2014-04-28,443.18,451.12,420.78,441.92,0.0,0.0,0.0,0.0,0.0,0.0,-0.284308858703008,0.07210418746138132,0,0.0,0.0,0.0,0.0
BTC,2014-04-29,441.92,453.78,430.71,446.12,0.0,0.0,0.0,0.0,0.0,0.0,0.9503982621288894,0.05356272201713449,0,0.0,0.0,0.0,0.0
BTC,2014-04-30,446.12,452.64,430.89,445.63,0.0,0.0,0.0,0.0,0.0,0.0,-0.10983591858692932,0.05047691986353826,0,0.0,0.0,0.0,0.0
BTC,2014-05-01,445.63,464.49,444.51,460.13,0.0,0.0,0.0,0.0,0.0,0.0,3.253820433992326,0.04494837011540802,0,0.0,0.0,0.0,0.0
BTC,2014-05-02,460.13,463.38,442.0,453.67,0.0,0.0,0.0,0.0,0.0,0.0,-1.4039510573098863,0.04837104072398189,0,0.0,0.0,0.0,0.0
BTC,2014-05-03,453.67,454.2,429.09,438.65,0.0,0.0,0.0,0.0,0.0,0.0,-3.310776555646183,0.05851919177794872,0,0.0,0.0,0.0,0.0
BTC,2014-05-04,438.65,446.61,428.79,436.05,0.0,0.0,0.0,1.0,0.0,1.0,-0.5927276872221512,0.041558805009445164,1,2.0,0.0,0.0,0.0
BTC,2014-05-05,436.05,443.86,426.37,430.87,0.0,0.0,0.0,0.0,0.0,0.0,-1.1879371631693627,0.0410207097122218,0,0.0,1.0,0.0,0.0
BTC,2014-05-06,430.87,434.95,420.23,432.19,0.0,1.0,1.0,0.0,0.0,2.0,0.3063569057952499,0.035028436808414366,1,4.0,0.0,1.0,0.0
BTC,2014-05-07,432.19,458.78,423.55,446.55,0.0,0.0,0.0,0.0,0.0,0.0,3.3226127397672354,0.08317790107425324,0,0.0,1.0,0.0,1.0
BTC,2014-05-08,446.55,455.5,439.5,441.11,0.0,0.0,0.0,0.0,0.0,0.0,-1.2182286418094272,0.03640500568828214,0,0.0,0.0,1.0,0.0
BTC,2014-05-09,441.11,455.78,438.5,445.45,0.0,1.0,0.0,0.0,0.0,0.0,0.9838815714900988,0.039407069555302106,1,1.0,0.0,0.0,1.0
BTC,2014-05-10,445.45,459.46,441.43,451.9,0.0,0.0,0.0,0.0,0.0,0.0,1.4479739589179457,0.04084452801123615,0,0.0,1.0,0.0,0.0
BTC,2014-05-11,451.9,455.4,429.02,433.23,0.0,0.0,0.0,0.0,0.0,0.0,-4.131445009957947,0.061488974872966284,0,0.0,0.0,1.0,0.0
BTC,2014-05-12,433.23,441.07,430.19,438.21,0.0,0.0,1.0,0.0,0.0,0.0,1.149504881933375,0.025291150421906588,1,1.0,0.0,0.0,1.0
BTC,2014-05-13,438.21,442.27,432.74,433.92,1.0,0.0,0.0,1.0,0.0,2.0,-0.9789826795371999,0.02202246152424082,1,4.0,1.0,0.0,0.0
BTC,2014-05-14,433.92,444.28,433.88,442.63,0.0,0.0,0.0,0.0,0.0,0.0,2.0072824483775764,0.023969761224301597,0,0.0,1.0,1.0,0.0
BTC,2014-05-15,442.63,450.03,441.47,448.1,0.0,0.0,0.0,0.0,0.0,0.0,1.235795133633063,0.01938976600901521,0,0.0,0.0,1.0,1.0
BTC,2014-05-16,448.1,455.15,441.86,453.63,1.0,1.0,0.0,0.0,0.0,1.0,1.2340995313546022,0.030077400081473686,1,3.0,0.0,0.0,1.0
BTC,2014-05-17,453.63,455.94,452.23,452.79,0.0,0.0,0.0,0.0,0.0,0.0,-0.1851729382977261,0.008203790106804014,0,0.0,1.0,0.0,0.0
BTC,2014-05-18,452.79,454.0,449.04,450.14,0.0,0.0,0.0,0.0,0.0,0.0,-0.5852602751827634,0.011045786566898226,0,0.0,0.0,1.0,0.0
BTC,2014-05-19,450.14,451.69,441.2,443.9,0.0,0.0,0.0,0.0,0.0,0.0,-1.3862353934331562,0.023776065276518606,0,0.0,0.0,0.0,1.0
BTC,2014-05-20,443.9,486.23,437.25,484.57,0.0,0.0,0.0,0.0,0.0,0.0,9.161973417436364,0.11201829616923961,0,0.0,0.0,0.0,0.0
BTC,2014-05-21,484.57,495.21,481.73,488.84,0.0,0.0,0.0,0.0,0.0,0.0,0.8811936355944409,0.027982479812342934,0,0.0,0.0,0.0,0.0
BTC,2014-05-22,488.84,519.25,485.55,515.36,0.0,0.0,0.0,0.0,0.0,0.0,5.425087963341797,0.06940582844197299,0,0.0,0.0,0.0,0.0
BTC,2014-05-23,515.36,540.88,515.18,518.09,0.0,0.0,0.0,0.0,0.0,0.0,0.5297267929214565,0.04988547692068801,0,0.0,0.0,0.0,0.0
BTC,2014-05-24,518.09,526.65,510.42,520.46,0.0,0.0,0.0,0.0,0.0,0.0,0.4574494778899428,0.031797343364288154,0,0.0,0.0,0.0,0.0
BTC,2014-05-25,520.46,575.19,520.46,570.44,0.0,0.0,0.0,0.0,0.0,0.0,9.603043461553245,0.10515697652077012,0,0.0,0.0,0.0,0.0
BTC,2014-05-26,570.44,586.41,564.65,582.01,0.0,0.0,0.0,0.0,0.0,0.0,2.028258887876014,0.038537146905162474,0,0.0,0.0,0.0,0.0
BTC,2014-05-27,582.01,586.22,555.28,570.1,0.0,0.0,0.0,0.0,0.0,0.0,-2.046356591811132,0.0557196369399223,0,0.0,0.0,0.0,0.0
BTC,2014-05-28,570.1,581.81,562.56,570.84,0.0,0.0,0.0,0.0,0.0,0.0,0.12980178915979812,0.034218572241183166,0,0.0,0.0,0.0,0.0
BTC,2014-05-29,570.84,573.83,557.7,564.42,0.0,0.0,0.0,0.0,0.0,0.0,-1.1246583981501073,0.02892235969159045,0,0.0,0.0,0.0,0.0
BTC,2014-05-30,564.42,613.26,564.02,612.35,0.0,0.0,0.0,0.0,0.0,0.0,8.491903192657961,0.08730186872805931,0,0.0,0.0,0.0,0.0
BTC,2014-05-31,612.35,629.04,604.73,627.91,0.0,0.0,0.0,0.0,0.0,0.0,2.5410304564383024,0.040199758569940215,0,0.0,0.0,0.0,0.0
BTC,2014-06-01,627.91,674.98,621.95,649.79,0.0,0.0,0.0,0.0,0.0,0.0,3.4845758150053348,0.08526408875311516,0,0.0,0.0,0.0,0.0
BTC,2014-06-02,649.79,662.63,625.46,655.49,0.0,0.0,0.0,0.0,0.0,0.0,0.8772064820942221,0.05942826080005109,0,0.0,0.0,0.0,0.0
BTC,2014-06-03,655.49,676.47,631.42,669.43,0.0,0.0,0.0,0.0,0.0,0.0,2.126653343300423,0.07134712235912716,0,0.0,0.0,0.0,0.0
BTC,2014-06-04,669.43,669.78,602.1,638.93,0.0,0.0,0.0,0.0,0.0,0.0,-4.5561149037240645,0.11240657698056793,0,0.0,0.0,0.0,0.0
BTC,2014-06-05,638.93,665.39,635.59,660.18,0.0,0.0,0.0,0.0,0.0,0.0,3.325872943827963,0.04688557088689242,0,0.0,0.0,0.0,0.0
BTC,2014-06-06,660.18,663.84,647.12,650.41,0.0,0.0,0.0,0.0,0.0,0.0,-1.4798994213699268,0.025837557176412455,0,0.0,0.0,0.0,0.0
BTC,2014-06-07,650.41,659.77,641.02,651.67,0.0,0.0,0.0,0.0,0.0,0.0,0.19372395873372042,0.02925025740226514,0,0.0,0.0,0.0,0.0
BTC,2014-06-08,651.67,658.88,648.67,651.05,0.0,0.0,0.0,0.0,0.0,0.0,-0.09514017831110909,0.0157398985616724,0,0.0,0.0,0.0,0.0
BTC,2014-06-09,651.05,652.12,639.08,644.35,0.0,0.0,0.0,0.0,0.0,0.0,-1.0291068274325985,0.020404331226137516,0,0.0,0.0,0.0,0.0
BTC,2014-06-10,644.35,661.44,641.68,655.62,0.0,0.0,0.0,0.0,0.0,0.0,1.7490494296577916,0.030794165316045546,0,0.0,0.0,0.0,0.0
BTC,2014-06-11,655.62,663.04,642.28,642.95,0.0,0.0,0.0,0.0,0.0,0.0,-1.9325218876788322,0.03232235162234538,0,0.0,0.0,0.0,0.0
BTC,2014-06-12,642.95,643.8,591.12,597.13,0.0,0.0,0.0,0.0,0.0,0.0,-7.126526168442343,0.0891189606171335,0,0.0,0.0,0.0,0.0
BTC,2014-06-13,597.13,619.14,594.87,610.35,0.0,0.0,0.0,0.0,0.0,0.0,2.2139232662904273,0.04079882999646978,0,0.0,0.0,0.0,0.0
BTC,2014-06-14,610.35,613.77,563.68,583.42,0.0,0.0,0.0,0.0,0.0,0.0,-4.412222495289598,0.08886247516321323,0,0.0,0.0,0.0,0.0
BTC,2014-06-15,583.42,587.83,560.85,582.29,0.0,0.0,0.0,0.0,0.0,0.0,-0.19368550958143285,0.04810555406971564,0,0.0,0.0,0.0,0.0
BTC,2014-06-16,582.29,606.14,580.45,599.08,0.0,0.0,0.0,0.0,0.0,0.0,2.8834429579762797,0.04425876475148581,0,0.0,0.0,0.0,0.0
BTC,2014-06-17,599.08,608.43,594.86,605.09,0.0,0.0,0.0,0.0,0.0,0.0,1.0032049142017745,0.022812090239720164,0,0.0,0.0,0.0,0.0
BTC,2014-06-18,605.09,614.4,603.61,606.21,0.0,0.0,0.0,0.0,0.0,0.0,0.18509643193574582,0.017875780719338586,0,0.0,0.0,0.0,0.0
BTC,2014-06-19,606.21,612.58,598.67,600.17,0.0,0.0,0.0,0.0,0.0,0.0,-0.9963543986407478,0.023234837222510036,0,0.0,0.0,0.0,0.0
BTC,2014-06-20,600.17,602.05,587.1,590.75,0.0,0.0,0.0,0.0,0.0,0.0,-1.569555292667071,0.025464145801396578,0,0.0,0.0,0.0,0.0
BTC,2014-06-21,590.75,599.21,584.82,597.04,0.0,0.0,0.0,0.0,0.0,0.0,1.0647482014388427,0.024605861632639076,0,0.0,0.0,0.0,0.0
BTC,2014-06-22,597.04,610.08,591.99,603.62,0.0,0.0,0.0,0.0,0.0,0.0,1.102103711644118,0.03055794861399691,0,0.0,0.0,0.0,0.0
BTC,2014-06-23,603.62,604.65,582.86,591.17,0.0,0.0,0.0,0.0,0.0,1.0,-2.06255591266029,0.037384620663624135,1,1.0,0.0,0.0,0.0
BTC,2014-06-24,591.17,595.65,585.41,588.77,0.0,0.0,0.0,1.0,0.0,2.0,-0.40597459275673287,0.017492014143933327,1,3.0,1.0,0.0,0.0
BTC,2014-06-25,588.77,589.56,566.88,568.45,0.0,0.0,0.0,0.0,0.0,0.0,-3.4512628021128684,0.04000846740050796,0,0.0,1.0,1.0,0.0
BTC,2014-06-26,568.45,582.71,565.85,582.7,0.0,0.0,0.0,1.0,0.0,2.0,2.50681678247867,0.029795882300963177,1,3.0,0.0,1.0,1.0
BTC,2014-06-27,582.7,603.94,580.14,602.23,0.0,0.0,0.0,0.0,0.0,0.0,3.3516389222584473,0.04102458027372715,0,0.0,1.0,0.0,1.0
BTC,2014-06-28,602.23,608.76,593.97,597.56,0.0,0.0,0.0,0.0,0.0,0.0,-0.7754512395596488,0.024900247487246768,0,0.0,0.0,1.0,0.0
BTC,2014-06-29,597.56,604.28,593.19,601.06,0.0,0.0,0.0,1.0,0.0,1.0,0.5857152419840685,0.018695527571267075,1,2.0,0.0,0.0,1.0
BTC,2014-06-30,601.06,637.28,596.55,635.14,0.0,0.0,0.0,0.0,0.0,0.0,5.669983029980375,0.06827591987260083,0,0.0,1.0,0.0,0.0
BTC,2014-07-01,635.14,652.54,634.09,643.19,0.0,0.0,0.0,0.0,0.0,0.0,1.2674371004817944,0.02909681590941338,0,0.0,0.0,1.0,0.0
BTC,2014-07-02,643.19,652.1,604.58,645.72,0.0,0.0,0.0,0.0,0.0,1.0,0.39335188668977633,0.07860001984848983,1,1.0,0.0,0.0,1.0
BTC,2014-07-03,645.72,646.4,633.58,638.03,0.0,0.0,0.0,0.0,0.0,1.0,-1.1909186644366063,0.020234224565169254,1,1.0,1.0,0.0,0.0
BTC,2014-07-04,638.03,642.22,623.04,623.96,0.0,0.0,0.0,0.0,0.0,1.0,-2.205225459617876,0.030784540318438726,1,1.0,1.0,1.0,0.0
BTC,2014-07-05,623.96,627.8,619.69,622.96,0.0,0.0,0.0,0.0,0.0,0.0,-0.16026668376177958,0.013087188755667995,0,0.0,1.0,1.0,1.0
BTC,2014-07-06,622.96,629.44,622.65,626.65,0.0,0.0,0.0,0.0,0.0,0.0,0.5923333761397105,0.01090500281056786,0,0.0,0.0,1.0,1.0
BTC,2014-07-07,626.65,627.93,607.32,613.6,0.0,0.0,0.0,0.0,0.0,1.0,-2.0825021942072857,0.03393598103141655,1,1.0,0.0,0.0,1.0
BTC,2014-07-08,613.6,619.65,609.35,615.32,0.0,0.0,0.0,0.0,0.0,0.0,0.28031290743155596,0.01690325756954124,0,0.0,1.0,0.0,0.0
BTC,2014-07-09,615.32,623.82,610.53,623.0,0.0,0.0,0.0,0.0,0.0,0.0,1.2481310537606367,0.021767972089823725,0,0.0,0.0,1.0,0.0
BTC,2014-07-10,623.0,624.95,611.66,618.39,0.0,0.0,0.0,0.0,0.0,0.0,-0.7399678972712703,0.021727757250760354,0,0.0,0.0,0.0,1.0
BTC,2014-07-11,618.39,633.62,616.11,632.9,0.0,0.0,0.0,0.0,0.0,0.0,2.3464156923624238,0.02842024963074774,0,0.0,0.0,0.0,0.0
BTC,2014-07-12,632.9,638.59,625.9,635.9,0.0,0.0,0.0,0.0,0.0,0.0,0.4740085321535788,0.020274804281834247,0,0.0,0.0,0.0,0.0
BTC,2014-07-13,635.9,638.64,627.54,628.03,0.0,0.0,0.0,0.0,0.0,0.0,-1.2376159773549307,0.017688115498613672,0,0.0,0.0,0.0,0.0
BTC,2014-07-14,628.03,628.99,616.06,618.32,0.0,0.0,0.0,0.0,0.0,0.0,-1.5461044854545043,0.02098821543356177,0,0.0,0.0,0.0,0.0
BTC,2014-07-15,618.32,624.42,617.3,619.6,0.0,0.0,0.0,0.0,0.0,0.0,0.20701255013584755,0.01153410011339706,0,0.0,0.0,0.0,0.0
BTC,2014-07-16,619.6,622.36,614.15,614.8,0.0,0.0,0.0,0.0,0.0,0.0,-0.7746933505487521,0.013368069689815252,0,0.0,0.0,0.0,0.0
BTC,2014-07-17,614.8,632.55,610.01,626.58,0.0,0.0,0.0,0.0,0.0,0.0,1.91607026675343,0.03695021393091911,0,0.0,0.0,0.0,0.0
BTC,2014-07-18,626.58,630.15,617.92,627.47,0.0,0.0,0.0,0.0,0.0,0.0,0.14204092055284023,0.019792206110823437,0,0.0,0.0,0.0,0.0
BTC,2014-07-19,627.47,634.14,625.14,627.04,0.0,0.0,0.0,0.0,0.0,0.0,-0.06852917270946239,0.014396775122372588,0,0.0,0.0,0.0,0.0
BTC,2014-07-20,627.04,627.93,619.96,620.98,0.0,0.0,0.0,0.0,0.0,0.0,-0.9664455218167814,0.012855668107619705,0,0.0,0.0,0.0,0.0
BTC,2014-07-21,620.98,625.93,615.02,625.13,0.0,0.0,0.0,0.0,0.0,0.0,0.668298495925791,0.017739260511853223,0,0.0,0.0,0.0,0.0
BTC,2014-07-22,625.13,628.81,620.0,622.53,0.0,0.0,0.0,0.0,0.0,0.0,-0.41591348999408484,0.014209677419354751,0,0.0,0.0,0.0,0.0
BTC,2014-07-23,622.53,624.99,621.0,621.69,0.0,0.0,0.0,0.0,0.0,0.0,-0.13493325622860236,0.006425120772946874,0,0.0,0.0,0.0,0.0
BTC,2014-07-24,621.69,621.96,599.38,601.87,0.0,0.0,0.0,0.0,0.0,0.0,-3.1880840933584342,0.037672261336714676,0,0.0,0.0,0.0,0.0
BTC,2014-07-25,601.87,609.06,597.4,600.5,0.0,0.0,0.0,0.0,0.0,0.0,-0.22762390549454278,0.01951791094743885,0,0.0,0.0,0.0,0.0
BTC,2014-07-26,600.5,602.98,593.25,596.0,0.0,0.0,0.0,0.0,0.0,0.0,-0.7493755203996669,0.016401179941002982,0,0.0,0.0,0.0,0.0
BTC,2014-07-27,596.0,601.49,593.69,595.03,0.0,0.0,0.0,0.0,0.0,0.0,-0.16275167785235356,0.01313816975189064,0,0.0,0.0,0.0,0.0
BTC,2014-07-28,595.03,597.49,578.14,587.93,0.0,0.0,0.0,0.0,0.0,0.0,-1.1932171487151948,0.03346940187497842,0,0.0,0.0,0.0,0.0
BTC,2014-07-29,587.93,591.28,579.53,585.77,0.0,0.0,0.0,0.0,0.0,0.0,-0.36739067576071444,0.020275050471934154,0,0.0,0.0,0.0,0.0
BTC,2014-07-30,585.77,586.13,564.18,564.64,0.0,0.0,0.0,0.0,0.0,0.0,-3.6072178500093885,0.03890602290049283,0,0.0,0.0,0.0,0.0
BTC,2014-07-31,564.64,593.73,564.01,589.52,0.0,0.0,0.0,0.0,0.0,0.0,4.406347407197505,0.05269410116841905,0,0.0,0.0,0.0,0.0
BTC,2014-08-01,589.52,603.99,586.43,598.78,0.0,0.0,0.0,0.0,0.0,0.0,1.5707694395440346,0.0299438978224171,0,0.0,0.0,0.0,0.0
BTC,2014-08-02,598.78,598.91,587.42,591.72,0.0,0.0,0.0,0.0,0.0,0.0,-1.1790640969972186,0.01956011031289369,0,0.0,0.0,0.0,0.0
BTC,2014-08-03,591.72,592.06,580.62,588.94,0.0,0.0,0.0,0.0,0.0,0.0,-0.46981680524571967,0.01970307602218308,0,0.0,0.0,0.0,0.0
BTC,2014-08-04,588.94,595.09,586.49,592.77,0.0,0.0,0.0,0.0,0.0,0.0,0.6503209155431668,0.014663506624153904,0,0.0,0.0,0.0,0.0
BTC,2014-08-05,592.77,594.25,585.44,588.76,0.0,0.0,0.0,0.0,0.0,0.0,-0.6764849773099163,0.015048510522000453,0,0.0,0.0,0.0,0.0
BTC,2014-08-06,588.76,593.79,587.2,589.77,0.0,0.0,0.0,0.0,0.0,0.0,0.17154698009375483,0.01122275204359659,0,0.0,0.0,0.0,0.0
BTC,2014-08-07,589.77,595.08,587.92,592.8,0.0,0.0,0.0,0.0,0.0,0.0,0.5137596012004634,0.012178527690842432,0,0.0,0.0,0.0,0.0
BTC,2014-08-08,592.8,608.2,592.08,595.85,0.0,0.0,0.0,0.0,0.0,0.0,0.5145074224021707,0.027226050533711667,0,0.0,0.0,0.0,0.0
BTC,2014-08-09,595.85,595.85,587.41,589.52,0.0,0.0,0.0,0.0,0.0,0.0,-1.0623479063522767,0.01436815852641265,0,0.0,0.0,0.0,0.0
BTC,2014-08-10,589.52,596.64,588.06,592.06,0.0,0.0,0.0,0.0,0.0,0.0,0.4308590039353989,0.014590347923681328,0,0.0,0.0,0.0,0.0
BTC,2014-08-11,592.06,593.62,571.72,575.89,0.0,0.0,0.0,0.0,0.0,0.0,-2.7311421139749283,0.0383054642132512,0,0.0,0.0,0.0,0.0
BTC,2014-08-12,575.89,578.29,561.98,567.66,0.0,0.0,0.0,0.0,0.0,0.0,-1.4290923613884627,0.02902238513826105,0,0.0,0.0,0.0,0.0
BTC,2014-08-13,567.66,573.51,523.15,542.1,0.0,0.0,0.0,0.0,0.0,0.0,-4.502695275340864,0.09626302207779798,0,0.0,0.0,0.0,0.0
BTC,2014-08-14,542.1,544.94,495.94,504.8,0.0,0.0,0.0,0.0,0.0,0.0,-6.8806493266924935,0.09880227446868585,0,0.0,0.0,0.0,0.0
BTC,2014-08-15,504.8,515.24,483.21,496.45,0.0,0.0,0.0,0.0,0.0,0.0,-1.6541204437400994,0.06628587984520194,0,0.0,0.0,0.0,0.0
BTC,2014-08-16,496.45,524.25,483.24,522.01,0.0,0.0,0.0,0.0,0.0,0.0,5.148554738644376,0.08486466352123166,0,0.0,0.0,0.0,0.0
BTC,2014-08-17,522.01,524.71,478.22,485.5,0.0,0.0,0.0,0.0,0.0,0.0,-6.994118886611365,0.0972146710718916,0,0.0,0.0,0.0,0.0
BTC,2014-08-18,485.5,493.26,449.95,462.18,0.0,0.0,0.0,0.0,0.0,0.0,-4.803295571575694,0.09625513945994,0,0.0,0.0,0.0,0.0
BTC,2014-08-19,462.18,487.05,455.8,485.12,0.0,0.0,0.0,0.0,0.0,0.0,4.96343415985114,0.06856077226853884,0,0.0,0.0,0.0,0.0
BTC,2014-08-20,485.12,521.84,468.51,516.78,0.0,0.0,0.0,0.0,0.0,0.0,6.526220316622684,0.1138289470875756,0,0.0,0.0,0.0,0.0
BTC,2014-08-21,516.78,537.17,511.36,517.94,0.0,0.0,0.0,0.0,0.0,0.0,0.22446689113357365,0.050473247809762097,0,0.0,0.0,0.0,0.0
BTC,2014-08-22,517.94,524.44,500.57,516.1,0.0,0.0,0.0,0.0,0.0,0.0,-0.3552535042669096,0.04768563837225575,0,0.0,0.0,0.0,0.0
BTC,2014-08-23,516.1,516.82,493.98,497.68,0.0,0.0,0.0,0.0,0.0,0.0,-3.5690757605115317,0.046236689744524134,0,0.0,0.0,0.0,0.0
BTC,2014-08-24,497.68,514.82,496.81,509.71,0.0,0.0,0.0,0.0,0.0,0.0,2.417215881691041,0.036251283186731445,0,0.0,0.0,0.0,0.0
BTC,2014-08-25,509.71,511.33,499.71,502.93,0.0,0.0,0.0,0.0,0.0,0.0,-1.3301681348217562,0.023253487022473044,0,0.0,0.0,0.0,0.0
BTC,2014-08-26,502.93,516.04,501.81,512.56,0.0,0.0,0.0,0.0,0.0,0.0,1.9147793927584236,0.028357346406010165,0,0.0,0.0,0.0,0.0
BTC,2014-08-27,512.56,527.37,512.56,515.23,0.0,0.0,0.0,0.0,0.0,0.0,0.5209146246293259,0.028894178242547332,0,0.0,0.0,0.0,0.0
BTC,2014-08-28,515.23,521.59,503.34,510.75,0.0,0.0,0.0,0.0,0.0,0.0,-0.8695145857190029,0.03625779790996157,0,0.0,0.0,0.0,0.0
BTC,2014-08-29,510.75,515.18,506.69,512.56,0.0,0.0,0.0,0.0,0.0,0.0,0.35438081253058157,0.016755807298348007,0,0.0,0.0,0.0,0.0
BTC,2014-08-30,512.56,512.91,503.12,505.96,0.0,0.0,0.0,0.0,0.0,0.0,-1.2876541282971685,0.019458578470344975,0,0.0,0.0,0.0,0.0
BTC,2014-08-31,505.96,508.34,478.31,481.78,0.0,0.0,0.0,0.0,0.0,0.0,-4.779033915724565,0.06278355041709346,0,0.0,0.0,0.0,0.0
BTC,2014-09-01,481.78,487.47,471.78,477.19,0.0,0.0,0.0,0.0,0.0,0.0,-0.9527170077628742,0.0332570265801858,0,0.0,0.0,0.0,0.0
BTC,2014-09-02,477.19,486.99,470.54,478.94,0.0,0.0,0.0,0.0,0.0,0.0,0.3667302332404283,0.034959833382921725,0,0.0,0.0,0.0,0.0
BTC,2014-09-03,478.94,487.29,476.82,480.04,0.0,0.0,0.0,0.0,0.0,0.0,0.22967386311438234,0.021957971561595627,0,0.0,0.0,0.0,0.0
BTC,2014-09-04,480.04,498.47,476.26,490.99,0.0,0.0,0.0,0.0,0.0,0.0,2.2810599116740247,0.0466341914080545,0,0.0,0.0,0.0,0.0
BTC,2014-09-05,490.99,495.02,483.07,483.65,0.0,0.0,0.0,0.0,0.0,0.0,-1.494938797124184,0.024737615666466536,0,0.0,0.0,0.0,0.0
BTC,2014-09-06,483.65,491.38,480.79,484.47,0.0,0.0,0.0,0.0,0.0,0.0,0.16954409180193322,0.02202624846606621,0,0.0,0.0,0.0,0.0
BTC,2014-09-07,484.47,490.72,478.49,485.75,0.0,0.0,0.0,0.0,0.0,0.0,0.26420624600077874,0.02555957282283855,0,0.0,0.0,0.0,0.0
BTC,2014-09-08,485.75,487.02,469.5,475.69,0.0,0.0,0.0,0.0,0.0,0.0,-2.0710241893978387,0.03731629392971242,0,0.0,0.0,0.0,0.0
BTC,2014-09-09,475.69,478.6,467.52,474.9,0.0,0.0,0.0,0.0,0.0,0.0,-0.16607454434611207,0.02369952087611234,0,0.0,0.0,0.0,0.0
BTC,2014-09-10,474.9,491.04,471.57,479.7,0.0,0.0,0.0,0.0,0.0,0.0,1.0107391029690485,0.041287613715885296,0,0.0,0.0,0.0,0.0
BTC,2014-09-11,479.7,488.92,474.57,478.49,0.0,0.0,0.0,0.0,0.0,0.0,-0.25224098394829675,0.030237899572244396,0,0.0,0.0,0.0,0.0
BTC,2014-09-12,478.49,479.71,471.14,477.73,0.0,0.0,0.0,0.0,0.0,0.0,-0.1588329954648981,0.018189922316084378,0,0.0,0.0,0.0,0.0
BTC,2014-09-13,477.73,480.64,474.64,478.17,0.0,0.0,0.0,0.0,0.0,0.0,0.09210223347916138,0.012641159615708749,0,0.0,0.0,0.0,0.0
BTC,2014-09-14,478.17,480.33,471.96,477.74,0.0,0.0,0.0,0.0,0.0,0.0,-0.08992617688270005,0.017734553775743716,0,0.0,0.0,0.0,0.0
BTC,2014-09-15,477.74,479.28,473.7,477.71,0.0,0.0,0.0,0.0,0.0,0.0,-0.006279566291294335,0.011779607346421753,0,0.0,0.0,0.0,0.0
BTC,2014-09-16,477.71,478.81,463.95,466.75,0.0,0.0,0.0,0.0,0.0,0.0,-2.2942789558518726,0.03202931350361033,0,0.0,0.0,0.0,0.0
BTC,2014-09-17,466.75,469.39,458.27,461.09,0.0,0.0,0.0,0.0,0.0,0.0,-1.2126405998928815,0.024265171187291344,0,0.0,0.0,0.0,0.0
BTC,2014-09-18,461.09,462.26,408.77,424.26,0.0,0.0,0.0,0.0,0.0,0.0,-7.9875946127654,0.13085598258189204,0,0.0,0.0,0.0,0.0
BTC,2014-09-19,424.26,429.17,386.1,397.67,0.0,0.0,0.0,0.0,0.0,0.0,-6.267383208409931,0.11155141155141153,0,0.0,0.0,0.0,0.0
BTC,2014-09-20,397.67,427.69,387.5,411.53,0.0,0.0,0.0,0.0,0.0,0.0,3.485301883471209,0.10371612903225806,0,0.0,0.0,0.0,0.0
BTC,2014-09-21,411.53,415.07,394.52,401.62,0.0,0.0,0.0,0.0,0.0,0.0,-2.4080868952445678,0.052088614011963935,0,0.0,0.0,0.0,0.0
BTC,2014-09-22,401.62,410.75,398.6,404.09,0.0,0.0,0.0,0.0,0.0,0.0,0.6150092126886038,0.030481685900652224,0,0.0,0.0,0.0,0.0
BTC,2014-09-23,404.09,445.51,394.75,436.86,0.0,0.0,0.0,0.0,0.0,0.0,8.109579549110357,0.12858771374287523,0,0.0,0.0,0.0,0.0
BTC,2014-09-24,436.86,439.19,422.1,423.77,0.0,0.0,0.0,0.0,0.0,0.0,-2.9963832806848947,0.04048803601042401,0,0.0,0.0,0.0,0.0
BTC,2014-09-25,423.77,427.55,409.56,412.29,0.0,0.0,0.0,0.0,0.0,0.0,-2.7090166835783474,0.043925188006641296,0,0.0,0.0,0.0,0.0
BTC,2014-09-26,412.29,416.42,399.7,404.46,0.0,0.0,0.0,0.0,0.0,0.0,-1.8991486574983725,0.04183137353014768,0,0.0,0.0,0.0,0.0
BTC,2014-09-27,404.46,407.07,394.69,399.02,0.0,0.0,0.0,0.0,0.0,0.0,-1.3450032141620922,0.03136638881147228,0,0.0,0.0,0.0,0.0
BTC,2014-09-28,399.02,402.27,374.12,379.08,0.0,0.0,0.0,0.0,0.0,0.0,-4.997243245952584,0.07524323746391526,0,0.0,0.0,0.0,0.0
BTC,2014-09-29,379.08,389.26,372.63,376.77,0.0,0.0,0.0,0.0,0.0,0.0,-0.6093700538144989,0.04462872017819283,0,0.0,0.0,0.0,0.0
BTC,2014-09-30,376.77,395.18,374.73,388.17,0.0,0.0,0.0,0.0,0.0,0.0,3.0257186081694494,0.05457262562378242,0,0.0,0.0,0.0,0.0
BTC,2014-10-01,388.17,395.13,381.11,382.84,0.0,0.0,0.0,0.0,0.0,0.0,-1.3731097199680657,0.0367872792632048,0,0.0,0.0,0.0,0.0
BTC,2014-10-02,382.84,385.59,371.2,375.14,0.0,0.0,0.0,0.0,0.0,0.0,-2.011284087347192,0.038766163793103416,0,0.0,0.0,0.0,0.0
BTC,2014-10-03,375.14,378.22,362.81,363.45,0.0,0.0,0.0,0.0,0.0,0.0,-3.116169963213733,0.042474022215484755,0,0.0,0.0,0.0,0.0
BTC,2014-10-04,363.45,369.88,327.1,335.32,0.0,0.0,0.0,0.0,0.0,0.0,-7.739716604759939,0.13078569244879232,0,0.0,0.0,0.0,0.0
BTC,2014-10-05,335.32,344.25,294.92,322.86,0.0,0.0,0.0,0.0,0.0,0.0,-3.7158535130621435,0.16726569917265693,0,0.0,0.0,0.0,0.0
BTC,2014-10-06,322.86,347.94,303.05,331.55,0.0,0.0,0.0,0.0,0.0,0.0,2.691569101158396,0.1481273717208381,0,0.0,0.0,0.0,0.0
BTC,2014-10-07,331.55,345.51,321.74,331.65,0.0,0.0,0.0,0.0,0.0,0.0,0.03016136329361058,0.07387953005532412,0,0.0,0.0,0.0,0.0
BTC,2014-10-08,331.65,351.64,325.43,350.87,0.0,0.0,0.0,0.0,0.0,0.0,5.795266093773565,0.08053959376824503,0,0.0,0.0,0.0,0.0
BTC,2014-10-09,350.87,384.61,347.57,360.91,0.0,0.0,0.0,0.0,0.0,0.0,2.861458659902534,0.10656846102943299,0,0.0,0.0,0.0,0.0
BTC,2014-10-10,360.91,378.13,353.32,361.71,0.0,0.0,0.0,0.0,0.0,0.0,0.22166191017149828,0.07021963092946905,0,0.0,0.0,0.0,0.0
BTC,2014-10-11,361.71,370.15,350.49,361.22,0.0,0.0,0.0,0.0,0.0,0.0,-0.13546763982194363,0.05609289851350956,0,0.0,0.0,0.0,0.0
BTC,2014-10-12,361.22,374.57,352.25,373.17,0.0,0.0,0.0,0.0,0.0,0.0,3.308233209678309,0.06336408800567776,0,0.0,0.0,0.0,0.0
BTC,2014-10-13,373.17,391.22,366.04,387.32,0.0,0.0,0.0,0.0,0.0,0.0,3.7918375003349616,0.0687902961424981,0,0.0,0.0,0.0,0.0
BTC,2014-10-14,387.32,407.74,385.72,397.1,0.0,0.0,0.0,0.0,0.0,0.0,2.5250438913559923,0.057088043140101574,0,0.0,0.0,0.0,0.0
BTC,2014-10-15,397.1,397.87,388.23,393.17,0.0,0.0,0.0,0.0,0.0,0.0,-0.9896751447998002,0.024830641629961583,0,0.0,0.0,0.0,0.0
BTC,2014-10-16,393.17,398.84,371.56,379.77,0.0,0.0,0.0,0.0,0.0,0.0,-3.408194928402481,0.07342017439982768,0,0.0,0.0,0.0,0.0
BTC,2014-10-17,379.77,384.76,372.42,380.48,0.0,0.0,0.0,0.0,0.0,0.0,0.18695526239567012,0.03313463294130276,0,0.0,0.0,0.0,0.0
BTC,2014-10-18,380.48,395.71,373.58,390.88,0.0,0.0,0.0,0.0,0.0,0.0,2.73338940285954,0.059237646554954754,0,0.0,0.0,0.0,0.0
BTC,2014-10-19,390.88,394.49,383.92,387.28,0.0,0.0,0.0,0.0,0.0,0.0,-0.9209987720016432,0.027531777453636157,0,0.0,0.0,0.0,0.0
BTC,2014-10-20,387.28,387.77,378.42,380.39,0.0,0.0,0.0,0.0,0.0,0.0,-1.7790745713695484,0.024707996406109524,0,0.0,0.0,0.0,0.0
BTC,2014-10-21,380.39,388.24,377.42,382.35,0.0,0.0,0.0,0.0,0.0,0.0,0.5152606535397978,0.02866832706268876,0,0.0,0.0,0.0,0.0
BTC,2014-10-22,382.35,383.69,376.97,378.93,0.0,0.0,0.0,0.0,0.0,0.0,-0.8944684189878425,0.017826352229620316,0,0.0,0.0,0.0,0.0
BTC,2014-10-23,378.93,381.08,353.48,355.78,0.0,0.0,0.0,0.0,0.0,0.0,-6.109307787718057,0.07808079665044688,0,0.0,0.0,0.0,0.0
BTC,2014-10-24,355.78,360.87,351.41,355.1,0.0,0.0,0.0,0.0,0.0,0.0,-0.19112934959805217,0.02692012179505415,0,0.0,0.0,0.0,0.0
BTC,2014-10-25,355.1,356.57,341.53,346.72,0.0,0.0,0.0,0.0,0.0,0.0,-2.359898620107011,0.04403712704594039,0,0.0,0.0,0.0,0.0
BTC,2014-10-26,346.72,356.8,344.19,348.67,0.0,0.0,0.0,0.0,0.0,0.0,0.5624134748500198,0.036636741334727954,0,0.0,0.0,0.0,0.0
BTC,2014-10-27,348.67,356.35,344.93,350.09,0.0,0.0,0.0,0.0,0.0,0.0,0.40726188086154785,0.033108166874438336,0,0.0,0.0,0.0,0.0
BTC,2014-10-28,350.09,355.72,348.27,351.06,0.0,0.0,0.0,0.0,0.0,0.0,0.2770716101573959,0.021391449163005845,0,0.0,0.0,0.0,0.0
BTC,2014-10-29,351.06,352.83,334.72,335.12,0.0,0.0,0.0,0.0,0.0,0.0,-4.540534381587193,0.0541049235181643,0,0.0,0.0,0.0,0.0
BTC,2014-10-30,335.12,350.38,333.44,344.86,0.0,0.0,0.0,0.0,0.0,0.0,2.906421580329437,0.05080374280230326,0,0.0,0.0,0.0,0.0
BTC,2014-10-31,344.86,347.97,336.08,337.87,0.0,0.0,0.0,0.0,0.0,0.0,-2.0269094705097745,0.035378481313973,0,0.0,0.0,0.0,0.0
BTC,2014-11-01,337.87,339.0,320.74,325.43,0.0,0.0,0.0,0.0,0.0,0.0,-3.681889484121111,0.05693084741535197,0,0.0,0.0,0.0,0.0
BTC,2014-11-02,325.43,329.76,319.81,322.55,0.0,0.0,0.0,0.0,0.0,0.0,-0.8849829456411502,0.03111222288233635,0,0.0,0.0,0.0,0.0
BTC,2014-11-03,322.55,332.85,321.67,324.24,0.0,0.0,0.0,0.0,0.0,0.0,0.5239497752286459,0.0347561165169273,0,0.0,0.0,0.0,0.0
BTC,2014-11-04,324.24,328.75,320.11,327.96,0.0,0.0,0.0,0.0,0.0,0.0,1.1472982975573558,0.02699072193933331,0,0.0,0.0,0.0,0.0
BTC,2014-11-05,327.96,341.98,326.52,338.01,0.0,0.0,0.0,0.0,0.0,0.0,3.064398097328946,0.04734778880313622,0,0.0,0.0,0.0,0.0
BTC,2014-11-06,338.01,351.14,335.74,347.67,0.0,0.0,0.0,0.0,0.0,0.0,2.8579036123191695,0.04586882706856489,0,0.0,0.0,0.0,0.0
BTC,2014-11-07,347.67,351.61,340.18,341.87,0.0,0.0,0.0,0.0,0.0,0.0,-1.668248626571177,0.03359985889823037,0,0.0,0.0,0.0,0.0
BTC,2014-11-08,341.87,346.29,339.8,343.54,0.0,0.0,0.0,0.0,0.0,0.0,0.48848977681575334,0.01909947027663334,0,0.0,0.0,0.0,0.0
BTC,2014-11-09,343.54,362.21,341.78,362.04,0.0,1.0,0.0,0.0,0.0,0.0,5.385107993246783,0.05977529404880335,1,1.0,0.0,0.0,0.0
BTC,2014-11-10,362.04,374.67,356.6,367.15,0.0,0.0,0.0,0.0,0.0,0.0,1.411446249033244,0.050673022994952306,0,0.0,1.0,0.0,0.0
BTC,2014-11-11,367.15,370.99,361.87,365.42,0.0,0.0,0.0,0.0,0.0,0.0,-0.47119705842297743,0.02520242075883606,0,0.0,0.0,1.0,0.0
BTC,2014-11-12,365.42,442.73,365.42,432.03,0.0,0.0,0.0,0.0,0.0,0.0,18.228339992337574,0.21156477477970553,0,0.0,0.0,0.0,1.0
BTC,2014-11-13,432.03,480.45,390.88,428.72,0.0,0.0,0.0,0.0,0.0,0.0,-0.7661504988079406,0.2291496111338518,0,0.0,0.0,0.0,0.0
BTC,2014-11-14,428.72,430.18,381.99,396.53,0.0,0.0,0.0,0.0,0.0,1.0,-7.508397089009156,0.12615513495117672,1,1.0,0.0,0.0,0.0
BTC,2014-11-15,396.53,407.32,367.97,374.86,0.0,0.0,0.0,0.0,0.0,0.0,-5.464908077572935,0.10693806560317407,0,0.0,1.0,0.0,0.0
BTC,2014-11-16,374.86,390.36,370.54,385.61,0.0,0.0,0.0,0.0,0.0,0.0,2.867737288587739,0.05348950180817184,0,0.0,0.0,1.0,0.0
BTC,2014-11-17,385.61,412.33,378.32,384.69,0.0,0.0,0.0,0.0,0.0,0.0,-0.23858302429916647,0.08989744131951785,0,0.0,0.0,0.0,1.0
BTC,2014-11-18,384.69,394.94,371.95,379.16,0.0,0.0,0.0,0.0,0.0,0.0,-1.4375211209025378,0.061809382981583574,0,0.0,0.0,0.0,0.0
BTC,2014-11-19,379.16,389.29,374.26,381.43,0.0,0.0,0.0,0.0,0.0,0.0,0.5986918451313381,0.04015924758189502,0,0.0,0.0,0.0,0.0
BTC,2014-11-20,381.43,383.03,355.11,357.3,0.0,0.0,0.0,0.0,0.0,1.0,-6.326193534855673,0.07862352510489695,1,1.0,0.0,0.0,0.0
BTC,2014-11-21,357.3,358.73,343.8,351.77,0.0,0.0,0.0,0.0,0.0,0.0,-1.5477190036384072,0.04342641070389763,0,0.0,1.0,0.0,0.0
BTC,2014-11-22,351.77,364.21,350.51,352.01,0.0,0.0,0.0,0.0,0.0,0.0,0.06822639793046852,0.03908590339790588,0,0.0,0.0,1.0,0.0
BTC,2014-11-23,352.01,370.59,352.01,365.85,0.0,0.0,0.0,0.0,0.0,0.0,3.931706485611213,0.05278259140365326,0,0.0,0.0,0.0,1.0
BTC,2014-11-24,365.85,388.72,361.92,378.85,0.0,0.0,0.0,1.0,0.0,1.0,3.5533688670220034,0.07404951370468614,1,2.0,0.0,0.0,0.0
BTC,2014-11-25,378.85,395.73,370.64,376.43,0.0,0.0,0.0,0.0,0.0,0.0,-0.638775240860503,0.06769371897258804,0,0.0,1.0,0.0,0.0
BTC,2014-11-26,376.43,378.27,363.99,365.35,0.0,0.0,0.0,0.0,0.0,0.0,-2.943442339877264,0.03923184702876445,0,0.0,0.0,1.0,0.0
BTC,2014-11-27,365.35,374.43,364.81,368.83,0.0,0.0,0.0,0.0,0.0,0.0,0.952511290543304,0.026369891176228732,0,0.0,0.0,0.0,1.0
BTC,2014-11-28,368.83,383.25,358.37,377.59,0.0,0.0,0.0,0.0,0.0,0.0,2.3750779491906817,0.0694254541395764,0,0.0,0.0,0.0,0.0
BTC,2014-11-29,377.59,389.3,372.21,376.28,0.0,0.0,0.0,0.0,0.0,0.0,-0.34693715405598724,0.04591494049058336,0,0.0,0.0,0.0,0.0
BTC,2014-11-30,376.28,381.06,372.57,374.93,0.0,0.0,0.0,0.0,0.0,0.0,-0.3587753800361343,0.022787664063129102,0,0.0,0.0,0.0,0.0
BTC,2014-12-01,374.93,383.58,373.02,378.61,0.0,0.0,0.0,0.0,0.0,0.0,0.9815165497559561,0.028309474022840606,0,0.0,0.0,0.0,0.0
BTC,2014-12-02,378.61,384.87,375.37,380.64,0.0,0.0,1.0,0.0,0.0,1.0,0.5361717862708256,0.025308362415749793,1,2.0,0.0,0.0,0.0
BTC,2014-12-03,380.64,384.67,373.64,376.96,0.0,0.0,0.0,0.0,0.0,0.0,-0.9667927700714605,0.02952039396210264,0,0.0,1.0,0.0,0.0
BTC,2014-12-04,376.96,380.43,366.24,369.84,0.0,0.0,0.0,0.0,0.0,0.0,-1.8887945670628195,0.03874508519003931,0,0.0,0.0,1.0,0.0
BTC,2014-12-05,369.84,379.7,366.39,377.63,0.0,1.0,0.0,0.0,0.0,1.0,2.106316244862649,0.036327410682605976,1,2.0,0.0,0.0,1.0
BTC,2014-12-06,377.63,380.33,372.04,376.26,0.0,0.0,0.0,0.0,0.0,1.0,-0.3627889733336876,0.022282550263412436,1,1.0,1.0,0.0,0.0
BTC,2014-12-07,376.26,377.88,372.46,376.47,0.0,0.0,0.0,0.0,0.0,0.0,0.05581247010047212,0.014551898190409753,0,0.0,1.0,1.0,0.0
BTC,2014-12-08,376.47,377.36,364.6,364.95,0.0,0.0,0.0,0.0,0.0,0.0,-3.0600047812574807,0.034997257268239136,0,0.0,0.0,1.0,1.0
BTC,2014-12-09,364.95,365.35,343.82,352.19,0.0,0.0,0.0,0.0,0.0,0.0,-3.4963693656665273,0.06261997556861157,0,0.0,0.0,0.0,1.0
BTC,2014-12-10,352.19,354.07,345.09,347.94,0.0,0.0,0.0,0.0,0.0,1.0,-1.2067350009937816,0.026022197108000866,1,1.0,0.0,0.0,0.0
BTC,2014-12-11,347.94,367.13,337.8,347.68,0.0,0.0,0.0,0.0,0.0,0.0,-0.07472552738977724,0.08682652457075188,0,0.0,1.0,0.0,0.0
BTC,2014-12-12,347.68,356.43,346.0,353.4,0.0,0.0,0.0,0.0,0.0,0.0,1.6451909802116804,0.03014450867052025,0,0.0,0.0,1.0,0.0
BTC,2014-12-13,353.4,353.4,343.81,348.24,0.0,0.0,0.0,0.0,0.0,0.0,-1.4601018675721473,0.027893313167156205,0,0.0,0.0,0.0,1.0
BTC,2014-12-14,348.24,351.59,344.61,349.35,0.0,0.0,0.0,1.0,0.0,1.0,0.31874569262577923,0.020254780766663653,1,2.0,0.0,0.0,0.0
BTC,2014-12-15,349.35,351.22,343.56,345.37,0.0,0.0,0.0,0.0,0.0,0.0,-1.1392586231572972,0.022295959948771756,0,0.0,1.0,0.0,0.0
BTC,2014-12-16,345.37,346.45,328.88,330.22,0.0,1.0,0.0,0.0,0.0,2.0,-4.386599878391284,0.05342374118219409,1,3.0,0.0,1.0,0.0
BTC,2014-12-17,330.22,335.67,314.31,320.02,0.0,0.0,0.0,0.0,0.0,0.0,-3.0888498576706573,0.0679583850338838,0,0.0,1.0,0.0,1.0
BTC,2014-12-18,320.02,325.62,303.4,310.34,0.0,1.0,0.0,0.0,0.0,1.0,-3.02481094931567,0.07323665128543187,1,2.0,0.0,1.0,0.0
BTC,2014-12-19,310.34,320.24,306.36,317.78,0.0,0.0,0.0,0.0,0.0,0.0,2.3973706257652894,0.045306175740958333,0,0.0,1.0,0.0,1.0
BTC,2014-12-20,317.78,332.62,316.05,330.35,0.0,0.0,0.0,0.0,0.0,0.0,3.9555667442885176,0.052428413225755394,0,0.0,0.0,1.0,0.0
BTC,2014-12-21,330.35,332.03,320.13,322.63,0.0,0.0,0.0,0.0,0.0,0.0,-2.336915392765257,0.03717239871302276,0,0.0,0.0,0.0,1.0
BTC,2014-12-22,322.63,335.26,319.89,330.84,0.0,0.0,0.0,0.0,0.0,0.0,2.5447106592691253,0.04804776641970679,0,0.0,0.0,0.0,0.0
BTC,2014-12-23,330.84,339.32,328.0,335.25,0.0,0.0,0.0,0.0,0.0,0.0,1.3329706202393983,0.0345121951219512,0,0.0,0.0,0.0,0.0
BTC,2014-12-24,335.25,336.28,320.65,322.4,0.0,0.0,0.0,0.0,0.0,0.0,-3.832960477255786,0.04874473725245594,0,0.0,0.0,0.0,0.0
BTC,2014-12-25,322.4,323.38,316.3,318.99,0.0,0.0,0.0,0.0,0.0,0.0,-1.057692307692298,0.02238381283591522,0,0.0,0.0,0.0,0.0
BTC,2014-12-26,318.99,332.88,316.36,329.98,0.0,0.0,0.0,0.0,0.0,0.0,3.4452490673688856,0.05221899102288526,0,0.0,0.0,0.0,0.0
BTC,2014-12-27,329.98,330.7,311.98,315.34,0.0,0.0,0.0,0.0,0.0,0.0,-4.436632523183237,0.060003846400410184,0,0.0,0.0,0.0,0.0
BTC,2014-12-28,315.34,322.84,310.5,316.53,0.0,0.0,0.0,0.0,0.0,0.0,0.3773704572842005,0.03974235104669879,0,0.0,0.0,0.0,0.0
BTC,2014-12-29,316.53,321.61,308.28,314.12,0.0,0.0,0.0,0.0,0.0,0.0,-0.761381227687729,0.04323991176852226,0,0.0,0.0,0.0,0.0
BTC,2014-12-30,314.12,316.18,309.25,311.27,0.0,0.0,0.0,0.0,0.0,0.0,-0.9072965745575012,0.022409054163298324,0,0.0,0.0,0.0,0.0
BTC,2014-12-31,311.27,319.09,308.89,318.24,0.0,0.0,0.0,0.0,0.0,0.0,2.239213544511205,0.033021463951568485,0,0.0,0.0,0.0,0.0
BTC,2015-01-01,318.24,321.36,313.54,314.89,0.0,0.0,0.0,0.0,0.0,0.0,-1.0526646556058392,0.02494099636410025,0,0.0,0.0,0.0,0.0
BTC,2015-01-02,314.89,316.4,313.08,315.21,0.0,0.0,0.0,0.0,0.0,0.0,0.101622788910411,0.010604318385077275,0,0.0,0.0,0.0,0.0
BTC,2015-01-03,315.21,315.83,284.89,287.13,0.0,0.0,0.0,0.0,0.0,0.0,-8.908346816408104,0.10860332057987293,0,0.0,0.0,0.0,0.0
BTC,2015-01-04,287.13,289.94,255.87,264.72,0.0,0.0,0.0,0.0,0.0,0.0,-7.804827081809622,0.13315355453941452,0,0.0,0.0,0.0,0.0
BTC,2015-01-05,264.72,278.32,262.89,274.84,0.0,0.0,0.0,0.0,0.0,0.0,3.822907222725879,0.05869375023774205,0,0.0,0.0,0.0,0.0
BTC,2015-01-06,274.84,285.11,271.52,282.27,0.0,0.0,1.0,0.0,0.0,1.0,2.7033910638917216,0.050051561579257636,1,2.0,0.0,0.0,0.0
BTC,2015-01-07,282.27,296.06,280.74,291.34,0.0,0.0,0.0,0.0,0.0,0.0,3.213235554610831,0.05457006482866707,0,0.0,1.0,0.0,0.0
BTC,2015-01-08,291.34,292.71,278.99,282.69,0.0,0.0,0.0,0.0,0.0,0.0,-2.969039610077565,0.049177389870604576,0,0.0,0.0,1.0,0.0
BTC,2015-01-09,282.69,290.59,277.28,287.97,0.0,0.0,0.0,0.0,0.0,0.0,1.8677703491457178,0.048002019619157545,0,0.0,0.0,0.0,1.0
BTC,2015-01-10,287.97,289.25,271.98,273.35,0.0,0.0,0.0,0.0,0.0,0.0,-5.076917734486233,0.06349731597911604,0,0.0,0.0,0.0,0.0
BTC,2015-01-11,273.35,278.01,263.76,264.77,0.0,0.0,0.0,0.0,0.0,0.0,-3.138832997987942,0.05402638762511374,0,0.0,0.0,0.0,0.0
BTC,2015-01-12,264.77,273.08,263.3,269.33,0.0,0.0,0.0,0.0,0.0,0.0,1.7222494995656619,0.03714394227117346,0,0.0,0.0,0.0,0.0
BTC,2015-01-13,269.33,269.33,217.1,221.29,0.0,0.0,0.0,0.0,0.0,0.0,-17.836854416515056,0.24058037770612617,0,0.0,0.0,0.0,0.0
BTC,2015-01-14,221.29,230.86,157.29,164.92,0.0,0.0,0.0,0.0,0.0,0.0,-25.473360748339285,0.4677347574543838,0,0.0,0.0,0.0,0.0
BTC,2015-01-15,164.92,231.26,164.55,209.78,0.0,0.0,0.0,0.0,0.0,0.0,27.20106718408927,0.40540869036766924,0,0.0,0.0,0.0,0.0
BTC,2015-01-16,209.78,222.63,198.72,206.92,0.0,0.0,0.0,0.0,0.0,1.0,-1.3633330155400962,0.12032004830917872,1,1.0,0.0,0.0,0.0
BTC,2015-01-17,206.92,212.59,191.71,199.65,0.0,0.0,0.0,0.0,0.0,0.0,-3.5134351440170026,0.10891450628553541,0,0.0,1.0,0.0,0.0
BTC,2015-01-18,199.65,220.73,192.51,210.62,0.0,0.0,0.0,0.0,0.0,0.0,5.4946155772602046,0.14658978754350424,0,0.0,0.0,1.0,0.0
BTC,2015-01-19,210.62,219.48,205.47,215.87,0.0,0.0,0.0,0.0,0.0,0.0,2.4926407748551895,0.0681851365162797,0,0.0,0.0,0.0,1.0
BTC,2015-01-20,215.87,216.57,203.42,210.55,0.0,0.0,0.0,0.0,0.0,0.0,-2.46444619446889,0.06464457772097142,0,0.0,0.0,0.0,0.0
BTC,2015-01-21,210.55,229.32,207.11,228.17,0.0,0.0,0.0,0.0,0.0,0.0,8.368558537164557,0.10723769977306735,0,0.0,0.0,0.0,0.0
BTC,2015-01-22,228.17,238.78,225.57,232.7,0.0,0.0,0.0,0.0,0.0,0.0,1.98536179164658,0.05856275213902562,0,0.0,0.0,0.0,0.0
BTC,2015-01-23,232.7,236.97,224.84,232.17,0.0,0.0,0.0,0.0,0.0,0.0,-0.22776106574989305,0.05394947518235187,0,0.0,0.0,0.0,0.0
BTC,2015-01-24,232.17,248.88,229.58,248.16,0.0,0.0,0.0,0.0,0.0,0.0,6.887194728001038,0.08406655632023688,0,0.0,0.0,0.0,0.0
BTC,2015-01-25,248.16,256.43,241.36,252.09,0.0,0.0,0.0,0.0,0.0,0.0,1.5836557059961343,0.062437852171030796,0,0.0,0.0,0.0,0.0
BTC,2015-01-26,252.09,310.91,251.5,269.18,0.0,0.0,0.0,0.0,0.0,0.0,6.77932484430164,0.23622266401590467,0,0.0,0.0,0.0,0.0
BTC,2015-01-27,269.18,276.9,247.26,263.27,0.0,0.0,0.0,0.0,0.0,0.0,-2.195556876439566,0.11987381703470026,0,0.0,0.0,0.0,0.0
BTC,2015-01-28,263.27,267.66,228.06,236.17,0.0,0.0,0.0,0.0,0.0,0.0,-10.29361492004406,0.17363851617995274,0,0.0,0.0,0.0,0.0
BTC,2015-01-29,236.17,241.51,220.36,233.99,0.0,0.0,0.0,0.0,0.0,1.0,-0.9230638946521482,0.09597930658921754,1,1.0,0.0,0.0,0.0
BTC,2015-01-30,233.99,244.83,227.19,231.84,0.0,0.0,0.0,0.0,0.0,0.0,-0.9188426855848565,0.07764426251155428,0,0.0,1.0,0.0,0.0
BTC,2015-01-31,231.84,235.36,216.46,218.51,0.0,0.0,0.0,0.0,0.0,0.0,-5.749654934437549,0.08731405340478612,0,0.0,0.0,1.0,0.0
BTC,2015-02-01,218.51,231.44,209.71,225.29,0.0,0.0,0.0,0.0,0.0,0.0,3.102832822296463,0.1036192837728291,0,0.0,0.0,0.0,1.0
BTC,2015-02-02,225.29,242.51,220.53,238.86,0.0,0.0,0.0,0.0,0.0,0.0,6.023347685205745,0.0996689792771958,0,0.0,0.0,0.0,0.0
BTC,2015-02-03,238.86,247.48,223.91,227.41,0.0,0.0,0.0,0.0,0.0,1.0,-4.793602947333173,0.1052655084632218,1,1.0,0.0,0.0,0.0
BTC,2015-02-04,227.41,230.71,220.23,226.58,0.0,0.0,0.0,0.0,0.0,0.0,-0.3649795523503734,0.047586613994460424,0,0.0,1.0,0.0,0.0
BTC,2015-02-05,226.58,229.85,214.35,216.52,0.0,0.0,0.0,0.0,0.0,1.0,-4.4399329155265255,0.07231163984138092,1,1.0,0.0,1.0,0.0
BTC,2015-02-06,216.52,226.16,215.65,222.96,0.0,0.0,0.0,0.0,0.0,0.0,2.9743210788841665,0.048736378390911154,0,0.0,1.0,0.0,1.0
BTC,2015-02-07,222.96,231.0,222.38,227.68,0.0,0.0,0.0,0.0,0.0,0.0,2.1169716541083594,0.03876247864016551,0,0.0,0.0,1.0,0.0
BTC,2015-02-08,227.68,230.23,219.5,223.67,0.0,0.0,0.0,0.0,0.0,0.0,-1.7612438510189825,0.04888382687927102,0,0.0,0.0,0.0,1.0
BTC,2015-02-09,223.67,225.0,215.66,220.34,0.0,0.0,0.0,0.0,0.0,0.0,-1.4888004649707087,0.04330891217657425,0,0.0,0.0,0.0,0.0
BTC,2015-02-10,220.34,222.19,214.44,219.67,0.0,0.0,0.0,0.0,0.0,0.0,-0.30407551965145496,0.03614064540197724,0,0.0,0.0,0.0,0.0
BTC,2015-02-11,219.67,223.53,217.28,218.83,0.0,0.0,0.0,0.0,0.0,0.0,-0.382391769472379,0.028764727540500735,0,0.0,0.0,0.0,0.0
BTC,2015-02-12,218.83,223.0,217.3,221.79,0.0,0.0,0.0,0.0,0.0,1.0,1.3526481743819307,0.02623101702715135,1,1.0,0.0,0.0,0.0
BTC,2015-02-13,221.79,241.58,220.62,236.17,0.0,0.0,0.0,0.0,0.0,0.0,6.4836106226610735,0.09500498594869008,0,0.0,1.0,0.0,0.0
BTC,2015-02-14,236.17,261.25,235.38,258.64,0.0,0.0,0.0,0.0,0.0,0.0,9.514332895795402,0.10990738380491123,0,0.0,0.0,1.0,0.0
BTC,2015-02-15,258.64,264.57,226.56,233.27,0.0,0.0,0.0,0.0,0.0,0.0,-9.809000927930706,0.16777012711864403,0,0.0,0.0,0.0,1.0
BTC,2015-02-16,233.27,240.03,228.01,235.83,0.0,0.0,0.0,0.0,0.0,1.0,1.0974407339134917,0.05271698609710105,1,1.0,0.0,0.0,0.0
BTC,2015-02-17,235.83,247.17,232.03,243.2,0.0,0.0,0.0,0.0,0.0,1.0,3.1251325107068544,0.06525018316596985,1,1.0,1.0,0.0,0.0
BTC,2015-02-18,243.2,245.51,231.7,235.2,0.0,0.0,0.0,0.0,0.0,0.0,-3.289473684210526,0.05960293482952095,0,0.0,1.0,1.0,0.0
BTC,2015-02-19,235.2,244.11,234.87,241.92,0.0,0.0,0.0,0.0,0.0,0.0,2.8571428571428568,0.039340911993868986,0,0.0,0.0,1.0,1.0
BTC,2015-02-20,241.92,247.76,238.83,244.52,0.0,0.0,0.0,0.0,0.0,0.0,1.0747354497354593,0.03739061256961009,0,0.0,0.0,0.0,1.0
BTC,2015-02-21,244.52,247.32,242.65,244.41,0.0,0.0,0.0,0.0,0.0,0.0,-0.04498609520694161,0.01924582732330512,0,0.0,0.0,0.0,0.0
BTC,2015-02-22,244.41,246.54,232.72,235.73,0.0,0.0,0.0,0.0,0.0,0.0,-3.5514095167955513,0.059384668270883435,0,0.0,0.0,0.0,0.0
BTC,2015-02-23,235.73,240.06,231.33,238.82,0.0,0.0,0.0,0.0,0.0,0.0,1.3108217027955726,0.037738295940863656,0,0.0,0.0,0.0,0.0
BTC,2015-02-24,238.82,240.25,235.5,238.89,0.0,0.0,0.0,1.0,0.0,1.0,0.02931077799179013,0.020169851380042462,1,2.0,0.0,0.0,0.0
BTC,2015-02-25,238.89,239.64,234.59,237.33,0.0,0.0,0.0,0.0,0.0,0.0,-0.6530202185106007,0.021526919306023202,0,0.0,1.0,0.0,0.0
BTC,2015-02-26,237.33,238.17,233.5,236.53,0.0,1.0,0.0,0.0,0.0,1.0,-0.33708338600261717,0.019999999999999945,1,2.0,0.0,1.0,0.0
BTC,2015-02-27,236.53,258.72,235.7,253.47,0.0,0.0,0.0,0.0,0.0,0.0,7.161882213672683,0.09766652524395435,0,0.0,1.0,0.0,1.0
BTC,2015-02-28,253.47,255.4,248.73,254.06,0.0,0.0,0.0,0.0,0.0,0.0,0.23276916400363099,0.026816226430265815,0,0.0,0.0,1.0,0.0
BTC,2015-03-01,254.06,260.65,244.77,257.94,0.0,0.0,0.0,0.0,0.0,0.0,1.5271982996142626,0.0648772316868896,0,0.0,0.0,0.0,1.0
BTC,2015-03-02,257.94,274.8,256.15,273.75,0.0,0.0,0.0,0.0,0.0,0.0,6.129332402884392,0.0728089010345502,0,0.0,0.0,0.0,0.0
BTC,2015-03-03,273.75,287.06,266.12,280.65,0.0,0.0,0.0,0.0,0.0,1.0,2.5205479452054713,0.07868630692920486,1,1.0,0.0,0.0,0.0
BTC,2015-03-04,280.65,284.47,265.91,271.92,0.0,0.0,0.0,0.0,0.0,1.0,-3.1106360235168227,0.0697980519724719,1,1.0,1.0,0.0,0.0
BTC,2015-03-05,271.92,280.84,262.81,275.23,0.0,0.0,0.0,0.0,0.0,0.0,1.217269785230951,0.06860469540732839,0,0.0,1.0,1.0,0.0
BTC,2015-03-06,275.23,277.99,269.02,272.56,0.0,0.0,0.0,0.0,0.0,0.0,-0.9700977364386206,0.033343245855326845,0,0.0,0.0,1.0,1.0
BTC,2015-03-07,272.56,278.25,269.41,274.91,0.0,0.0,0.0,0.0,0.0,0.0,0.8621954798943435,0.03281244200289512,0,0.0,0.0,0.0,1.0
BTC,2015-03-08,274.91,278.78,271.31,274.49,0.0,0.0,0.0,0.0,0.0,1.0,-0.15277727256193516,0.027533080240315397,1,1.0,0.0,0.0,0.0
BTC,2015-03-09,274.49,293.26,273.79,290.02,0.0,0.0,0.0,0.0,0.0,0.0,5.657765310211655,0.07111289674568089,0,0.0,1.0,0.0,0.0
BTC,2015-03-10,290.02,300.96,288.12,291.37,0.0,0.0,0.0,0.0,0.0,0.0,0.4654851389559419,0.04456476468138267,0,0.0,0.0,1.0,0.0
BTC,2015-03-11,291.37,297.66,288.88,295.6,0.0,0.0,0.0,0.0,0.0,0.0,1.4517623640045365,0.030393242869011457,0,0.0,0.0,0.0,1.0
BTC,2015-03-12,295.6,296.98,290.83,293.85,0.0,0.0,0.0,0.0,0.0,0.0,-0.5920162381596752,0.021146374170477718,0,0.0,0.0,0.0,0.0
BTC,2015-03-13,293.85,294.92,286.08,287.21,0.0,0.0,0.0,0.0,0.0,0.0,-2.259656287221386,0.030900447427293178,0,0.0,0.0,0.0,0.0
BTC,2015-03-14,287.21,288.4,279.3,281.6,0.0,0.0,0.0,0.0,0.0,0.0,-1.9532746074300884,0.032581453634085086,0,0.0,0.0,0.0,0.0
BTC,2015-03-15,281.6,286.39,280.37,284.88,0.0,0.0,0.0,0.0,0.0,1.0,1.1647727272727175,0.021471626778899248,1,1.0,0.0,0.0,0.0
BTC,2015-03-16,284.88,294.01,284.77,290.41,0.0,0.0,0.0,0.0,0.0,0.0,1.941168211176646,0.032447238121993224,0,0.0,1.0,0.0,0.0
BTC,2015-03-17,290.41,292.46,283.25,285.38,0.0,0.0,0.0,0.0,0.0,0.0,-1.7320340208670602,0.03251544571932914,0,0.0,0.0,1.0,0.0
BTC,2015-03-18,285.38,285.65,248.19,255.92,0.0,0.0,0.0,0.0,0.0,0.0,-10.323078001261479,0.15093275313268054,0,0.0,0.0,0.0,1.0
BTC,2015-03-19,255.92,264.8,247.0,260.93,0.0,0.0,0.0,0.0,0.0,0.0,1.957643013441708,0.07206477732793527,0,0.0,0.0,0.0,0.0
BTC,2015-03-20,260.93,264.71,257.85,261.78,0.0,0.0,0.0,0.0,0.0,1.0,0.3257578660943417,0.02660461508629031,1,1.0,0.0,0.0,0.0
BTC,2015-03-21,261.78,263.26,254.02,259.71,0.0,0.0,0.0,0.0,0.0,0.0,-0.7907403162961241,0.036375088575702624,0,0.0,1.0,0.0,0.0
BTC,2015-03-22,259.71,270.42,259.0,268.57,0.0,0.0,0.0,0.0,0.0,0.0,3.4114974394517015,0.04409266409266415,0,0.0,0.0,1.0,0.0
BTC,2015-03-23,268.57,271.01,259.38,265.46,0.0,0.0,0.0,0.0,0.0,0.0,-1.1579848828983184,0.044837689875857796,0,0.0,0.0,0.0,1.0
BTC,2015-03-24,265.46,267.02,242.67,246.72,0.0,0.0,0.0,1.0,0.0,1.0,-7.059443984027719,0.10034202826884245,1,2.0,0.0,0.0,0.0
BTC,2015-03-25,246.72,249.21,234.84,246.37,0.0,0.0,0.0,0.0,0.0,0.0,-0.14186121919584724,0.06119059785385796,0,0.0,1.0,0.0,0.0
BTC,2015-03-26,246.37,254.69,243.52,248.02,0.0,0.0,0.0,0.0,0.0,1.0,0.6697243982627779,0.04586892247043359,1,1.0,0.0,1.0,0.0
BTC,2015-03-27,248.02,250.05,244.47,247.21,0.0,0.0,0.0,0.0,0.0,0.0,-0.32658656559954935,0.02282488648913982,0,0.0,1.0,0.0,1.0
BTC,2015-03-28,247.21,254.25,246.28,252.02,0.0,0.0,0.0,0.0,0.0,0.0,1.9457141701387495,0.03236153971089816,0,0.0,0.0,1.0,0.0
BTC,2015-03-29,252.02,252.81,238.93,242.08,0.0,0.0,0.0,0.0,0.0,0.0,-3.9441314181414158,0.05809232829699073,0,0.0,0.0,0.0,1.0
BTC,2015-03-30,242.08,248.83,236.55,246.79,0.0,0.0,0.0,0.0,0.0,1.0,1.9456378056840629,0.05191291481716339,1,1.0,0.0,0.0,0.0
BTC,2015-03-31,246.79,248.7,241.18,244.15,0.0,0.0,0.0,0.0,0.0,0.0,-1.0697354025689805,0.0311800315117339,0,0.0,1.0,0.0,0.0
BTC,2015-04-01,244.15,247.67,239.57,246.24,0.0,0.0,0.0,0.0,0.0,0.0,0.8560311284046705,0.033810577284301015,0,0.0,0.0,1.0,0.0
BTC,2015-04-02,246.24,254.85,244.25,252.6,0.0,0.0,0.0,0.0,0.0,0.0,2.5828460038986294,0.04339815762538381,0,0.0,0.0,0.0,1.0
BTC,2015-04-03,252.6,256.53,251.26,254.48,0.0,0.0,0.0,0.0,0.0,0.0,0.744259699129056,0.020974289580514137,0,0.0,0.0,0.0,0.0
BTC,2015-04-04,254.48,255.24,250.31,252.89,0.0,0.0,0.0,0.0,0.0,0.0,-0.624803520905377,0.019695577483919965,0,0.0,0.0,0.0,0.0
BTC,2015-04-05,252.89,260.26,250.6,259.64,0.0,0.0,0.0,0.0,0.0,0.0,2.6691446874135,0.03854748603351954,0,0.0,0.0,0.0,0.0
BTC,2015-04-06,259.64,261.45,252.32,254.97,0.0,0.0,0.0,0.0,0.0,0.0,-1.798644276690798,0.03618421052631577,0,0.0,0.0,0.0,0.0
BTC,2015-04-07,254.97,255.6,250.15,252.97,0.0,0.0,0.0,0.0,0.0,0.0,-0.7844060085500254,0.021786927843293977,0,0.0,0.0,0.0,0.0
BTC,2015-04-08,252.97,254.26,242.57,244.57,0.0,0.0,0.0,0.0,0.0,0.0,-3.3205518440921873,0.04819227439501999,0,0.0,0.0,0.0,0.0
BTC,2015-04-09,244.57,246.22,237.62,243.32,0.0,0.0,0.0,0.0,0.0,0.0,-0.5111011162448379,0.03619223971046206,0,0.0,0.0,0.0,0.0
BTC,2015-04-10,243.32,244.11,231.3,234.73,0.0,0.0,0.0,0.0,0.0,0.0,-3.5303304290646076,0.05538261997405967,0,0.0,0.0,0.0,0.0
BTC,2015-04-11,234.73,240.0,233.12,236.48,0.0,0.0,0.0,0.0,0.0,0.0,0.7455374259787841,0.029512697323266966,0,0.0,0.0,0.0,0.0
BTC,2015-04-12,236.48,237.52,232.27,235.85,0.0,0.0,0.0,0.0,0.0,0.0,-0.26640730717185196,0.022603005123347827,0,0.0,0.0,0.0,0.0
BTC,2015-04-13,235.85,236.75,220.36,223.59,0.0,0.0,0.0,0.0,0.0,0.0,-5.198219207123167,0.07437829007079318,0,0.0,0.0,0.0,0.0
BTC,2015-04-14,223.59,224.72,214.27,217.99,0.0,0.0,0.0,0.0,0.0,0.0,-2.504584283733617,0.048770243151164364,0,0.0,0.0,0.0,0.0
BTC,2015-04-15,217.99,223.56,217.15,222.97,0.0,0.0,0.0,0.0,0.0,0.0,2.2845084636909903,0.02951876583007136,0,0.0,0.0,0.0,0.0
BTC,2015-04-16,222.97,229.53,222.87,227.98,0.0,0.0,0.0,0.0,0.0,0.0,2.2469390500964215,0.02988289137165162,0,0.0,0.0,0.0,0.0
BTC,2015-04-17,227.98,229.28,220.56,222.59,0.0,0.0,0.0,0.0,0.0,0.0,-2.3642424774102935,0.03953572723975335,0,0.0,0.0,0.0,0.0
BTC,2015-04-18,222.59,224.47,220.57,223.35,0.0,0.0,0.0,0.0,0.0,0.0,0.34143492519879187,0.017681461667497872,0,0.0,0.0,0.0,0.0
BTC,2015-04-19,223.35,226.94,221.96,223.02,0.0,0.0,0.0,0.0,0.0,0.0,-0.14775016789791096,0.0224364750405478,0,0.0,0.0,0.0,0.0
BTC,2015-04-20,223.02,226.72,221.58,224.24,0.0,0.0,0.0,0.0,0.0,0.0,0.5470361402564787,0.023197039443993078,0,0.0,0.0,0.0,0.0
BTC,2015-04-21,224.24,235.27,223.29,233.73,0.0,0.0,0.0,0.0,0.0,0.0,4.232072779165171,0.05365220117336208,0,0.0,0.0,0.0,0.0
BTC,2015-04-22,233.73,238.4,231.8,233.78,0.0,0.0,0.0,0.0,0.0,2.0,0.02139220468061925,0.02847282139775666,1,2.0,0.0,0.0,0.0
BTC,2015-04-23,233.78,236.12,232.58,235.4,0.0,0.0,0.0,0.0,0.0,0.0,0.692959192403116,0.015220569266488916,0,0.0,1.0,0.0,0.0
BTC,2015-04-24,235.4,236.55,229.06,231.09,0.0,0.0,0.0,0.0,0.0,0.0,-1.8309260832625327,0.032698856194883476,0,0.0,0.0,1.0,0.0
BTC,2015-04-25,231.09,232.29,223.05,226.14,0.0,0.0,0.0,0.0,0.0,0.0,-2.1420225886018507,0.04142568930733011,0,0.0,0.0,0.0,1.0
BTC,2015-04-26,226.14,226.72,214.14,218.7,0.0,0.0,0.0,0.0,0.0,0.0,-3.2899973467763326,0.05874661436443455,0,0.0,0.0,0.0,0.0
BTC,2015-04-27,218.7,242.65,216.6,228.96,0.0,0.0,0.0,0.0,0.0,0.0,4.691358024691367,0.12026777469990772,0,0.0,0.0,0.0,0.0
BTC,2015-04-28,228.96,229.87,222.03,225.81,0.0,0.0,0.0,0.0,0.0,0.0,-1.375786163522015,0.03531054362023152,0,0.0,0.0,0.0,0.0
BTC,2015-04-29,225.81,227.24,222.25,225.42,0.0,0.0,0.0,0.0,0.0,0.0,-0.1727115716753088,0.022452193475815563,0,0.0,0.0,0.0,0.0
BTC,2015-04-30,225.42,240.01,224.68,235.77,0.0,0.0,0.0,0.0,0.0,0.0,4.591429331913771,0.06823037208474267,0,0.0,0.0,0.0,0.0
BTC,2015-05-01,235.77,239.42,232.38,233.21,0.0,0.0,0.0,0.0,0.0,0.0,-1.0858039614878916,0.030295206127893933,0,0.0,0.0,0.0,0.0
BTC,2015-05-02,233.21,236.38,231.73,235.34,0.0,0.0,0.0,0.0,0.0,0.0,0.913339908237209,0.02006645665213829,0,0.0,0.0,0.0,0.0
BTC,2015-05-03,235.34,243.58,233.8,239.99,0.0,0.0,0.0,0.0,0.0,0.0,1.975864706382258,0.04183062446535501,0,0.0,0.0,0.0,0.0
BTC,2015-05-04,239.99,243.2,237.45,238.97,0.0,0.0,0.0,0.0,0.0,0.0,-0.42501770907121555,0.02421562434196673,0,0.0,0.0,0.0,0.0
BTC,2015-05-05,238.97,239.61,231.78,235.82,0.0,0.0,0.0,0.0,0.0,0.0,-1.318157090848226,0.03378203468806632,0,0.0,0.0,0.0,0.0
BTC,2015-05-06,235.82,237.15,228.24,230.03,0.0,0.0,0.0,0.0,0.0,0.0,-2.45526248833856,0.03903785488958989,0,0.0,0.0,0.0,0.0
BTC,2015-05-07,230.03,240.25,228.33,237.73,1.0,0.0,0.0,0.0,0.0,1.0,3.3473894709385688,0.052205141680900395,1,2.0,0.0,0.0,0.0
BTC,2015-05-08,237.73,247.01,235.77,243.74,0.0,0.0,0.0,0.0,0.0,0.0,2.528078071762091,0.04767358018407762,0,0.0,1.0,0.0,0.0
BTC,2015-05-09,243.74,247.87,238.52,241.4,0.0,0.0,0.0,0.0,0.0,0.0,-0.9600393862312314,0.039200067080328665,0,0.0,0.0,1.0,0.0
BTC,2015-05-10,241.4,244.82,238.23,239.96,0.0,0.0,0.0,0.0,0.0,0.0,-0.5965202982601482,0.027662343113797606,0,0.0,0.0,0.0,1.0
BTC,2015-05-11,239.96,243.95,238.86,241.81,0.0,0.0,0.0,0.0,0.0,0.0,0.7709618269711594,0.02130955371347222,0,0.0,0.0,0.0,0.0
BTC,2015-05-12,241.81,243.0,239.18,241.58,0.0,0.0,0.0,0.0,0.0,0.0,-0.0951160001654149,0.015971235053098057,0,0.0,0.0,0.0,0.0
BTC,2015-05-13,241.58,243.91,234.07,236.38,0.0,0.0,1.0,0.0,0.0,0.0,-2.1524960675552682,0.042038706369889364,1,1.0,0.0,0.0,0.0
BTC,2015-05-14,236.38,239.17,232.36,236.9,0.0,0.0,0.0,0.0,0.0,0.0,0.21998477028513844,0.029307970390772823,0,0.0,1.0,0.0,0.0
BTC,2015-05-15,236.9,238.83,235.53,237.2,0.0,0.0,0.0,0.0,0.0,0.0,0.1266357112705711,0.014010954018596405,0,0.0,0.0,1.0,0.0
BTC,2015-05-16,237.2,237.78,234.57,236.23,0.0,0.0,0.0,0.0,0.0,0.0,-0.40893760539628965,0.013684614400818553,0,0.0,0.0,0.0,1.0
BTC,2015-05-17,236.23,237.77,235.35,236.3,0.0,0.0,0.0,0.0,0.0,0.0,0.02963213817043627,0.010282557892500599,0,0.0,0.0,0.0,0.0
BTC,2015-05-18,236.3,237.1,231.46,232.64,0.0,0.0,0.0,0.0,0.0,0.0,-1.5488785442234552,0.024367061263285174,0,0.0,0.0,0.0,0.0
BTC,2015-05-19,232.64,234.5,231.27,232.02,0.0,0.0,0.0,0.0,0.0,0.0,-0.2665061898211727,0.013966359666190987,0,0.0,0.0,0.0,0.0
BTC,2015-05-20,232.02,235.17,231.47,233.96,0.0,0.0,0.0,0.0,0.0,0.0,0.83613481596414,0.0159847928457251,0,0.0,0.0,0.0,0.0
BTC,2015-05-21,233.96,236.65,233.61,235.38,0.0,0.0,0.0,0.0,0.0,1.0,0.6069413574970026,0.013013141560720825,1,1.0,0.0,0.0,0.0
BTC,2015-05-22,235.38,242.0,234.56,240.37,0.0,0.0,0.0,0.0,0.0,1.0,2.119976208683834,0.031718963165075026,1,1.0,1.0,0.0,0.0
BTC,2015-05-23,240.37,241.73,238.05,238.94,0.0,0.0,0.0,0.0,0.0,1.0,-0.5949161709031937,0.01545893719806754,1,1.0,1.0,1.0,0.0
BTC,2015-05-24,238.94,242.39,237.48,240.98,0.0,0.0,0.0,0.0,0.0,0.0,0.8537708211266393,0.02067542529897253,0,0.0,1.0,1.0,1.0
BTC,2015-05-25,240.98,241.79,235.81,237.41,0.0,0.0,0.0,0.0,0.0,0.0,-1.4814507428002297,0.0253593995165599,0,0.0,0.0,1.0,1.0
BTC,2015-05-26,237.41,238.99,235.58,237.84,0.0,0.0,1.0,0.0,0.0,1.0,0.18112126700644743,0.014474912980728399,1,2.0,0.0,0.0,1.0
BTC,2015-05-27,237.84,238.95,235.89,237.29,0.0,0.0,0.0,0.0,0.0,0.0,-0.2312478977463889,0.012972148035101118,0,0.0,1.0,0.0,0.0
BTC,2015-05-28,237.29,238.41,236.23,237.32,0.0,0.0,0.0,0.0,0.0,1.0,0.012642757806903427,0.009228294458790191,1,1.0,0.0,1.0,0.0
BTC,2015-05-29,237.32,237.89,235.13,237.03,0.0,0.0,0.0,0.0,0.0,0.0,-0.12219787628518122,0.011738187385701489,0,0.0,1.0,0.0,1.0
BTC,2015-05-30,237.03,237.06,231.59,233.22,0.0,0.0,0.0,0.0,0.0,0.0,-1.60739146943425,0.023619327259380797,0,0.0,0.0,1.0,0.0
BTC,2015-05-31,233.22,233.99,229.13,229.84,0.0,0.0,0.0,0.0,0.0,0.0,-1.4492753623188386,0.021210666433902212,0,0.0,0.0,0.0,1.0
BTC,2015-06-01,229.84,231.76,220.97,223.14,0.0,0.0,0.0,0.0,0.0,0.0,-2.9150713539853887,0.04883015793999182,0,0.0,0.0,0.0,0.0
BTC,2015-06-02,223.14,227.44,222.25,225.74,0.0,0.0,0.0,0.0,0.0,0.0,1.165187774491361,0.023352080989876255,0,0.0,0.0,0.0,0.0
BTC,2015-06-03,225.74,227.86,223.69,225.59,0.0,0.0,0.0,0.0,0.0,1.0,-0.06644812616284473,0.01864187044570618,1,1.0,0.0,0.0,0.0
BTC,2015-06-04,225.59,226.71,223.49,224.22,0.0,0.0,0.0,0.0,0.0,1.0,-0.6072964227137748,0.01440780348114009,1,1.0,1.0,0.0,0.0
BTC,2015-06-05,224.22,226.36,222.15,225.29,0.0,0.0,0.0,0.0,0.0,0.0,0.47720988315047413,0.01895115912671622,0,0.0,1.0,1.0,0.0
BTC,2015-06-06,225.29,225.76,223.53,224.74,0.0,0.0,0.0,0.0,0.0,0.0,-0.24412978827288517,0.009976289536080122,0,0.0,0.0,1.0,1.0
BTC,2015-06-07,224.74,226.36,222.21,223.47,0.0,0.0,0.0,0.0,0.0,0.0,-0.5650974459375324,0.018676027181495008,0,0.0,0.0,0.0,1.0
BTC,2015-06-08,223.47,229.91,222.99,228.57,0.0,0.0,0.0,0.0,0.0,0.0,2.2821855282588244,0.03103278173909138,0,0.0,0.0,0.0,0.0
BTC,2015-06-09,228.57,231.36,227.51,229.56,0.0,0.0,0.0,0.0,0.0,0.0,0.43312770704817305,0.016922333084260135,0,0.0,0.0,0.0,0.0
BTC,2015-06-10,229.56,230.44,227.84,228.79,0.0,0.0,0.0,0.0,0.0,0.0,-0.33542428994598805,0.011411516853932558,0,0.0,0.0,0.0,0.0
BTC,2015-06-11,228.79,230.64,228.54,229.88,0.0,0.0,0.0,0.0,0.0,0.0,0.47641942392587244,0.009188763454975034,0,0.0,0.0,0.0,0.0
BTC,2015-06-12,229.88,231.58,229.29,230.46,0.0,1.0,0.0,0.0,0.0,1.0,0.2523055507221213,0.009987352261328538,1,2.0,0.0,0.0,0.0
BTC,2015-06-13,230.46,233.14,229.01,232.48,0.0,0.0,0.0,0.0,0.0,0.0,0.8765078538574944,0.018034146980481183,0,0.0,1.0,0.0,0.0
BTC,2015-06-14,232.48,235.51,232.09,233.75,0.0,0.0,0.0,0.0,0.0,0.0,0.5462835512732322,0.014735662889396301,0,0.0,0.0,1.0,0.0
BTC,2015-06-15,233.75,238.55,233.29,237.0,0.0,0.0,0.0,0.0,0.0,0.0,1.3903743315508021,0.022547044451112434,0,0.0,0.0,0.0,1.0
BTC,2015-06-16,237.0,254.15,235.7,249.82,0.0,0.0,0.0,0.0,0.0,0.0,5.4092827004219375,0.0782774713619008,0,0.0,0.0,0.0,0.0
BTC,2015-06-17,249.82,258.48,245.09,247.38,0.0,0.0,0.0,0.0,0.0,0.0,-0.9767032263229516,0.05463299196213642,0,0.0,0.0,0.0,0.0
BTC,2015-06-18,247.38,251.95,242.46,248.44,0.0,0.0,0.0,0.0,0.0,0.0,0.4284905812919405,0.039140476779674915,0,0.0,0.0,0.0,0.0
BTC,2015-06-19,248.44,250.81,243.65,244.13,0.0,1.0,0.0,0.0,0.0,1.0,-1.7348253099339892,0.02938641493946233,1,2.0,0.0,0.0,0.0
BTC,2015-06-20,244.13,246.63,238.7,244.98,0.0,0.0,0.0,0.0,0.0,0.0,0.3481751525826381,0.033221617092584865,0,0.0,1.0,0.0,0.0
BTC,2015-06-21,244.98,246.03,240.94,244.1,0.0,0.0,0.0,0.0,0.0,0.0,-0.35921299697934345,0.021125591433551937,0,0.0,0.0,1.0,0.0
BTC,2015-06-22,244.1,248.6,243.16,247.46,0.0,0.0,0.0,0.0,0.0,0.0,1.376485047111845,0.022372100674453027,0,0.0,0.0,0.0,1.0
BTC,2015-06-23,247.46,247.67,242.32,243.76,0.0,0.0,0.0,0.0,0.0,0.0,-1.4951911420027548,0.022078243644767227,0,0.0,0.0,0.0,0.0
BTC,2015-06-24,243.76,244.51,239.05,240.56,0.0,0.0,0.0,0.0,0.0,0.0,-1.31276665572694,0.022840409956076047,0,0.0,0.0,0.0,0.0
BTC,2015-06-25,240.56,243.65,239.32,242.56,0.0,0.0,0.0,0.0,0.0,0.0,0.8313934153641502,0.01809292996824341,0,0.0,0.0,0.0,0.0
BTC,2015-06-26,242.56,243.49,240.14,242.95,0.0,0.0,1.0,0.0,0.0,1.0,0.16078496042215795,0.013950195719163916,1,2.0,0.0,0.0,0.0
BTC,2015-06-27,242.95,251.57,241.83,250.73,0.0,0.0,0.0,0.0,0.0,0.0,3.202305001029019,0.04027622710168292,0,0.0,1.0,0.0,0.0
BTC,2015-06-28,250.73,251.59,246.62,248.88,0.0,0.0,0.0,0.0,0.0,0.0,-0.7378454911657937,0.020152461276457704,0,0.0,0.0,1.0,0.0
BTC,2015-06-29,248.88,257.54,247.96,256.97,0.0,0.0,0.0,0.0,0.0,0.0,3.250562520090016,0.03863526375221815,0,0.0,0.0,0.0,1.0
BTC,2015-06-30,256.97,268.73,255.37,264.12,0.0,0.0,0.0,0.0,0.0,0.0,2.782425964120316,0.052316247014136404,0,0.0,0.0,0.0,0.0
BTC,2015-07-01,264.12,265.0,254.41,257.62,0.0,0.0,0.0,0.0,0.0,1.0,-2.4610025745873085,0.04162572225934517,1,1.0,0.0,0.0,0.0
BTC,2015-07-02,257.62,261.29,253.09,254.88,0.0,0.0,0.0,0.0,0.0,1.0,-1.0635820200295043,0.03239954166502042,1,1.0,1.0,0.0,0.0
BTC,2015-07-03,254.88,256.71,252.44,255.4,0.0,0.0,0.0,0.0,0.0,0.0,0.20401757689893688,0.016914910473775874,0,0.0,1.0,1.0,0.0
BTC,2015-07-04,255.4,261.08,253.37,260.55,0.0,0.0,0.0,0.0,0.0,0.0,2.0164447924823827,0.03042980621225867,0,0.0,0.0,1.0,1.0
BTC,2015-07-05,260.55,274.14,257.61,270.14,0.0,0.0,0.0,0.0,0.0,0.0,3.6806754941469872,0.06416676371258868,0,0.0,0.0,0.0,1.0
BTC,2015-07-06,270.14,277.48,266.46,269.08,0.0,0.0,0.0,0.0,0.0,0.0,-0.3923891315614134,0.041357051715079335,0,0.0,0.0,0.0,0.0
BTC,2015-07-07,269.08,271.34,263.21,266.21,0.0,0.0,0.0,0.0,0.0,0.0,-1.0665972944849131,0.030887884198928597,0,0.0,0.0,0.0,0.0
BTC,2015-07-08,266.21,273.57,263.18,268.64,0.0,0.0,0.0,0.0,0.0,0.0,0.9128131925923169,0.03947868379056154,0,0.0,0.0,0.0,0.0
BTC,2015-07-09,268.64,272.31,265.13,269.14,0.0,0.0,0.0,0.0,0.0,1.0,0.18612269207861826,0.02708105457699999,1,1.0,0.0,0.0,0.0
BTC,2015-07-10,269.14,297.85,266.91,283.62,0.0,0.0,0.0,0.0,0.0,0.0,5.3800995764286315,0.11591922370836609,0,0.0,1.0,0.0,0.0
BTC,2015-07-11,283.62,298.76,282.28,291.97,0.0,0.0,0.0,0.0,0.0,0.0,2.944080107185679,0.05838174861839315,0,0.0,0.0,1.0,0.0
BTC,2015-07-12,291.97,315.88,291.26,310.44,0.0,0.0,0.0,0.0,0.0,0.0,6.32599239647908,0.08452928654810136,0,0.0,0.0,0.0,1.0
BTC,2015-07-13,310.44,310.88,276.85,290.35,0.0,0.0,0.0,0.0,0.0,0.0,-6.471459863419654,0.1229185479501534,0,0.0,0.0,0.0,0.0
BTC,2015-07-14,290.35,296.96,285.17,286.96,0.0,0.0,0.0,0.0,0.0,1.0,-1.1675563974513665,0.04134375986253801,1,1.0,0.0,0.0,0.0
BTC,2015-07-15,286.96,292.92,283.17,283.42,0.0,0.0,0.0,0.0,0.0,1.0,-1.2336214106495553,0.034431613518381185,1,1.0,1.0,0.0,0.0
BTC,2015-07-16,283.42,290.84,273.28,276.59,0.0,0.0,0.0,0.0,0.0,0.0,-2.40985110436809,0.06425644028103046,0,0.0,1.0,1.0,0.0
BTC,2015-07-17,276.59,280.76,271.17,279.62,0.0,0.0,0.0,0.0,0.0,0.0,1.0954842908275895,0.03536526901943421,0,0.0,0.0,1.0,1.0
BTC,2015-07-18,279.62,282.53,243.24,274.05,0.0,0.0,0.0,0.0,0.0,0.0,-1.9919891281024222,0.1615277092583455,0,0.0,0.0,0.0,1.0
BTC,2015-07-19,274.05,277.07,271.85,273.18,0.0,0.0,0.0,0.0,0.0,0.0,-0.3174603174603191,0.019201765679602613,0,0.0,0.0,0.0,0.0
BTC,2015-07-20,273.18,278.85,271.82,277.68,0.0,0.0,0.0,0.0,0.0,0.0,1.6472655392049198,0.02586270325951008,0,0.0,0.0,0.0,0.0
BTC,2015-07-21,277.68,281.05,274.19,275.09,0.0,0.0,0.0,0.0,0.0,0.0,-0.9327283203687812,0.02501914730661225,0,0.0,0.0,0.0,0.0
BTC,2015-07-22,275.09,277.39,273.12,276.46,0.0,0.0,0.0,0.0,0.0,0.0,0.49801883020102683,0.015634153485647267,0,0.0,0.0,0.0,0.0
BTC,2015-07-23,276.46,277.85,274.47,275.52,0.0,0.0,0.0,0.0,0.0,1.0,-0.34001302177530124,0.012314642766058204,1,1.0,0.0,0.0,0.0
BTC,2015-07-24,275.52,289.81,274.26,288.37,0.0,0.0,0.0,0.0,0.0,0.0,4.663908246225328,0.0566980237730621,0,0.0,1.0,0.0,0.0
BTC,2015-07-25,288.37,291.24,284.67,288.74,0.0,0.0,0.0,0.0,0.0,0.0,0.1283073828761676,0.023079355042680973,0,0.0,0.0,1.0,0.0
BTC,2015-07-26,288.74,293.28,286.77,291.77,0.0,0.0,0.0,0.0,0.0,0.0,1.049386991757281,0.022701119363950174,0,0.0,0.0,0.0,1.0
BTC,2015-07-27,291.77,295.79,285.4,293.01,0.0,0.0,0.0,0.0,0.0,0.0,0.42499228844638215,0.03640504555010527,0,0.0,0.0,0.0,0.0
BTC,2015-07-28,293.01,296.68,291.67,293.7,0.0,0.0,0.0,0.0,0.0,0.0,0.2354868434524411,0.017176946549182264,0,0.0,0.0,0.0,0.0
BTC,2015-07-29,293.7,294.72,286.89,288.37,0.0,0.0,0.0,0.0,0.0,0.0,-1.8147769833163039,0.02729269057827056,0,0.0,0.0,0.0,0.0
BTC,2015-07-30,288.37,289.89,284.91,287.02,0.0,0.0,0.0,0.0,0.0,0.0,-0.4681485591427758,0.017479203959144856,0,0.0,0.0,0.0,0.0
BTC,2015-07-31,287.02,288.69,280.77,283.73,0.0,0.0,0.0,0.0,0.0,0.0,-1.1462615845585546,0.028208141895501714,0,0.0,0.0,0.0,0.0
BTC,2015-08-01,283.73,284.53,276.3,280.47,0.0,0.0,0.0,0.0,0.0,0.0,-1.1489796637648435,0.029786463988418246,0,0.0,0.0,0.0,0.0
BTC,2015-08-02,280.47,282.5,275.93,281.36,0.0,0.0,0.0,0.0,0.0,0.0,0.3173244910329041,0.023810386692277002,0,0.0,0.0,0.0,0.0
BTC,2015-08-03,281.36,285.0,278.94,281.58,0.0,0.0,0.0,0.0,0.0,0.0,0.07819164060277596,0.021725102172510224,0,0.0,0.0,0.0,0.0
BTC,2015-08-04,281.58,285.66,279.58,284.3,1.0,0.0,0.0,0.0,0.0,0.0,0.9659776972796461,0.021746906073395956,1,1.0,0.0,0.0,0.0
BTC,2015-08-05,284.3,285.45,280.53,281.72,0.0,0.0,0.0,0.0,0.0,1.0,-0.9074920858248273,0.017538231205218753,1,1.0,1.0,0.0,0.0
BTC,2015-08-06,281.72,281.98,276.46,278.0,0.0,1.0,0.0,0.0,0.0,1.0,-1.3204600312366985,0.019966722129783836,1,2.0,1.0,1.0,0.0
BTC,2015-08-07,278.0,279.6,274.28,277.89,0.0,0.0,0.0,0.0,0.0,0.0,-0.03956834532374592,0.019396237421613133,0,0.0,1.0,1.0,1.0
BTC,2015-08-08,277.89,278.92,257.42,258.6,0.0,0.0,0.0,0.0,0.0,0.0,-6.941595595379455,0.0835210939320954,0,0.0,0.0,1.0,1.0
BTC,2015-08-09,258.6,266.75,258.56,263.87,1.0,0.0,0.0,0.0,0.0,1.0,2.0378963650425295,0.03167543316831682,1,2.0,0.0,0.0,1.0
BTC,2015-08-10,263.87,266.63,260.52,263.3,0.0,0.0,0.0,0.0,0.0,2.0,-0.2160154621593941,0.023453093812375304,1,2.0,1.0,0.0,0.0
BTC,2015-08-11,263.3,269.9,261.44,269.03,0.0,0.0,0.0,0.0,0.0,0.0,2.176224838587148,0.032359241126070915,0,0.0,1.0,1.0,0.0
BTC,2015-08-12,269.03,271.5,263.66,267.66,0.0,0.0,0.0,0.0,0.0,0.0,-0.509236888079377,0.02973526511416208,0,0.0,0.0,1.0,1.0
BTC,2015-08-13,267.66,268.39,261.28,263.44,0.0,0.0,0.0,0.0,0.0,0.0,-1.5766270641859177,0.027212186160440962,0,0.0,0.0,0.0,1.0
BTC,2015-08-14,263.44,267.22,260.21,265.03,1.0,0.0,0.0,1.0,0.0,2.0,0.6035529911934312,0.02693977940893912,1,4.0,0.0,0.0,0.0
BTC,2015-08-15,265.03,266.55,259.38,260.52,0.0,0.0,0.0,0.0,0.0,0.0,-1.7016941478323178,0.027642840619939917,0,0.0,1.0,0.0,0.0
BTC,2015-08-16,260.52,261.92,254.57,257.12,0.0,0.0,0.0,0.0,0.0,0.0,-1.3050821434054882,0.028872215893467505,0,0.0,0.0,1.0,0.0
BTC,2015-08-17,257.12,259.93,252.87,257.13,0.0,0.0,0.0,0.0,0.0,0.0,0.0038892345986274524,0.027919484320006335,0,0.0,0.0,0.0,1.0
BTC,2015-08-18,257.13,257.53,245.74,246.72,0.0,0.0,0.0,0.0,0.0,0.0,-4.0485357601213385,0.047977537234475315,0,0.0,0.0,0.0,0.0
BTC,2015-08-19,246.72,247.95,214.29,226.0,0.0,0.0,0.0,0.0,0.0,0.0,-8.398184176394292,0.15707685846283073,0,0.0,0.0,0.0,0.0
BTC,2015-08-20,226.0,238.03,225.54,234.66,0.0,0.0,0.0,0.0,0.0,0.0,3.8318584070796446,0.055378203422896205,0,0.0,0.0,0.0,0.0
BTC,2015-08-21,234.66,236.3,230.48,232.4,0.0,0.0,0.0,0.0,0.0,0.0,-0.9630955424869987,0.025251648733078887,0,0.0,0.0,0.0,0.0
BTC,2015-08-22,232.4,235.07,221.04,229.54,0.0,0.0,0.0,0.0,0.0,0.0,-1.2306368330464774,0.06347267462902643,0,0.0,0.0,0.0,0.0
BTC,2015-08-23,229.54,232.7,224.27,226.75,0.0,0.0,0.0,0.0,0.0,0.0,-1.2154744271150963,0.037588620858786184,0,0.0,0.0,0.0,0.0
BTC,2015-08-24,226.75,228.43,207.82,211.43,0.0,0.0,0.0,0.0,0.0,0.0,-6.75633958103638,0.09917236069675688,0,0.0,0.0,0.0,0.0
BTC,2015-08-25,211.43,226.55,196.26,220.51,0.0,1.0,0.0,0.0,0.0,1.0,4.294565577259606,0.15433608478548874,1,2.0,0.0,0.0,0.0
BTC,2015-08-26,220.51,230.69,218.79,224.97,0.0,0.0,0.0,0.0,0.0,0.0,2.022584009795478,0.05439005439005442,0,0.0,1.0,0.0,0.0
BTC,2015-08-27,224.97,228.44,222.0,222.73,0.0,0.0,0.0,0.0,0.0,0.0,-0.995688313997426,0.029009009009008997,0,0.0,0.0,1.0,0.0
BTC,2015-08-28,222.73,234.81,219.6,231.64,0.0,0.0,0.0,0.0,0.0,0.0,4.000359179275354,0.06926229508196725,0,0.0,0.0,0.0,1.0
BTC,2015-08-29,231.64,233.09,226.35,228.5,0.0,0.0,0.0,0.0,0.0,0.0,-1.3555517181833823,0.029776894190413117,0,0.0,0.0,0.0,0.0
BTC,2015-08-30,228.5,232.32,225.44,228.4,0.0,0.0,0.0,0.0,0.0,0.0,-0.04376367614879401,0.03051809794180268,0,0.0,0.0,0.0,0.0
BTC,2015-08-31,228.4,231.79,224.2,229.47,0.0,0.0,1.0,0.0,0.0,0.0,0.468476357267948,0.033853702051739536,1,1.0,0.0,0.0,0.0
BTC,2015-09-01,229.47,231.45,225.76,227.18,0.0,0.0,0.0,0.0,0.0,0.0,-0.9979518019784688,0.02520375620127568,0,0.0,1.0,0.0,0.0
BTC,2015-09-02,227.18,230.59,225.57,228.63,0.0,0.0,0.0,0.0,0.0,1.0,0.6382604102473759,0.02225473245555708,1,1.0,0.0,1.0,0.0
BTC,2015-09-03,228.63,229.62,225.36,226.2,0.0,1.0,0.0,0.0,0.0,0.0,-1.0628526440099755,0.018903088391906242,1,1.0,1.0,0.0,1.0
BTC,2015-09-04,226.2,231.06,225.75,230.25,1.0,0.0,0.0,0.0,0.0,1.0,1.7904509283819678,0.023521594684385392,1,2.0,1.0,1.0,0.0
BTC,2015-09-05,230.25,235.61,228.29,233.67,0.0,0.0,0.0,0.0,0.0,0.0,1.4853420195439684,0.03206447939024934,0,0.0,1.0,1.0,1.0
BTC,2015-09-06,233.67,243.64,233.67,239.86,0.0,0.0,0.0,0.0,0.0,0.0,2.6490349638379023,0.04266700902982839,0,0.0,0.0,1.0,1.0
BTC,2015-09-07,239.86,242.66,237.49,239.58,0.0,0.0,0.0,0.0,0.0,0.0,-0.11673476194446807,0.02176933765632232,0,0.0,0.0,0.0,1.0
BTC,2015-09-08,239.58,246.38,239.23,243.24,0.0,0.0,0.0,0.0,0.0,0.0,1.5276734284998734,0.029887555908539924,0,0.0,0.0,0.0,0.0
BTC,2015-09-09,243.24,244.34,236.49,237.41,0.0,0.0,0.0,0.0,0.0,0.0,-2.3968097352409194,0.033193792549367815,0,0.0,0.0,0.0,0.0
BTC,2015-09-10,237.41,240.63,234.31,238.08,0.0,0.0,0.0,0.0,0.0,0.0,0.2822122067309784,0.02697281379369209,0,0.0,0.0,0.0,0.0
BTC,2015-09-11,238.08,241.02,237.38,239.9,0.0,0.0,0.0,0.0,0.0,0.0,0.7644489247311799,0.015334063526834673,0,0.0,0.0,0.0,0.0
BTC,2015-09-12,239.9,240.32,233.32,235.6,0.0,0.0,0.0,0.0,0.0,0.0,-1.7924135056273494,0.03000171438367907,0,0.0,0.0,0.0,0.0
BTC,2015-09-13,235.6,236.16,228.28,230.19,0.0,0.0,0.0,0.0,0.0,0.0,-2.2962648556876046,0.03451901173996844,0,0.0,0.0,0.0,0.0
BTC,2015-09-14,230.19,232.64,225.96,229.91,0.0,0.0,0.0,0.0,0.0,0.0,-0.12163864633563627,0.02956275446981757,0,0.0,0.0,0.0,0.0
BTC,2015-09-15,229.91,242.83,228.03,229.53,0.0,0.0,0.0,0.0,0.0,0.0,-0.16528206689573982,0.06490374073586813,0,0.0,0.0,0.0,0.0
BTC,2015-09-16,229.53,230.89,225.05,228.6,0.0,0.0,0.0,0.0,0.0,0.0,-0.40517579401385734,0.025949788935791935,0,0.0,0.0,0.0,0.0
BTC,2015-09-17,228.6,235.17,227.95,232.72,0.0,0.0,0.0,0.0,0.0,0.0,1.8022747156605445,0.03167361263434963,0,0.0,0.0,0.0,0.0
BTC,2015-09-18,232.72,234.69,230.58,232.21,0.0,0.0,0.0,0.0,0.0,0.0,-0.2191474733585385,0.01782461618527186,0,0.0,0.0,0.0,0.0
BTC,2015-09-19,232.21,233.35,230.21,231.11,0.0,0.0,0.0,0.0,0.0,0.0,-0.4737091425864494,0.013639720255418906,0,0.0,0.0,0.0,0.0
BTC,2015-09-20,231.11,232.67,229.93,231.09,0.0,0.0,0.0,0.0,0.0,0.0,-0.008653887759080192,0.011916670290958033,0,0.0,0.0,0.0,0.0
BTC,2015-09-21,231.09,231.63,225.0,226.33,0.0,0.0,0.0,0.0,0.0,0.0,-2.059803539746415,0.029466666666666648,0,0.0,0.0,0.0,0.0
BTC,2015-09-22,226.33,233.24,224.07,230.01,0.0,0.0,0.0,0.0,0.0,0.0,1.6259444174435465,0.04092471102780389,0,0.0,0.0,0.0,0.0
BTC,2015-09-23,230.01,232.2,228.5,229.89,0.0,0.0,0.0,0.0,0.0,0.0,-0.05217164471110149,0.016192560175054656,0,0.0,0.0,0.0,0.0
BTC,2015-09-24,229.89,235.84,229.57,233.76,0.0,0.0,0.0,0.0,0.0,0.0,1.6834138066031603,0.027311931001437514,0,0.0,0.0,0.0,0.0
BTC,2015-09-25,233.76,237.58,232.7,235.03,0.0,0.0,0.0,0.0,0.0,0.0,0.5432922655715308,0.020971207563386437,0,0.0,0.0,0.0,0.0
BTC,2015-09-26,235.03,235.71,232.74,234.3,0.0,0.0,0.0,0.0,0.0,0.0,-0.3105986469812321,0.012761020881670528,0,0.0,0.0,0.0,0.0
BTC,2015-09-27,234.3,234.75,231.84,232.5,0.0,0.0,0.0,0.0,0.0,0.0,-0.7682458386683787,0.012551759834368514,0,0.0,0.0,0.0,0.0
BTC,2015-09-28,232.5,240.39,232.37,238.87,0.0,0.0,0.0,0.0,0.0,0.0,2.739784946236561,0.03451392176270595,0,0.0,0.0,0.0,0.0
BTC,2015-09-29,238.87,240.39,234.8,236.71,0.0,0.0,0.0,0.0,0.0,0.0,-0.9042575459454919,0.02380749574105611,0,0.0,0.0,0.0,0.0
BTC,2015-09-30,236.71,237.83,234.39,235.93,0.0,0.0,0.0,0.0,0.0,0.0,-0.3295171306662165,0.014676394044114622,0,0.0,0.0,0.0,0.0
BTC,2015-10-01,235.93,238.66,234.7,237.05,0.0,0.0,0.0,0.0,0.0,0.0,0.4747170770991415,0.016872603323391598,0,0.0,0.0,0.0,0.0
BTC,2015-10-02,237.05,238.45,235.14,236.71,0.0,0.0,0.0,0.0,0.0,1.0,-0.14342965619067852,0.014076720251764917,1,1.0,0.0,0.0,0.0
BTC,2015-10-03,236.71,239.52,236.07,238.58,0.0,0.0,0.0,0.0,0.0,1.0,0.7899961978792635,0.01461430931503375,1,1.0,1.0,0.0,0.0
BTC,2015-10-04,238.58,277.58,237.51,238.33,0.0,0.0,0.0,0.0,0.0,0.0,-0.10478665437169922,0.16870868595006525,0,0.0,1.0,1.0,0.0
BTC,2015-10-05,238.33,240.53,236.41,240.15,0.0,0.0,0.0,0.0,0.0,1.0,0.7636470440145987,0.017427350788883737,1,1.0,0.0,1.0,1.0
BTC,2015-10-06,240.15,247.61,239.36,246.14,0.0,0.0,0.0,0.0,0.0,1.0,2.494274411825934,0.03446691176470588,1,1.0,1.0,0.0,1.0
BTC,2015-10-07,246.14,247.28,241.65,242.98,0.0,0.0,0.0,0.0,0.0,0.0,-1.2838222149995924,0.0232981584936892,0,0.0,1.0,1.0,0.0
BTC,2015-10-08,242.98,244.79,241.57,242.58,0.0,0.0,0.0,0.0,0.0,0.0,-0.1646226026833391,0.013329469718922047,0,0.0,0.0,1.0,1.0
BTC,2015-10-09,242.58,244.56,241.34,244.04,1.0,0.0,0.0,0.0,0.0,1.0,0.6018633028279246,0.01334217286815281,1,2.0,0.0,0.0,1.0
BTC,2015-10-10,244.04,245.93,242.89,245.35,0.0,0.0,0.0,0.0,0.0,0.0,0.5367972463530578,0.012515953723908027,0,0.0,1.0,0.0,0.0
BTC,2015-10-11,245.35,248.26,244.47,247.65,0.0,0.0,0.0,0.0,0.0,0.0,0.9374363154677039,0.015502924694236479,0,0.0,0.0,1.0,0.0
BTC,2015-10-12,247.65,248.02,244.65,245.35,1.0,0.0,0.0,0.0,0.0,2.0,-0.9287300625883349,0.013774780298385468,1,3.0,0.0,0.0,1.0
BTC,2015-10-13,245.35,251.19,243.11,248.78,0.0,0.0,0.0,0.0,0.0,0.0,1.3980028530670499,0.03323598371107722,0,0.0,1.0,0.0,0.0
BTC,2015-10-14,248.78,255.06,248.28,252.33,0.0,0.0,0.0,0.0,0.0,0.0,1.4269635822815385,0.02730787820202997,0,0.0,0.0,1.0,0.0
BTC,2015-10-15,252.33,256.76,251.17,254.44,0.0,0.0,0.0,0.0,0.0,0.0,0.8362065549082491,0.02225584265636821,0,0.0,0.0,0.0,1.0
BTC,2015-10-16,254.44,267.27,253.93,262.87,0.0,0.0,0.0,0.0,0.0,0.0,3.3131583084420715,0.052534162958295494,0,0.0,0.0,0.0,0.0
BTC,2015-10-17,262.87,275.41,261.74,269.58,0.0,0.0,0.0,0.0,0.0,0.0,2.552592536234633,0.0522274012378697,0,0.0,0.0,0.0,0.0
BTC,2015-10-18,269.58,272.44,259.53,261.67,0.0,0.0,0.0,0.0,0.0,0.0,-2.93419393130053,0.049743767579856,0,0.0,0.0,0.0,0.0
BTC,2015-10-19,261.67,265.95,259.89,263.82,0.0,0.0,0.0,0.0,0.0,0.0,0.8216455841326775,0.023317557428142687,0,0.0,0.0,0.0,0.0
BTC,2015-10-20,263.82,272.12,262.7,269.75,0.0,0.0,0.0,0.0,0.0,0.0,2.247744674399214,0.03585839360487254,0,0.0,0.0,0.0,0.0
BTC,2015-10-21,269.75,272.17,263.54,267.11,1.0,0.0,0.0,0.0,0.0,0.0,-0.9786839666357688,0.032746452151476035,1,1.0,0.0,0.0,0.0
BTC,2015-10-22,267.11,278.74,266.8,274.42,0.0,0.0,0.0,1.0,0.0,0.0,2.736700235857887,0.04475262368815591,1,1.0,1.0,0.0,0.0
BTC,2015-10-23,274.42,279.77,273.17,276.92,0.0,0.0,0.0,0.0,0.0,0.0,0.9110123168865243,0.024160779002086488,0,0.0,1.0,1.0,0.0
BTC,2015-10-24,276.92,283.05,276.92,282.56,0.0,0.0,0.0,0.0,0.0,0.0,2.0366892965477343,0.0221363570706341,0,0.0,0.0,1.0,1.0
BTC,2015-10-25,282.56,295.56,281.75,287.86,0.0,0.0,0.0,0.0,0.0,0.0,1.8757078142695398,0.04901508429458741,0,0.0,0.0,0.0,1.0
BTC,2015-10-26,287.86,287.86,279.62,285.15,0.0,0.0,0.0,0.0,0.0,0.0,-0.9414298617383576,0.029468564480366242,0,0.0,0.0,0.0,0.0
BTC,2015-10-27,285.15,298.43,285.09,294.66,0.0,0.0,0.0,0.0,0.0,0.0,3.335086796422952,0.046792241046687125,0,0.0,0.0,0.0,0.0
BTC,2015-10-28,294.66,307.46,294.02,303.54,0.0,0.0,0.0,0.0,0.0,1.0,3.013642842598247,0.04571117611046867,1,1.0,0.0,0.0,0.0
BTC,2015-10-29,303.54,318.48,300.16,313.63,0.0,0.0,0.0,0.0,0.0,0.0,3.3241088489161146,0.06103411513859272,0,0.0,1.0,0.0,0.0
BTC,2015-10-30,313.63,334.92,310.82,327.12,0.0,0.0,0.0,0.0,0.0,0.0,4.301246691961868,0.07753683804131016,0,0.0,0.0,1.0,0.0
BTC,2015-10-31,327.12,333.25,304.6,311.24,0.0,0.0,0.0,0.0,0.0,0.0,-4.854487649792124,0.09405778069599467,0,0.0,0.0,0.0,1.0
BTC,2015-11-01,311.24,324.34,304.72,322.95,0.0,0.0,0.0,0.0,0.0,0.0,3.7623698753373533,0.06438697820950363,0,0.0,0.0,0.0,0.0
BTC,2015-11-02,322.95,365.75,319.75,359.28,0.0,0.0,0.0,0.0,0.0,0.0,11.249419414770085,0.14386239249413604,0,0.0,0.0,0.0,0.0
BTC,2015-11-03,359.28,416.78,354.58,396.49,0.0,0.0,0.0,0.0,0.0,0.0,10.356824760632387,0.17541880534717127,0,0.0,0.0,0.0,0.0
BTC,2015-11-04,396.49,492.8,368.62,400.89,0.0,0.0,0.0,0.0,0.0,0.0,1.10973795051577,0.33687808583364987,0,0.0,0.0,0.0,0.0
BTC,2015-11-05,400.89,447.24,366.08,382.7,0.0,0.0,0.0,0.0,0.0,0.0,-4.537404275487042,0.2217001748251749,0,0.0,0.0,0.0,0.0
BTC,2015-11-06,382.7,396.35,348.84,369.81,0.0,0.0,0.0,0.0,0.0,0.0,-3.368173504050166,0.13619424377938324,0,0.0,0.0,0.0,0.0
BTC,2015-11-07,369.81,391.75,368.98,385.09,0.0,0.0,0.0,0.0,0.0,0.0,4.131851491306339,0.06171066182448908,0,0.0,0.0,0.0,0.0
BTC,2015-11-08,385.09,389.78,365.49,371.56,0.0,0.0,0.0,0.0,0.0,0.0,-3.513464384948966,0.06645872664094767,0,0.0,0.0,0.0,0.0
BTC,2015-11-09,371.56,385.11,360.17,380.22,0.0,0.0,0.0,0.0,0.0,0.0,2.330713747443219,0.06924507871283005,0,0.0,0.0,0.0,0.0
BTC,2015-11-10,380.22,381.38,323.21,336.69,0.0,1.0,0.0,0.0,0.0,1.0,-11.448635000789025,0.1799758670833205,1,2.0,0.0,0.0,0.0
BTC,2015-11-11,336.69,341.76,292.38,304.71,0.0,0.0,0.0,0.0,0.0,0.0,-9.498351599394107,0.16888980094397701,0,0.0,1.0,0.0,0.0
BTC,2015-11-12,304.71,346.13,304.71,333.85,0.0,0.0,0.0,0.0,0.0,0.0,9.563191231006545,0.13593252600833586,0,0.0,0.0,1.0,0.0
BTC,2015-11-13,333.85,341.79,323.91,333.77,1.0,0.0,0.0,0.0,0.0,1.0,-0.02396285757077757,0.055200518662591444,1,2.0,0.0,0.0,1.0
BTC,2015-11-14,333.77,369.8,326.35,331.77,0.0,0.0,0.0,0.0,0.0,0.0,-0.5992150283129101,0.13313926765742295,0,0.0,1.0,0.0,0.0
BTC,2015-11-15,331.77,334.78,314.16,317.45,0.0,0.0,0.0,0.0,0.0,0.0,-4.316243180516621,0.06563534504710958,0,0.0,0.0,1.0,0.0
BTC,2015-11-16,317.45,332.01,314.06,330.21,0.0,0.0,0.0,0.0,0.0,0.0,4.019530634745626,0.05715468381837862,0,0.0,0.0,0.0,1.0
BTC,2015-11-17,330.21,342.91,328.15,333.91,0.0,0.0,0.0,0.0,0.0,0.0,1.1204990763453697,0.044979430138656254,0,0.0,0.0,0.0,0.0
BTC,2015-11-18,333.91,337.39,329.42,335.92,0.0,0.0,0.0,0.0,0.0,0.0,0.6019586116019259,0.02419403800619261,0,0.0,0.0,0.0,0.0
BTC,2015-11-19,335.92,335.92,323.36,324.98,0.0,0.0,0.0,0.0,0.0,0.0,-3.2567277923315068,0.03884215734784761,0,0.0,0.0,0.0,0.0
BTC,2015-11-20,324.98,327.06,309.48,321.12,0.0,0.0,0.0,0.0,0.0,1.0,-1.1877654009477547,0.05680496316401701,1,1.0,0.0,0.0,0.0
BTC,2015-11-21,321.12,328.42,318.37,324.7,0.0,0.0,0.0,0.0,0.0,0.0,1.1148480318883858,0.03156704463360245,0,0.0,1.0,0.0,0.0
BTC,2015-11-22,324.7,326.94,319.35,322.78,0.0,0.0,0.0,0.0,0.0,0.0,-0.5913150600554408,0.023767026773132846,0,0.0,0.0,1.0,0.0
BTC,2015-11-23,322.78,325.0,319.89,322.12,0.0,0.0,0.0,0.0,0.0,0.0,-0.2044736352933788,0.015974241145393774,0,0.0,0.0,0.0,1.0
BTC,2015-11-24,322.12,323.26,315.54,318.35,0.0,0.0,0.0,0.0,0.0,0.0,-1.1703712902024033,0.024465994802560596,0,0.0,0.0,0.0,0.0
BTC,2015-11-25,318.35,330.04,315.69,327.52,0.0,0.0,0.0,0.0,0.0,0.0,2.880477461912976,0.04545598530203688,0,0.0,0.0,0.0,0.0
BTC,2015-11-26,327.52,368.92,327.4,353.74,0.0,0.0,0.0,0.0,0.0,0.0,8.005617977528098,0.1268173488087967,0,0.0,0.0,0.0,0.0
BTC,2015-11-27,353.74,363.9,345.15,359.52,0.0,0.0,0.0,0.0,0.0,0.0,1.6339684514049788,0.05432420686657975,0,0.0,0.0,0.0,0.0
BTC,2015-11-28,359.52,360.08,350.49,355.83,0.0,0.0,0.0,0.0,0.0,0.0,-1.0263684913217619,0.02736169362891944,0,0.0,0.0,0.0,0.0
BTC,2015-11-29,355.83,372.84,354.55,370.84,0.0,0.0,0.0,0.0,0.0,0.0,4.218306494674421,0.05158651812156244,0,0.0,0.0,0.0,0.0
BTC,2015-11-30,370.84,382.56,367.87,377.97,0.0,0.0,0.0,0.0,0.0,0.0,1.9226620645022254,0.03993258488052844,0,0.0,0.0,0.0,0.0
BTC,2015-12-01,377.97,379.02,353.66,361.8,0.0,0.0,0.0,0.0,0.0,0.0,-4.278117310897694,0.07170728948707786,0,0.0,0.0,0.0,0.0
BTC,2015-12-02,361.8,363.43,347.16,359.98,0.0,0.0,0.0,0.0,0.0,0.0,-0.5030403537866206,0.04686599838691088,0,0.0,0.0,0.0,0.0
BTC,2015-12-03,359.98,371.37,355.47,360.31,0.0,0.0,0.0,0.0,0.0,0.0,0.09167175954219237,0.04472951303907496,0,0.0,0.0,0.0,0.0
BTC,2015-12-04,360.31,363.95,354.31,361.67,0.0,0.0,0.0,0.0,0.0,0.0,0.3774527490216796,0.027207812367700562,0,0.0,0.0,0.0,0.0
BTC,2015-12-05,361.67,390.28,361.5,386.69,0.0,0.0,0.0,0.0,0.0,0.0,6.9179085907042275,0.0796127247579529,0,0.0,0.0,0.0,0.0
BTC,2015-12-06,386.69,402.19,382.62,393.38,0.0,0.0,0.0,0.0,0.0,0.0,1.7300680131371378,0.05114735246458626,0,0.0,0.0,0.0,0.0
BTC,2015-12-07,393.38,398.74,381.69,394.28,0.0,0.0,0.0,0.0,0.0,0.0,0.22878641517107562,0.04466975818072261,0,0.0,0.0,0.0,0.0
BTC,2015-12-08,394.28,411.07,388.03,410.67,0.0,0.0,0.0,0.0,0.0,0.0,4.156944303540643,0.059376852305234186,0,0.0,0.0,0.0,0.0
BTC,2015-12-09,410.67,424.58,403.26,416.0,0.0,0.0,0.0,0.0,0.0,0.0,1.2978790756568497,0.052869116698903915,0,0.0,0.0,0.0,0.0
BTC,2015-12-10,416.0,420.36,409.53,415.49,0.0,0.0,0.0,0.0,0.0,1.0,-0.12259615384615165,0.026444949087979005,1,1.0,0.0,0.0,0.0
BTC,2015-12-11,415.49,453.37,413.72,449.83,0.0,0.0,0.0,0.0,0.0,0.0,8.26494019109966,0.09583776467175861,0,0.0,1.0,0.0,0.0
BTC,2015-12-12,449.83,467.71,403.69,432.29,0.0,0.0,0.0,0.0,0.0,0.0,-3.8992508280906044,0.1585870346057618,0,0.0,0.0,1.0,0.0
BTC,2015-12-13,432.29,440.97,420.76,434.69,0.0,0.0,0.0,0.0,0.0,0.0,0.5551828633556125,0.04803213233197081,0,0.0,0.0,0.0,1.0
BTC,2015-12-14,434.69,449.45,428.84,442.0,0.0,0.0,0.0,0.0,0.0,0.0,1.6816581931951509,0.04805988247364988,0,0.0,0.0,0.0,0.0
BTC,2015-12-15,442.0,464.23,440.72,462.65,0.0,0.0,0.0,0.0,0.0,0.0,4.671945701357461,0.05334452713741149,0,0.0,0.0,0.0,0.0
BTC,2015-12-16,462.65,465.16,437.37,453.98,0.0,0.0,0.0,0.0,0.0,1.0,-1.87398681508699,0.06353888012437986,1,1.0,0.0,0.0,0.0
BTC,2015-12-17,453.98,458.44,447.29,455.53,0.0,0.0,0.0,0.0,0.0,1.0,0.3414247323670546,0.024927899125846715,1,1.0,1.0,0.0,0.0
BTC,2015-12-18,455.53,466.12,453.46,463.18,0.0,0.0,0.0,0.0,0.0,0.0,1.6793625008232245,0.02791866978344292,0,0.0,1.0,1.0,0.0
BTC,2015-12-19,463.18,465.99,452.33,461.2,0.0,0.0,0.0,0.0,0.0,0.0,-0.4274795975646656,0.03019919085623334,0,0.0,0.0,1.0,1.0
BTC,2015-12-20,461.2,462.76,431.1,441.78,0.0,0.0,0.0,0.0,0.0,0.0,-4.210754553339119,0.07344003711435854,0,0.0,0.0,0.0,1.0
BTC,2015-12-21,441.78,445.54,423.99,437.59,0.0,0.0,0.0,0.0,0.0,0.0,-0.9484358730589882,0.0508266704403406,0,0.0,0.0,0.0,0.0
BTC,2015-12-22,437.59,443.22,433.25,437.03,0.0,0.0,0.0,0.0,0.0,0.0,-0.12797367398706605,0.023012117714945244,0,0.0,0.0,0.0,0.0
BTC,2015-12-23,437.03,444.78,434.28,442.43,0.0,0.0,0.0,0.0,0.0,0.0,1.2356131158044148,0.024177949709864605,0,0.0,0.0,0.0,0.0
BTC,2015-12-24,442.43,460.62,441.76,452.98,0.0,0.0,0.0,0.0,0.0,0.0,2.384558009176595,0.042692864904020314,0,0.0,0.0,0.0,0.0
BTC,2015-12-25,452.98,457.44,449.52,454.05,0.0,0.0,0.0,0.0,0.0,0.0,0.23621351936067664,0.01761879337960495,0,0.0,0.0,0.0,0.0
BTC,2015-12-26,454.05,456.48,400.45,415.37,0.0,0.0,0.0,0.0,0.0,0.0,-8.518885585287965,0.13991759270820334,0,0.0,0.0,0.0,0.0
BTC,2015-12-27,415.37,425.51,406.09,422.39,0.0,0.0,0.0,0.0,0.0,0.0,1.6900594650552474,0.04782191139895101,0,0.0,0.0,0.0,0.0
BTC,2015-12-28,422.39,429.85,417.14,421.76,0.0,0.0,0.0,0.0,0.0,0.0,-0.14915125831577344,0.030469386776621844,0,0.0,0.0,0.0,0.0
BTC,2015-12-29,421.76,433.56,419.3,431.92,0.0,0.0,0.0,0.0,0.0,0.0,2.4089529590288374,0.034009062723586905,0,0.0,0.0,0.0,0.0
BTC,2015-12-30,431.92,435.04,420.77,427.15,0.0,0.0,0.0,0.0,0.0,0.0,-1.1043711798481288,0.03391401478242279,0,0.0,0.0,0.0,0.0
BTC,2015-12-31,427.15,433.12,417.14,429.95,0.0,0.0,0.0,0.0,0.0,0.0,0.6555074329860732,0.03830848156494227,0,0.0,0.0,0.0,0.0
BTC,2016-01-01,429.95,437.95,425.86,433.99,0.0,0.0,0.0,0.0,0.0,0.0,0.9396441446679895,0.028389611609449056,0,0.0,0.0,0.0,0.0
BTC,2016-01-02,433.99,437.43,430.73,433.72,0.0,0.0,0.0,0.0,0.0,0.0,-0.06221341505564225,0.015554988043553939,0,0.0,0.0,0.0,0.0
BTC,2016-01-03,433.72,434.14,423.09,430.7,0.0,0.0,0.0,0.0,0.0,0.0,-0.6963017615051273,0.026117374553877453,0,0.0,0.0,0.0,0.0
BTC,2016-01-04,430.7,435.26,428.6,433.32,0.0,0.0,0.0,0.0,0.0,0.0,0.6083120501509182,0.015538964069061988,0,0.0,0.0,0.0,0.0
BTC,2016-01-05,433.32,435.25,428.87,431.2,0.0,0.0,0.0,0.0,0.0,0.0,-0.48924582294839947,0.01487630284235315,0,0.0,0.0,0.0,0.0
BTC,2016-01-06,431.2,432.11,425.0,430.82,0.0,0.0,0.0,0.0,0.0,0.0,-0.08812615955472994,0.016729411764705913,0,0.0,0.0,0.0,0.0
BTC,2016-01-07,430.82,457.54,428.52,457.05,0.0,0.0,0.0,0.0,0.0,0.0,6.088389582656334,0.06772145990852245,0,0.0,0.0,0.0,0.0
BTC,2016-01-08,457.05,462.92,446.51,452.87,0.0,0.0,0.0,0.0,0.0,0.0,-0.9145607701564396,0.036751696490560176,0,0.0,0.0,0.0,0.0
BTC,2016-01-09,452.87,454.55,444.9,448.31,0.0,0.0,0.0,0.0,0.0,0.0,-1.0069114756994286,0.021690267475837344,0,0.0,0.0,0.0,0.0
BTC,2016-01-10,448.31,448.88,438.62,446.19,0.0,0.0,0.0,0.0,0.0,0.0,-0.4728870647543005,0.023391546213122956,0,0.0,0.0,0.0,0.0
BTC,2016-01-11,446.19,451.08,441.77,447.72,0.0,0.0,0.0,0.0,0.0,1.0,0.34290324749546824,0.02107431468863889,1,1.0,0.0,0.0,0.0
BTC,2016-01-12,447.72,448.41,443.14,445.04,0.0,0.0,0.0,0.0,0.0,0.0,-0.5985884034664537,0.011892404206345712,0,0.0,1.0,0.0,0.0
BTC,2016-01-13,445.04,445.04,420.39,432.18,0.0,0.0,0.0,0.0,0.0,0.0,-2.8896278986158577,0.05863602844977291,0,0.0,0.0,1.0,0.0
BTC,2016-01-14,432.18,433.74,427.01,429.13,0.0,0.0,0.0,0.0,0.0,0.0,-0.7057244666574138,0.01576075501744694,0,0.0,0.0,0.0,1.0
BTC,2016-01-15,429.13,430.15,364.71,372.26,0.0,0.0,0.0,0.0,0.0,0.0,-13.252394379325613,0.17943023223931343,0,0.0,0.0,0.0,0.0
BTC,2016-01-16,372.26,386.72,350.39,385.04,0.0,0.0,0.0,0.0,0.0,0.0,3.4330844033739942,0.10368446588087572,0,0.0,0.0,0.0,0.0
BTC,2016-01-17,385.04,390.72,377.71,382.47,0.0,0.0,0.0,0.0,0.0,0.0,-0.6674631207147291,0.0344444150274021,0,0.0,0.0,0.0,0.0
BTC,2016-01-18,382.47,387.29,373.21,384.4,1.0,0.0,0.0,0.0,0.0,1.0,0.5046147410254268,0.03772674901529981,1,2.0,0.0,0.0,0.0
BTC,2016-01-19,384.4,386.69,375.89,379.46,0.0,0.0,0.0,0.0,0.0,0.0,-1.285119667013527,0.028731809837984547,0,0.0,1.0,0.0,0.0
BTC,2016-01-20,379.46,425.72,374.05,414.58,0.0,0.0,0.0,0.0,0.0,1.0,9.255257471143205,0.13813661275230588,1,1.0,0.0,1.0,0.0
BTC,2016-01-21,414.58,423.42,403.86,410.24,0.0,0.0,0.0,0.0,0.0,0.0,-1.046842587679091,0.04843262516713713,0,0.0,1.0,0.0,1.0
BTC,2016-01-22,410.24,411.49,374.9,382.65,0.0,0.0,0.0,0.0,0.0,0.0,-6.725331513260538,0.0975993598292879,0,0.0,0.0,1.0,0.0
BTC,2016-01-23,382.65,395.43,380.27,388.61,0.0,0.0,0.0,0.0,0.0,0.0,1.5575591271396934,0.039866410708181095,0,0.0,0.0,0.0,1.0
BTC,2016-01-24,388.61,405.4,385.53,402.13,0.0,0.0,0.0,0.0,0.0,0.0,3.4790664162013285,0.05153943921355019,0,0.0,0.0,0.0,0.0
BTC,2016-01-25,402.13,403.78,386.85,392.76,0.0,0.0,0.0,0.0,0.0,1.0,-2.330092258722305,0.0437637327129377,1,1.0,0.0,0.0,0.0
BTC,2016-01-26,392.76,397.74,387.9,389.78,0.0,0.0,0.0,0.0,0.0,1.0,-0.7587330685405892,0.025367362722351204,1,1.0,1.0,0.0,0.0
BTC,2016-01-27,389.78,397.37,389.35,395.02,0.0,0.0,0.0,0.0,0.0,0.0,1.344348093796503,0.02059843328624626,0,0.0,1.0,1.0,0.0
BTC,2016-01-28,395.02,395.42,376.71,379.69,0.0,0.0,0.0,0.0,0.0,0.0,-3.8808161612070236,0.04966685248599729,0,0.0,0.0,1.0,1.0
BTC,2016-01-29,379.69,385.75,363.49,380.29,0.0,0.0,0.0,0.0,0.0,1.0,0.15802365087308665,0.06123964895870585,1,1.0,0.0,0.0,1.0
BTC,2016-01-30,380.29,381.75,375.04,377.76,0.0,0.0,0.0,0.0,0.0,0.0,-0.6652817586578741,0.017891424914675713,0,0.0,1.0,0.0,0.0
BTC,2016-01-31,377.76,380.54,366.88,369.84,0.0,0.0,0.0,0.0,0.0,0.0,-2.0965692503176663,0.03723288268643705,0,0.0,0.0,1.0,0.0
BTC,2016-02-01,369.84,379.78,365.27,372.18,0.0,0.0,0.0,0.0,0.0,0.0,0.632706035042189,0.03972403975141674,0,0.0,0.0,0.0,1.0
BTC,2016-02-02,372.18,376.63,371.4,373.92,0.0,0.0,0.0,0.0,0.0,0.0,0.467515718200873,0.014081852450188526,0,0.0,0.0,0.0,0.0
BTC,2016-02-03,373.92,375.89,366.2,368.02,0.0,0.0,0.0,1.0,0.0,1.0,-1.577877620881481,0.0264609503003823,1,2.0,0.0,0.0,0.0
BTC,2016-02-04,368.02,391.83,368.02,390.65,0.0,0.0,0.0,0.0,0.0,0.0,6.149122330308134,0.06469757078419652,0,0.0,1.0,0.0,0.0
BTC,2016-02-05,390.65,391.15,384.48,386.46,0.0,0.0,0.0,0.0,0.0,0.0,-1.0725713554332517,0.017348106533499684,0,0.0,0.0,1.0,0.0
BTC,2016-02-06,386.46,386.46,372.87,376.68,0.0,0.0,0.0,0.0,0.0,0.0,-2.530662940537177,0.03644701906830792,0,0.0,0.0,0.0,1.0
BTC,2016-02-07,376.68,382.61,375.28,377.94,0.0,0.0,0.0,0.0,0.0,0.0,0.33450143357757006,0.019532082711575468,0,0.0,0.0,0.0,0.0
BTC,2016-02-08,377.94,380.92,372.1,372.63,0.0,0.0,0.0,0.0,0.0,0.0,-1.4049849182409913,0.023703305563020673,0,0.0,0.0,0.0,0.0
BTC,2016-02-09,372.63,377.59,371.42,375.32,0.0,0.0,0.0,0.0,0.0,1.0,0.7218957142473762,0.0166119218135802,1,1.0,0.0,0.0,0.0
BTC,2016-02-10,375.32,385.38,374.09,381.88,0.0,0.0,0.0,0.0,0.0,1.0,1.7478418416284776,0.03017990323184266,1,1.0,1.0,0.0,0.0
BTC,2016-02-11,381.88,383.23,372.75,379.45,0.0,0.0,0.0,0.0,0.0,1.0,-0.6363255472923449,0.02811535881958422,1,1.0,1.0,1.0,0.0
BTC,2016-02-12,379.45,386.4,379.32,384.04,0.0,0.0,0.0,0.0,0.0,0.0,1.2096455395967933,0.018664979436887018,0,0.0,1.0,1.0,1.0
BTC,2016-02-13,384.04,392.57,383.31,390.1,0.0,0.0,0.0,0.0,0.0,0.0,1.5779606291011359,0.024157992225613708,0,0.0,0.0,1.0,1.0
BTC,2016-02-14,390.1,405.93,390.06,405.5,0.0,0.0,0.0,0.0,0.0,0.0,3.947705716482947,0.04068604830026151,0,0.0,0.0,0.0,1.0
BTC,2016-02-15,405.5,410.85,396.56,401.07,0.0,0.0,0.0,0.0,0.0,0.0,-1.0924784217016046,0.03603490014121449,0,0.0,0.0,0.0,0.0
BTC,2016-02-16,401.07,409.75,398.0,406.42,0.0,0.0,0.0,0.0,0.0,0.0,1.33393173261526,0.029522613065326633,0,0.0,0.0,0.0,0.0
BTC,2016-02-17,406.42,421.45,405.05,417.14,0.0,0.0,0.0,0.0,0.0,0.0,2.637665469219027,0.040488828539686404,0,0.0,0.0,0.0,0.0
BTC,2016-02-18,417.14,425.51,414.78,421.4,0.0,0.0,0.0,0.0,0.0,0.0,1.021239871505967,0.025869135445296346,0,0.0,0.0,0.0,0.0
BTC,2016-02-19,421.4,424.26,416.36,419.98,0.0,0.0,0.0,0.0,0.0,0.0,-0.3369719981015565,0.0189739648381208,0,0.0,0.0,0.0,0.0
BTC,2016-02-20,419.98,442.66,419.49,440.06,0.0,0.0,0.0,0.0,0.0,1.0,4.781180056193148,0.05523373620348522,1,1.0,0.0,0.0,0.0
BTC,2016-02-21,440.06,447.61,425.47,437.87,0.0,0.0,0.0,0.0,0.0,0.0,-0.49765941008044307,0.05203657132112719,0,0.0,1.0,0.0,0.0
BTC,2016-02-22,437.87,440.18,431.3,437.79,0.0,0.0,0.0,0.0,0.0,0.0,-0.018270262863403313,0.020588917226988163,0,0.0,0.0,1.0,0.0
BTC,2016-02-23,437.79,440.76,414.36,419.9,1.0,1.0,0.0,0.0,0.0,1.0,-4.086434135087609,0.06371271358239207,1,3.0,0.0,0.0,1.0
BTC,2016-02-24,419.9,425.17,410.36,422.72,0.0,0.0,0.0,0.0,0.0,0.0,0.6715884734460705,0.03609026220879229,0,0.0,1.0,0.0,0.0
BTC,2016-02-25,422.72,427.18,417.51,423.48,0.0,0.0,0.0,0.0,0.0,0.0,0.17978803936411594,0.023161121889296102,0,0.0,0.0,1.0,0.0
BTC,2016-02-26,423.48,427.58,419.11,427.32,0.0,0.0,0.0,0.0,0.0,0.0,0.9067724567866191,0.020209491541599987,0,0.0,0.0,0.0,1.0
BTC,2016-02-27,427.32,434.14,427.3,431.3,0.0,0.0,0.0,0.0,0.0,1.0,0.9313863147056113,0.016007488883688217,1,1.0,0.0,0.0,0.0
BTC,2016-02-28,431.3,435.62,421.22,432.47,0.0,0.0,0.0,0.0,0.0,0.0,0.2712728958961317,0.034186410901666534,0,0.0,1.0,0.0,0.0
BTC,2016-02-29,432.47,441.32,429.83,436.21,0.0,0.0,0.0,0.0,0.0,0.0,0.8647998705112382,0.026731498499406765,0,0.0,0.0,1.0,0.0
BTC,2016-03-01,436.21,439.02,428.49,434.04,0.0,0.0,0.0,0.0,0.0,0.0,-0.49746681644161284,0.024574669187145494,0,0.0,0.0,0.0,1.0
BTC,2016-03-02,434.04,435.91,423.85,425.36,0.0,1.0,0.0,0.0,0.0,1.0,-1.9998156851903066,0.028453462309779406,1,2.0,0.0,0.0,0.0
BTC,2016-03-03,425.36,425.83,414.94,419.56,0.0,0.0,0.0,0.0,0.0,1.0,-1.363550874553322,0.026244758278305264,1,1.0,1.0,0.0,0.0
BTC,2016-03-04,419.56,423.39,407.2,409.48,0.0,0.0,0.0,0.0,0.0,2.0,-2.402516922490224,0.039759332023575636,1,2.0,1.0,1.0,0.0
BTC,2016-03-05,409.48,410.06,386.93,399.0,0.0,0.0,0.0,0.0,0.0,0.0,-2.5593435576829195,0.059778254464631836,0,0.0,1.0,1.0,1.0
BTC,2016-03-06,399.0,412.02,393.09,405.96,0.0,0.0,0.0,0.0,0.0,0.0,1.7443609022556341,0.04815691063115319,0,0.0,0.0,1.0,1.0
BTC,2016-03-07,405.96,416.58,401.98,414.87,0.0,0.0,0.0,0.0,0.0,0.0,2.194797516996755,0.03632021493606639,0,0.0,0.0,0.0,1.0
BTC,2016-03-08,414.87,416.72,408.42,411.9,0.0,0.0,0.0,0.0,0.0,0.0,-0.7158869043314838,0.020322217325302414,0,0.0,0.0,0.0,0.0
BTC,2016-03-09,411.9,414.88,408.94,412.76,0.0,0.0,0.0,0.0,0.0,0.0,0.2087885409079907,0.014525358243263065,0,0.0,0.0,0.0,0.0
BTC,2016-03-10,412.76,417.48,410.27,415.83,0.0,0.0,0.0,0.0,0.0,0.0,0.7437736214749474,0.017573792868111334,0,0.0,0.0,0.0,0.0
BTC,2016-03-11,415.83,422.4,415.11,419.11,0.0,0.0,0.0,0.0,0.0,1.0,0.7887838780270854,0.017561610175616013,1,1.0,0.0,0.0,0.0
BTC,2016-03-12,419.11,420.67,407.03,410.36,0.0,0.0,0.0,0.0,0.0,0.0,-2.087757390661163,0.03351104341203362,0,0.0,1.0,0.0,0.0
BTC,2016-03-13,410.36,415.93,409.57,412.41,0.0,0.0,0.0,0.0,0.0,0.0,0.4995613607564117,0.015528481089923612,0,0.0,0.0,1.0,0.0
BTC,2016-03-14,412.41,416.08,411.19,414.31,0.0,0.0,0.0,0.0,0.0,0.0,0.46070657840497975,0.011892312556239175,0,0.0,0.0,0.0,1.0
BTC,2016-03-15,414.31,417.37,412.31,415.13,0.0,0.0,0.0,0.0,0.0,0.0,0.19791943230913883,0.012272319371346808,0,0.0,0.0,0.0,0.0
BTC,2016-03-16,415.13,416.95,413.32,415.91,0.0,0.0,0.0,1.0,0.0,0.0,0.18789294919664432,0.008782541372302322,1,1.0,0.0,0.0,0.0
BTC,2016-03-17,415.91,419.56,415.33,418.16,0.0,0.0,0.0,0.0,0.0,0.0,0.5409824240821332,0.010184672429152766,0,0.0,1.0,0.0,0.0
BTC,2016-03-18,418.16,418.58,402.48,408.16,0.0,0.0,0.0,0.0,0.0,0.0,-2.391429118040941,0.0400019876764062,0,0.0,0.0,1.0,0.0
BTC,2016-03-19,408.16,410.49,402.13,408.69,0.0,0.0,0.0,0.0,0.0,1.0,0.1298510388083038,0.020789296993509596,1,1.0,0.0,0.0,1.0
BTC,2016-03-20,408.69,413.45,407.24,411.53,0.0,0.0,0.0,0.0,0.0,0.0,0.6949032273850534,0.015248993222669628,0,0.0,1.0,0.0,0.0
BTC,2016-03-21,411.53,413.09,407.25,411.11,0.0,0.0,0.0,0.0,0.0,0.0,-0.10205817315869052,0.014340085942295825,0,0.0,0.0,1.0,0.0
BTC,2016-03-22,411.11,417.94,410.78,416.21,0.0,0.0,0.0,0.0,0.0,0.0,1.2405438933618655,0.01743025463751893,0,0.0,0.0,0.0,1.0
BTC,2016-03-23,416.21,419.58,414.18,416.98,0.0,0.0,0.0,0.0,0.0,0.0,0.1850027630282883,0.013037809647979084,0,0.0,0.0,0.0,0.0
BTC,2016-03-24,416.98,417.68,412.88,414.74,0.0,0.0,0.0,0.0,0.0,0.0,-0.5371960285865051,0.011625653943034324,0,0.0,0.0,0.0,0.0
BTC,2016-03-25,414.74,417.3,412.41,415.71,0.0,0.0,0.0,0.0,0.0,0.0,0.23388146790759762,0.011857132465265116,0,0.0,0.0,0.0,0.0
BTC,2016-03-26,415.71,417.71,413.93,416.51,0.0,0.0,0.0,0.0,0.0,0.0,0.1924418464795197,0.00913197883700136,0,0.0,0.0,0.0,0.0
BTC,2016-03-27,416.51,427.36,415.5,424.57,0.0,0.0,0.0,0.0,0.0,0.0,1.9351276079806012,0.02854392298435623,0,0.0,0.0,0.0,0.0
BTC,2016-03-28,424.57,425.36,419.7,422.21,0.0,0.0,0.0,0.0,0.0,0.0,-0.5558565136491069,0.013485823207052716,0,0.0,0.0,0.0,0.0
BTC,2016-03-29,422.21,424.53,406.36,415.0,1.0,0.0,0.0,0.0,0.0,1.0,-1.7076810118187582,0.04471404665813554,1,2.0,0.0,0.0,0.0
BTC,2016-03-30,415.0,416.22,408.4,412.44,0.0,0.0,0.0,0.0,0.0,0.0,-0.6168674698795187,0.01914789422135174,0,0.0,1.0,0.0,0.0
BTC,2016-03-31,412.44,417.16,411.45,415.66,0.0,0.0,0.0,0.0,0.0,1.0,0.7807196198234961,0.013877749422773209,1,1.0,0.0,1.0,0.0
BTC,2016-04-01,415.66,416.86,412.79,415.64,0.0,0.0,0.0,0.0,0.0,0.0,-0.004811624885733208,0.00985973497419994,0,0.0,1.0,0.0,1.0
BTC,2016-04-02,415.64,420.09,415.09,418.51,0.0,0.0,0.0,0.0,0.0,0.0,0.6905013954383613,0.012045580476523165,0,0.0,0.0,1.0,0.0
BTC,2016-04-03,418.51,420.18,416.95,419.06,0.0,0.0,0.0,0.0,0.0,0.0,0.1314186040954843,0.0077467322220890235,0,0.0,0.0,0.0,1.0
BTC,2016-04-04,419.06,420.39,416.21,419.33,0.0,0.0,0.0,0.0,0.0,0.0,0.06442991457070152,0.010043007135820877,0,0.0,0.0,0.0,0.0
BTC,2016-04-05,419.33,423.67,417.95,422.07,0.0,0.0,0.0,1.0,0.0,1.0,0.653423318150385,0.013685847589424639,1,2.0,0.0,0.0,0.0
BTC,2016-04-06,422.07,422.81,419.54,421.26,0.0,0.0,0.0,0.0,0.0,0.0,-0.19191129433506346,0.007794250846164803,0,0.0,1.0,0.0,0.0
BTC,2016-04-07,421.26,422.03,417.94,420.14,0.0,0.0,0.0,0.0,0.0,0.0,-0.26586905948820316,0.00978609369765989,0,0.0,0.0,1.0,0.0
BTC,2016-04-08,420.14,423.51,415.5,417.69,1.0,1.0,0.0,0.0,0.0,1.0,-0.5831389536821033,0.01927797833935016,1,3.0,0.0,0.0,1.0
BTC,2016-04-09,417.69,418.85,412.39,418.05,0.0,0.0,0.0,0.0,0.0,1.0,0.0861883214824424,0.01566478333616246,1,1.0,1.0,0.0,0.0
BTC,2016-04-10,418.05,421.63,416.69,420.25,0.0,0.0,0.0,0.0,0.0,0.0,0.5262528405693072,0.011855336101178329,0,0.0,1.0,1.0,0.0
BTC,2016-04-11,420.25,422.35,418.11,421.43,0.0,0.0,0.0,0.0,0.0,0.0,0.28078524687686063,0.01014087201932508,0,0.0,0.0,1.0,1.0
BTC,2016-04-12,421.43,426.69,420.7,424.74,1.0,1.0,1.0,1.0,0.0,2.0,0.7854210663692671,0.014238174471119585,1,6.0,0.0,0.0,1.0
BTC,2016-04-13,424.74,426.58,421.41,423.47,0.0,1.0,0.0,0.0,0.0,1.0,-0.2990064510053166,0.012268337248760017,1,2.0,1.0,0.0,0.0
BTC,2016-04-14,423.47,425.44,421.84,424.02,0.0,0.0,0.0,0.0,0.0,0.0,0.12987933029493343,0.008534041342689225,0,0.0,1.0,1.0,0.0
BTC,2016-04-15,424.02,429.49,423.25,428.67,0.0,0.0,0.0,0.0,0.0,0.0,1.0966463846045078,0.014743059657412898,0,0.0,0.0,1.0,1.0
BTC,2016-04-16,428.67,432.0,426.84,430.05,0.0,0.0,0.0,0.0,0.0,0.0,0.3219259570298821,0.0120888389091932,0,0.0,0.0,0.0,1.0
BTC,2016-04-17,430.05,430.62,423.79,426.26,0.0,0.0,0.0,0.0,0.0,0.0,-0.881292872921758,0.016116472781330337,0,0.0,0.0,0.0,0.0
BTC,2016-04-18,426.26,429.07,424.35,427.69,0.0,0.0,0.0,0.0,0.0,0.0,0.3354760005630382,0.011122893837633959,0,0.0,0.0,0.0,0.0
BTC,2016-04-19,427.69,436.07,426.84,434.92,0.0,0.0,0.0,0.0,0.0,0.0,1.6904767471766977,0.021624027738731184,0,0.0,0.0,0.0,0.0
BTC,2016-04-20,434.92,442.86,432.51,441.16,0.0,0.0,0.0,0.0,0.0,0.0,1.4347466200680605,0.023930082541444183,0,0.0,0.0,0.0,0.0
BTC,2016-04-21,441.16,450.8,439.53,449.34,0.0,0.0,0.0,0.0,0.0,0.0,1.854202556895446,0.02564102564102573,0,0.0,0.0,0.0,0.0
BTC,2016-04-22,449.34,450.19,441.9,445.28,0.0,0.0,0.0,0.0,0.0,0.0,-0.9035474251123877,0.018759900429961576,0,0.0,0.0,0.0,0.0
BTC,2016-04-23,445.28,451.48,443.07,450.08,0.0,0.0,0.0,0.0,0.0,0.0,1.0779734099892229,0.01898119935901782,0,0.0,0.0,0.0,0.0
BTC,2016-04-24,450.08,461.78,447.89,457.56,0.0,0.0,0.0,0.0,0.0,0.0,1.6619267685744799,0.0310120788586483,0,0.0,0.0,0.0,0.0
BTC,2016-04-25,457.56,466.23,451.79,461.73,1.0,0.0,1.0,0.0,0.0,0.0,0.9113558877524294,0.031961752141481656,1,2.0,0.0,0.0,0.0
BTC,2016-04-26,461.73,468.86,459.23,466.0,0.0,0.0,0.0,0.0,0.0,1.0,0.9247828817707279,0.020969884371665602,1,1.0,1.0,0.0,0.0
BTC,2016-04-27,466.0,467.87,444.62,447.01,0.0,0.0,0.0,0.0,0.0,0.0,-4.075107296137341,0.05229184472133507,0,0.0,1.0,1.0,0.0
BTC,2016-04-28,447.01,450.1,433.9,448.48,0.0,0.0,0.0,0.0,0.0,0.0,0.3288517035413139,0.037335791657063945,0,0.0,0.0,1.0,1.0
BTC,2016-04-29,448.48,456.31,445.22,454.98,0.0,0.0,0.0,0.0,0.0,0.0,1.4493399928647877,0.024909033736130393,0,0.0,0.0,0.0,1.0
BTC,2016-04-30,454.98,456.86,446.65,448.53,0.0,0.0,0.0,0.0,0.0,0.0,-1.4176447316365655,0.022859061905295058,0,0.0,0.0,0.0,0.0
BTC,2016-05-01,448.53,454.21,447.52,452.24,0.0,0.0,0.0,0.0,0.0,0.0,0.8271464562013772,0.014949052556310329,0,0.0,0.0,0.0,0.0
BTC,2016-05-02,452.24,453.87,440.21,444.18,0.0,0.0,0.0,0.0,0.0,0.0,-1.7822395188395548,0.031030644465141696,0,0.0,0.0,0.0,0.0
BTC,2016-05-03,444.18,451.54,441.55,450.27,0.0,0.0,0.0,0.0,0.0,0.0,1.3710657841415586,0.02262484429849396,0,0.0,0.0,0.0,0.0
BTC,2016-05-04,450.27,450.87,444.22,445.8,0.0,0.0,0.0,0.0,0.0,0.0,-0.9927376907188954,0.014970059880239469,0,0.0,0.0,0.0,0.0
BTC,2016-05-05,445.8,449.19,444.35,448.08,1.0,0.0,0.0,0.0,0.0,0.0,0.5114401076715955,0.010892314616856025,1,1.0,0.0,0.0,0.0
BTC,2016-05-06,448.08,461.48,445.72,459.56,0.0,0.0,0.0,0.0,0.0,0.0,2.5620424924120733,0.03535852104460197,0,0.0,1.0,0.0,0.0
BTC,2016-05-07,459.56,460.61,454.6,458.46,0.0,0.0,0.0,0.0,0.0,0.0,-0.2393593872399736,0.013220413550373934,0,0.0,0.0,1.0,0.0
BTC,2016-05-08,458.46,460.18,454.94,457.87,0.0,0.0,0.0,0.0,0.0,0.0,-0.12869170701914562,0.011518002373939441,0,0.0,0.0,0.0,1.0
BTC,2016-05-09,457.87,464.18,455.38,460.44,0.0,0.0,0.0,0.0,0.0,0.0,0.5612946906327109,0.019324520180947807,0,0.0,0.0,0.0,0.0
BTC,2016-05-10,460.44,462.14,446.81,449.36,0.0,0.0,0.0,0.0,0.0,0.0,-2.406393884110847,0.03430988563371452,0,0.0,0.0,0.0,0.0
BTC,2016-05-11,449.36,456.15,449.36,452.5,0.0,1.0,0.0,0.0,0.0,2.0,0.6987715862560054,0.01511037920598176,1,3.0,0.0,0.0,0.0
BTC,2016-05-12,452.5,455.34,448.4,454.43,0.0,0.0,0.0,0.0,0.0,0.0,0.4265193370165761,0.015477252453166812,0,0.0,1.0,0.0,0.0
BTC,2016-05-13,454.43,457.22,451.49,455.41,0.0,0.0,0.0,0.0,0.0,0.0,0.21565477631318752,0.012691310992491569,0,0.0,0.0,1.0,0.0
BTC,2016-05-14,455.41,457.74,453.58,456.44,0.0,0.0,0.0,0.0,0.0,0.0,0.22616982499285757,0.009171480223995823,0,0.0,0.0,0.0,1.0
BTC,2016-05-15,456.44,460.28,455.0,458.11,0.0,0.0,0.0,0.0,0.0,0.0,0.3658750328630304,0.011604395604395544,0,0.0,0.0,0.0,0.0
BTC,2016-05-16,458.11,459.57,450.73,454.87,0.0,0.0,0.0,0.0,0.0,0.0,-0.7072537163563356,0.019612628402813158,0,0.0,0.0,0.0,0.0
BTC,2016-05-17,454.87,456.3,451.71,453.25,0.0,0.0,0.0,1.0,0.0,1.0,-0.35614571196166034,0.010161386730424458,1,2.0,0.0,0.0,0.0
BTC,2016-05-18,453.25,456.65,452.35,454.22,0.0,0.0,0.0,0.0,0.0,0.0,0.21400992829564858,0.009505913562506808,0,0.0,1.0,0.0,0.0
BTC,2016-05-19,454.22,455.19,441.12,442.66,0.0,0.0,1.0,0.0,0.0,1.0,-2.54502223592092,0.031896082698585404,1,2.0,0.0,1.0,0.0
BTC,2016-05-20,442.66,447.76,435.42,442.11,0.0,0.0,0.0,0.0,0.0,0.0,-0.12424885916956838,0.028340452896054327,0,0.0,1.0,0.0,1.0
BTC,2016-05-21,442.11,445.24,439.73,443.64,0.0,0.0,0.0,0.0,0.0,0.0,0.3460677207029863,0.012530416391876813,0,0.0,0.0,1.0,0.0
BTC,2016-05-22,443.64,444.24,436.94,439.62,0.0,0.0,0.0,0.0,0.0,0.0,-0.9061401136056221,0.01670709937291164,0,0.0,0.0,0.0,1.0
BTC,2016-05-23,439.62,444.99,438.24,443.69,0.0,0.0,0.0,0.0,0.0,0.0,0.9257995541604096,0.015402519167579409,0,0.0,0.0,0.0,0.0
BTC,2016-05-24,443.69,447.9,442.02,446.11,0.0,0.0,0.0,0.0,0.0,0.0,0.5454258603980292,0.013302565494773983,0,0.0,0.0,0.0,0.0
BTC,2016-05-25,446.11,451.21,445.35,449.78,0.0,0.0,0.0,0.0,0.0,1.0,0.822667055210589,0.013158190187492886,1,1.0,0.0,0.0,0.0
BTC,2016-05-26,449.78,454.25,447.67,453.3,0.0,0.0,0.0,0.0,0.0,0.0,0.7826048290275331,0.014698326892577086,0,0.0,1.0,0.0,0.0
BTC,2016-05-27,453.3,479.22,452.71,474.05,0.0,0.0,0.0,0.0,0.0,0.0,4.57754246635782,0.058558459057675,0,0.0,0.0,1.0,0.0
BTC,2016-05-28,474.05,531.76,467.05,524.22,0.0,0.0,0.0,0.0,0.0,0.0,10.58327180677144,0.13855047639439028,0,0.0,0.0,0.0,1.0
BTC,2016-05-29,524.22,548.04,493.22,516.05,0.0,0.0,0.0,0.0,0.0,0.0,-1.5585059707756423,0.1111471554275981,0,0.0,0.0,0.0,0.0
BTC,2016-05-30,516.05,544.18,512.81,532.26,0.0,0.0,0.0,0.0,0.0,0.0,3.1411684914252564,0.06117275404145787,0,0.0,0.0,0.0,0.0
BTC,2016-05-31,532.26,546.92,513.15,528.92,0.0,0.0,0.0,0.0,0.0,0.0,-0.6275128696501769,0.06580921757770629,0,0.0,0.0,0.0,0.0
BTC,2016-06-01,528.92,542.26,521.3,537.4,0.0,0.0,0.0,0.0,0.0,0.0,1.6032670347122475,0.04020717437176297,0,0.0,0.0,0.0,0.0
BTC,2016-06-02,537.4,541.55,530.47,537.1,0.0,0.0,0.0,0.0,0.0,0.0,-0.05582433941197516,0.020887137821177307,0,0.0,0.0,0.0,0.0
BTC,2016-06-03,537.1,573.72,534.34,567.03,0.0,0.0,0.0,0.0,0.0,0.0,5.572519083969456,0.07369839428079498,0,0.0,0.0,0.0,0.0
BTC,2016-06-04,567.03,592.68,560.87,571.95,0.0,0.0,0.0,0.0,0.0,0.0,0.8676789587852624,0.0567154599104961,0,0.0,0.0,0.0,0.0
BTC,2016-06-05,571.95,583.64,567.77,574.91,0.0,0.0,0.0,0.0,0.0,0.0,0.517527755922707,0.027951459217640955,0,0.0,0.0,0.0,0.0
BTC,2016-06-06,574.91,586.73,571.67,583.58,0.0,0.0,0.0,0.0,0.0,0.0,1.508062131464068,0.026343869715045497,0,0.0,0.0,0.0,0.0
BTC,2016-06-07,583.58,591.32,543.63,575.58,0.0,0.0,0.0,0.0,0.0,1.0,-1.370848898180198,0.0877251071500838,1,1.0,0.0,0.0,0.0
BTC,2016-06-08,575.58,582.44,567.78,580.51,0.0,0.0,1.0,0.0,0.0,1.0,0.8565273289551322,0.02581985980485414,1,2.0,1.0,0.0,0.0
BTC,2016-06-09,580.51,580.71,569.26,574.69,0.0,0.0,0.0,0.0,0.0,1.0,-1.0025667085838206,0.02011383199241128,1,1.0,1.0,1.0,0.0
BTC,2016-06-10,574.69,579.26,571.14,577.89,0.0,0.0,0.0,0.0,0.0,0.0,0.5568219387843761,0.014217179675736255,0,0.0,1.0,1.0,1.0
BTC,2016-06-11,577.89,592.61,576.29,591.6,0.0,0.0,0.0,0.0,0.0,0.0,2.372423817681572,0.028319075465477538,0,0.0,0.0,1.0,1.0
BTC,2016-06-12,591.6,683.85,591.6,666.55,0.0,0.0,0.0,0.0,0.0,0.0,12.669033130493565,0.15593306288032455,0,0.0,0.0,0.0,1.0
BTC,2016-06-13,666.55,718.24,652.78,700.07,0.0,0.0,0.0,0.0,0.0,0.0,5.028880054009466,0.10027880756150623,0,0.0,0.0,0.0,0.0
BTC,2016-06-14,700.07,702.52,654.69,685.14,0.0,0.0,0.0,0.0,0.0,1.0,-2.132643878469305,0.07305747758481101,1,1.0,0.0,0.0,0.0
BTC,2016-06-15,685.14,695.07,670.45,690.77,0.0,0.0,0.0,0.0,0.0,0.0,0.8217298654289628,0.03672160489223656,0,0.0,1.0,0.0,0.0
BTC,2016-06-16,690.77,769.73,687.43,761.21,0.0,0.0,0.0,0.0,0.0,0.0,10.197316038623573,0.11972128071221808,0,0.0,0.0,1.0,0.0
BTC,2016-06-17,761.21,771.89,704.21,743.9,0.0,0.0,0.0,0.0,0.0,0.0,-2.274011113884481,0.09610769514775415,0,0.0,0.0,0.0,1.0
BTC,2016-06-18,743.9,776.04,727.13,753.77,0.0,0.0,0.0,0.0,0.0,0.0,1.3267912353811002,0.06726445064843971,0,0.0,0.0,0.0,0.0
BTC,2016-06-19,753.77,765.1,740.38,761.04,0.0,0.0,0.0,0.0,0.0,0.0,0.9644851877893764,0.03338826008266029,0,0.0,0.0,0.0,0.0
BTC,2016-06-20,761.04,764.6,717.41,733.97,0.0,0.0,0.0,0.0,0.0,0.0,-3.556974666246181,0.06577828577800708,0,0.0,0.0,0.0,0.0
BTC,2016-06-21,733.97,733.97,626.05,667.38,0.0,0.0,0.0,0.0,0.0,0.0,-9.072577898279226,0.17238239757207904,0,0.0,0.0,0.0,0.0
BTC,2016-06-22,667.38,677.8,586.6,590.56,0.0,0.0,0.0,0.0,0.0,0.0,-11.510683568581626,0.1554722127514489,0,0.0,0.0,0.0,0.0
BTC,2016-06-23,590.56,629.55,539.28,620.84,0.0,0.0,0.0,0.0,0.0,0.0,5.127336765104323,0.16738985313751667,0,0.0,0.0,0.0,0.0
BTC,2016-06-24,620.84,687.39,616.41,656.89,0.0,0.0,0.0,0.0,0.0,0.0,5.806649056117511,0.11515063026232543,0,0.0,0.0,0.0,0.0
BTC,2016-06-25,656.89,688.1,640.79,663.52,0.0,0.0,0.0,0.0,0.0,0.0,1.009301405105877,0.0738307401800903,0,0.0,0.0,0.0,0.0
BTC,2016-06-26,663.52,665.19,609.9,625.41,0.0,0.0,0.0,0.0,0.0,0.0,-5.743609838437426,0.09065420560747676,0,0.0,0.0,0.0,0.0
BTC,2016-06-27,625.41,650.34,615.22,644.66,0.0,0.0,0.0,0.0,0.0,0.0,3.077980844565965,0.05708527030980788,0,0.0,0.0,0.0,0.0
BTC,2016-06-28,644.66,659.27,634.26,644.89,0.0,0.0,0.0,0.0,0.0,0.0,0.035677721589678,0.03943177876580581,0,0.0,0.0,0.0,0.0
BTC,2016-06-29,644.89,645.91,621.76,636.54,0.0,0.0,0.0,0.0,0.0,0.0,-1.294794461070884,0.038841353576942836,0,0.0,0.0,0.0,0.0
BTC,2016-06-30,636.54,673.04,631.24,670.02,0.0,0.0,0.0,0.0,0.0,0.0,5.2596851729663525,0.0662188707939927,0,0.0,0.0,0.0,0.0
BTC,2016-07-01,670.02,685.11,661.09,674.57,0.0,0.0,0.0,0.0,0.0,0.0,0.6790842064416089,0.03633393335249358,0,0.0,0.0,0.0,0.0
BTC,2016-07-02,674.57,700.46,671.46,698.06,0.0,0.0,0.0,0.0,0.0,0.0,3.482218302029425,0.04318946772704256,0,0.0,0.0,0.0,0.0
BTC,2016-07-03,698.06,701.49,644.61,661.64,0.0,0.0,0.0,0.0,0.0,0.0,-5.217316563046151,0.08823940056778516,0,0.0,0.0,0.0,0.0
BTC,2016-07-04,661.64,679.03,644.04,675.16,0.0,0.0,0.0,0.0,0.0,0.0,2.043407290973941,0.05432892366933732,0,0.0,0.0,0.0,0.0
BTC,2016-07-05,675.16,679.19,657.31,663.67,0.0,0.0,0.0,0.0,0.0,0.0,-1.7018188281296298,0.03328718565060643,0,0.0,0.0,0.0,0.0
BTC,2016-07-06,663.67,678.39,662.24,672.7,0.0,0.0,0.0,0.0,0.0,0.0,1.3606159687796777,0.02438692920995406,0,0.0,0.0,0.0,0.0
BTC,2016-07-07,672.7,676.19,604.95,635.25,0.0,0.0,0.0,0.0,0.0,0.0,-5.567117585848081,0.11776179849574346,0,0.0,0.0,0.0,0.0
BTC,2016-07-08,635.25,663.43,630.17,662.78,0.0,0.0,0.0,0.0,0.0,0.0,4.3337268791814205,0.05277940873097734,0,0.0,0.0,0.0,0.0
BTC,2016-07-09,662.78,663.49,620.68,651.83,0.0,0.0,0.0,0.0,0.0,0.0,-1.6521319291469165,0.06897273957594906,0,0.0,0.0,0.0,0.0
BTC,2016-07-10,651.83,651.98,636.8,647.11,0.0,0.0,0.0,0.0,0.0,0.0,-0.7241151834067207,0.023837939698492565,0,0.0,0.0,0.0,0.0
BTC,2016-07-11,647.11,657.47,639.97,646.71,0.0,0.0,0.0,0.0,0.0,0.0,-0.061813292948645085,0.027345031798365546,0,0.0,0.0,0.0,0.0
BTC,2016-07-12,646.71,673.19,644.56,670.56,0.0,0.0,0.0,0.0,0.0,0.0,3.687897202764749,0.044417897480451954,0,0.0,0.0,0.0,0.0
BTC,2016-07-13,670.56,672.02,656.04,661.15,0.0,0.0,0.0,0.0,0.0,0.0,-1.4033047005487904,0.024358270837144105,0,0.0,0.0,0.0,0.0
BTC,2016-07-14,661.15,661.88,646.31,657.25,0.0,0.0,0.0,0.0,0.0,0.0,-0.5898812674884637,0.024090606674815572,0,0.0,0.0,0.0,0.0
BTC,2016-07-15,657.25,667.46,656.5,664.2,0.0,0.0,0.0,0.0,0.0,0.0,1.0574362875618175,0.01669459253617675,0,0.0,0.0,0.0,0.0
BTC,2016-07-16,664.2,665.41,655.72,660.69,0.0,0.0,0.0,0.0,0.0,0.0,-0.5284552845528441,0.014777648996522815,0,0.0,0.0,0.0,0.0
BTC,2016-07-17,660.69,680.94,660.13,676.33,0.0,0.0,0.0,0.0,0.0,0.0,2.367222146543763,0.03152409373911208,0,0.0,0.0,0.0,0.0
BTC,2016-07-18,676.33,680.42,664.61,670.38,0.0,0.0,0.0,0.0,0.0,0.0,-0.879748051986463,0.023788387174433042,0,0.0,0.0,0.0,0.0
BTC,2016-07-19,670.38,673.24,663.63,671.1,0.0,0.0,0.0,0.0,0.0,0.0,0.1074017721292442,0.014480960776336232,0,0.0,0.0,0.0,0.0
BTC,2016-07-20,671.1,672.29,659.51,664.4,0.0,0.0,0.0,0.0,0.0,0.0,-0.9983609000149076,0.019378023077739493,0,0.0,0.0,0.0,0.0
BTC,2016-07-21,664.4,666.51,657.82,664.62,0.0,0.0,0.0,0.0,0.0,0.0,0.033112582781461064,0.013210300690158312,0,0.0,0.0,0.0,0.0
BTC,2016-07-22,664.62,669.44,645.69,651.11,0.0,0.0,0.0,0.0,0.0,0.0,-2.032740513376063,0.03678235685855441,0,0.0,0.0,0.0,0.0
BTC,2016-07-23,651.11,658.17,647.98,655.16,0.0,0.0,0.0,0.0,0.0,0.0,0.6220147133356813,0.015725794005987746,0,0.0,0.0,0.0,0.0
BTC,2016-07-24,655.16,664.21,651.03,659.29,0.0,0.0,0.0,0.0,0.0,0.0,0.6303803651016539,0.020244842787582852,0,0.0,0.0,0.0,0.0
BTC,2016-07-25,659.29,662.51,651.08,654.0,0.0,0.0,0.0,0.0,0.0,0.0,-0.802378316067279,0.017555446335319698,0,0.0,0.0,0.0,0.0
BTC,2016-07-26,654.0,657.76,643.49,654.38,0.0,0.0,0.0,0.0,0.0,0.0,0.058103975535167496,0.02217594679015988,0,0.0,0.0,0.0,0.0
BTC,2016-07-27,654.38,659.08,646.04,654.54,1.0,0.0,0.0,0.0,0.0,0.0,0.024450625019097186,0.020184508699151876,1,1.0,0.0,0.0,0.0
BTC,2016-07-28,654.54,657.96,650.81,654.13,0.0,0.0,0.0,0.0,0.0,0.0,-0.06263941088397473,0.010986309368325765,0,0.0,1.0,0.0,0.0
BTC,2016-07-29,654.13,657.4,650.99,655.43,0.0,0.0,0.0,0.0,0.0,0.0,0.19873725406264114,0.009846541421527164,0,0.0,0.0,1.0,0.0
BTC,2016-07-30,655.43,657.55,652.06,654.74,0.0,0.0,0.0,0.0,0.0,0.0,-0.1052744000121967,0.008419470600864966,0,0.0,0.0,0.0,1.0
BTC,2016-07-31,654.74,654.92,621.42,621.87,0.0,0.0,0.0,0.0,0.0,0.0,-5.020313406848521,0.053908789546522486,0,0.0,0.0,0.0,0.0
BTC,2016-08-01,621.87,627.89,603.55,607.0,0.0,0.0,0.0,0.0,0.0,0.0,-2.3911750044221467,0.0403280589843427,0,0.0,0.0,0.0,0.0
BTC,2016-08-02,607.0,613.75,471.36,513.43,0.0,0.0,0.0,0.0,0.0,0.0,-15.415156507413515,0.3020833333333333,0,0.0,0.0,0.0,0.0
BTC,2016-08-03,513.43,573.06,513.43,566.44,0.0,0.0,0.0,1.0,0.0,1.0,10.324679118867246,0.11614046705490524,1,2.0,0.0,0.0,0.0
BTC,2016-08-04,566.44,584.89,559.5,576.22,0.0,0.0,0.0,0.0,0.0,0.0,1.726572982134025,0.045379803395889165,0,0.0,1.0,0.0,0.0
BTC,2016-08-05,576.22,579.97,565.81,574.66,0.0,0.0,0.0,0.0,0.0,0.0,-0.2707299295408106,0.025026068821689406,0,0.0,0.0,1.0,0.0
BTC,2016-08-06,574.66,596.68,565.33,586.45,0.0,0.0,0.0,0.0,0.0,0.0,2.0516479309504887,0.05545433640528524,0,0.0,0.0,0.0,1.0
BTC,2016-08-07,586.45,596.01,580.87,590.85,0.0,0.0,0.0,0.0,0.0,0.0,0.7502770909710933,0.026064351748239685,0,0.0,0.0,0.0,0.0
BTC,2016-08-08,590.85,594.24,585.41,589.24,0.0,0.0,0.0,0.0,0.0,0.0,-0.27248878734027476,0.015083445790130065,0,0.0,0.0,0.0,0.0
BTC,2016-08-09,589.24,591.2,581.1,585.25,0.0,0.0,0.0,0.0,0.0,0.0,-0.677143439006179,0.017380829461366414,0,0.0,0.0,0.0,0.0
BTC,2016-08-10,585.25,600.52,580.87,590.94,0.0,0.0,0.0,0.0,0.0,1.0,0.972234087996592,0.03382856749358717,1,1.0,0.0,0.0,0.0
BTC,2016-08-11,590.94,599.15,585.39,587.84,0.0,0.0,0.0,0.0,0.0,0.0,-0.5245879446305923,0.023505697056663066,0,0.0,1.0,0.0,0.0
BTC,2016-08-12,587.84,591.14,582.2,587.14,1.0,0.0,1.0,0.0,0.0,2.0,-0.11908002177464028,0.015355547921676297,1,4.0,0.0,1.0,0.0
BTC,2016-08-13,587.14,590.07,582.81,584.59,0.0,0.0,0.0,0.0,0.0,0.0,-0.434308682767305,0.012456889895506435,0,0.0,1.0,0.0,1.0
BTC,2016-08-14,584.59,585.8,559.93,569.06,0.0,0.0,0.0,0.0,0.0,0.0,-2.6565627191707155,0.04620220384690945,0,0.0,0.0,1.0,0.0
BTC,2016-08-15,569.06,574.97,559.28,566.95,0.0,0.0,0.0,0.0,0.0,1.0,-0.37078691174918293,0.028053926476898968,1,1.0,0.0,0.0,1.0
BTC,2016-08-16,566.95,583.38,563.38,580.19,0.0,0.0,0.0,0.0,0.0,0.0,2.335302936766912,0.035500017750008876,0,0.0,1.0,0.0,0.0
BTC,2016-08-17,580.19,581.1,568.66,572.34,0.0,0.0,0.0,0.0,0.0,0.0,-1.3530050500698085,0.021875989167516714,0,0.0,0.0,1.0,0.0
BTC,2016-08-18,572.34,579.53,570.83,573.39,0.0,0.0,0.0,0.0,0.0,0.0,0.1834573854701671,0.015240964910743884,0,0.0,0.0,0.0,1.0
BTC,2016-08-19,573.39,577.86,566.25,574.56,0.0,0.0,0.0,0.0,0.0,0.0,0.2040495997488549,0.02050331125827817,0,0.0,0.0,0.0,0.0
BTC,2016-08-20,574.56,583.5,572.28,582.61,0.0,0.0,0.0,0.0,0.0,0.0,1.4010721247563473,0.019605787376808605,0,0.0,0.0,0.0,0.0
BTC,2016-08-21,582.61,585.32,577.84,580.66,0.0,0.0,0.0,0.0,0.0,0.0,-0.3347007432072991,0.01294475979509902,0,0.0,0.0,0.0,0.0
BTC,2016-08-22,580.66,591.9,577.13,587.47,0.0,0.0,0.0,0.0,0.0,0.0,1.172803361691878,0.025592154280664636,0,0.0,0.0,0.0,0.0
BTC,2016-08-23,587.47,589.87,578.61,583.56,0.0,0.0,0.0,0.0,0.0,0.0,-0.6655659012375239,0.019460431032992845,0,0.0,0.0,0.0,0.0
BTC,2016-08-24,583.56,584.47,576.82,579.66,0.0,0.0,0.0,0.0,0.0,0.0,-0.6683117417232123,0.013262369543358373,0,0.0,0.0,0.0,0.0
BTC,2016-08-25,579.66,580.71,570.81,577.96,0.0,0.0,0.0,0.0,0.0,0.0,-0.29327536831934786,0.01734377463604368,0,0.0,0.0,0.0,0.0
BTC,2016-08-26,577.96,582.73,575.83,579.37,0.0,0.0,0.0,0.0,0.0,0.0,0.24396151982835632,0.011982703228383337,0,0.0,0.0,0.0,0.0
BTC,2016-08-27,579.37,580.41,567.25,570.35,0.0,0.0,0.0,0.0,0.0,0.0,-1.5568634896525504,0.02319964742177165,0,0.0,0.0,0.0,0.0
BTC,2016-08-28,570.35,576.32,569.21,574.98,0.0,0.0,0.0,0.0,0.0,0.0,0.8117822389760665,0.012490996293108014,0,0.0,0.0,0.0,0.0
BTC,2016-08-29,574.98,578.61,571.38,574.23,0.0,0.0,0.0,0.0,0.0,0.0,-0.1304393196285088,0.012653575553922115,0,0.0,0.0,0.0,0.0
BTC,2016-08-30,574.23,579.94,572.51,577.32,0.0,0.0,0.0,0.0,0.0,0.0,0.5381119063789827,0.012977939249969544,0,0.0,0.0,0.0,0.0
BTC,2016-08-31,577.32,578.25,571.69,573.88,0.0,0.0,0.0,0.0,0.0,0.0,-0.5958567172452114,0.011474750301736858,0,0.0,0.0,0.0,0.0
BTC,2016-09-01,573.88,704.97,569.37,571.99,0.0,0.0,0.0,0.0,0.0,0.0,-0.32933714365372313,0.23815796406554618,0,0.0,0.0,0.0,0.0
BTC,2016-09-02,571.99,577.6,569.3,575.29,0.0,0.0,0.0,0.0,0.0,0.0,0.5769331631671802,0.014579307922009605,0,0.0,0.0,0.0,0.0
BTC,2016-09-03,575.29,604.97,572.64,598.84,0.0,0.0,0.0,0.0,0.0,0.0,4.09358758191522,0.05645780944397884,0,0.0,0.0,0.0,0.0
BTC,2016-09-04,598.84,615.2,590.78,609.55,0.0,0.0,0.0,0.0,0.0,0.0,1.788457684857378,0.0413351839940419,0,0.0,0.0,0.0,0.0
BTC,2016-09-05,609.55,610.61,598.77,605.76,0.0,0.0,0.0,0.0,0.0,0.0,-0.621770158313504,0.019773869766354413,0,0.0,0.0,0.0,0.0
BTC,2016-09-06,605.76,611.95,603.55,610.44,0.0,0.0,0.0,0.0,0.0,0.0,0.7725832012678393,0.013917653881203034,0,0.0,0.0,0.0,0.0
BTC,2016-09-07,610.44,616.48,606.24,613.21,0.0,0.0,0.0,0.0,0.0,0.0,0.4537710503898797,0.016891000263921895,0,0.0,0.0,0.0,0.0
BTC,2016-09-08,613.21,629.3,611.25,625.57,0.0,0.0,0.0,0.0,0.0,0.0,2.0156227067399444,0.029529652351738166,0,0.0,0.0,0.0,0.0
BTC,2016-09-09,625.57,627.58,617.32,623.16,0.0,0.0,0.0,0.0,0.0,0.0,-0.3852486532282689,0.016620229378604273,0,0.0,0.0,0.0,0.0
BTC,2016-09-10,623.16,627.45,621.07,624.52,0.0,0.0,0.0,0.0,0.0,0.0,0.21824250593748215,0.01027259407152172,0,0.0,0.0,0.0,0.0
BTC,2016-09-11,624.52,630.77,592.79,605.61,0.0,0.0,0.0,0.0,0.0,0.0,-3.027925446743094,0.06406990671232649,0,0.0,0.0,0.0,0.0
BTC,2016-09-12,605.61,610.62,603.03,607.98,0.0,0.0,0.0,0.0,0.0,0.0,0.3913409620052517,0.012586438485647533,0,0.0,0.0,0.0,0.0
BTC,2016-09-13,607.98,612.03,604.87,608.61,0.0,0.0,0.0,0.0,0.0,0.0,0.10362182966544876,0.011837254286044882,0,0.0,0.0,0.0,0.0
BTC,2016-09-14,608.61,612.16,606.39,609.54,0.0,0.0,0.0,0.0,0.0,0.0,0.15280721644401996,0.009515328419004241,0,0.0,0.0,0.0,0.0
BTC,2016-09-15,609.54,610.73,605.1,608.11,0.0,0.0,0.0,1.0,0.0,0.0,-0.23460314335399646,0.009304247231862494,1,1.0,0.0,0.0,0.0
BTC,2016-09-16,608.11,610.36,605.15,607.78,0.0,0.0,0.0,0.0,0.0,0.0,-0.05426649783756901,0.00860943567710491,0,0.0,1.0,0.0,0.0
BTC,2016-09-17,607.78,609.61,604.52,607.08,0.0,0.0,0.0,0.0,0.0,0.0,-0.11517325347986636,0.00841990339442869,0,0.0,0.0,1.0,0.0
BTC,2016-09-18,607.08,612.38,605.22,610.7,0.0,0.0,0.0,0.0,0.0,0.0,0.5962970283982348,0.01183040877697361,0,0.0,0.0,0.0,1.0
BTC,2016-09-19,610.7,612.41,606.99,609.85,0.0,0.0,0.0,0.0,0.0,0.0,-0.13918454232847924,0.008929306907856734,0,0.0,0.0,0.0,0.0
BTC,2016-09-20,609.85,611.27,605.93,609.24,0.0,0.0,0.0,0.0,0.0,0.0,-0.10002459621218555,0.008812899179773294,0,0.0,0.0,0.0,0.0
BTC,2016-09-21,609.24,609.24,591.69,597.16,0.0,0.0,0.0,0.0,0.0,0.0,-1.9827982404307072,0.029660802109212514,0,0.0,0.0,0.0,0.0
BTC,2016-09-22,597.16,599.78,592.83,595.63,0.0,0.0,0.0,0.0,0.0,0.0,-0.25621274030410157,0.011723428301536581,0,0.0,0.0,0.0,0.0
BTC,2016-09-23,595.63,603.7,594.11,602.92,0.0,0.0,0.0,0.0,0.0,0.0,1.2239141749072349,0.016141791924054523,0,0.0,0.0,0.0,0.0
BTC,2016-09-24,602.92,605.92,600.5,602.59,0.0,0.0,0.0,0.0,0.0,0.0,-0.05473362966893241,0.009025811823480365,0,0.0,0.0,0.0,0.0
BTC,2016-09-25,602.59,604.87,598.35,601.49,0.0,0.0,0.0,0.0,0.0,0.0,-0.1825453459234343,0.010896632405782538,0,0.0,0.0,0.0,0.0
BTC,2016-09-26,601.49,608.46,598.17,606.54,0.0,0.0,0.0,0.0,0.0,0.0,0.8395817054315042,0.01720246752595429,0,0.0,0.0,0.0,0.0
BTC,2016-09-27,606.54,608.97,601.73,605.47,0.0,0.0,0.0,0.0,0.0,0.0,-0.17641045932666213,0.012031974473601131,0,0.0,0.0,0.0,0.0
BTC,2016-09-28,605.47,606.9,602.62,604.67,0.0,0.0,0.0,0.0,0.0,0.0,-0.13212875947612074,0.0071023198699013855,0,0.0,0.0,0.0,0.0
BTC,2016-09-29,604.67,607.23,602.01,604.7,0.0,0.0,0.0,0.0,0.0,1.0,0.004961383895362165,0.008670952309762342,1,1.0,0.0,0.0,0.0
BTC,2016-09-30,604.7,608.78,602.25,608.14,0.0,0.0,0.0,0.0,0.0,0.0,0.568877129154943,0.010842673308426688,0,0.0,1.0,0.0,0.0
BTC,2016-10-01,608.14,615.0,607.07,613.41,0.0,0.0,0.0,0.0,0.0,1.0,0.8665767750846814,0.013062743999868136,1,1.0,0.0,1.0,0.0
BTC,2016-10-02,613.41,614.21,607.67,610.69,0.0,0.0,0.0,0.0,0.0,0.0,-0.4434228330154243,0.010762420392647453,0,0.0,1.0,0.0,1.0
BTC,2016-10-03,610.69,613.2,608.47,611.6,0.0,0.0,1.0,1.0,0.0,1.0,0.14901177356759862,0.007773596068828402,1,3.0,0.0,1.0,0.0
BTC,2016-10-04,611.6,612.68,606.5,608.96,0.0,0.0,0.0,0.0,0.0,1.0,-0.43165467625899057,0.010189612530915004,1,1.0,1.0,0.0,1.0
BTC,2016-10-05,608.96,613.65,607.98,611.82,0.0,0.0,0.0,0.0,0.0,0.0,0.46965317919075367,0.009325964669890389,0,0.0,1.0,1.0,0.0
BTC,2016-10-06,611.82,612.68,608.54,610.97,0.0,0.0,0.0,0.0,0.0,0.0,-0.1389297505802397,0.006803168238735312,0,0.0,0.0,1.0,1.0
BTC,2016-10-07,610.97,619.43,609.12,616.03,0.0,0.0,0.0,0.0,0.0,0.0,0.8281912368855991,0.016926057262936604,0,0.0,0.0,0.0,1.0
BTC,2016-10-08,616.03,619.56,614.88,617.65,0.0,0.0,0.0,0.0,0.0,0.0,0.26297420580166625,0.007611241217798514,0,0.0,0.0,0.0,0.0
BTC,2016-10-09,617.65,618.35,613.01,615.77,0.0,0.0,0.0,0.0,0.0,0.0,-0.3043795029547471,0.008711114011190735,0,0.0,0.0,0.0,0.0
BTC,2016-10-10,615.77,618.81,612.76,617.29,0.0,0.0,0.0,0.0,0.0,0.0,0.2468454130600682,0.009873359879887647,0,0.0,0.0,0.0,0.0
BTC,2016-10-11,617.29,642.35,615.6,640.45,0.0,0.0,0.0,0.0,0.0,0.0,3.7518832315443444,0.0434535412605588,0,0.0,0.0,0.0,0.0
BTC,2016-10-12,640.45,642.51,632.19,635.99,0.0,0.0,0.0,0.0,0.0,0.0,-0.6963853540479407,0.01632420633037526,0,0.0,0.0,0.0,0.0
BTC,2016-10-13,635.99,639.52,632.25,635.6,0.0,0.0,0.0,0.0,0.0,0.0,-0.061321718894949036,0.011498616053776167,0,0.0,0.0,0.0,0.0
BTC,2016-10-14,635.6,640.46,630.66,637.92,0.0,0.0,0.0,0.0,0.0,0.0,0.3650094398992977,0.015539276313703214,0,0.0,0.0,0.0,0.0
BTC,2016-10-15,637.92,641.4,635.06,637.03,0.0,0.0,0.0,0.0,0.0,0.0,-0.1395159267619743,0.009983308663748358,0,0.0,0.0,0.0,0.0
BTC,2016-10-16,637.03,642.18,636.39,640.12,0.0,0.0,0.0,0.0,0.0,0.0,0.4850634977944574,0.009098194503370518,0,0.0,0.0,0.0,0.0
BTC,2016-10-17,640.12,641.29,634.89,637.37,0.0,0.0,0.0,0.0,0.0,0.0,-0.4296069486971193,0.010080486383467967,0,0.0,0.0,0.0,0.0
BTC,2016-10-18,637.37,639.34,632.23,635.34,1.0,0.0,0.0,0.0,0.0,1.0,-0.3184963208183587,0.011245907343846406,1,2.0,0.0,0.0,0.0
BTC,2016-10-19,635.34,637.27,624.09,629.06,0.0,0.0,0.0,0.0,0.0,0.0,-0.9884471306702058,0.021118748898395982,0,0.0,1.0,0.0,0.0
BTC,2016-10-20,629.06,630.83,625.48,628.34,0.0,0.0,0.0,0.0,0.0,0.0,-0.11445649063680947,0.008553430965018902,0,0.0,0.0,1.0,0.0
BTC,2016-10-21,628.34,633.26,627.58,630.45,0.0,0.0,0.0,0.0,0.0,0.0,0.3358054556450351,0.009050638962363284,0,0.0,0.0,0.0,1.0
BTC,2016-10-22,630.45,659.89,629.72,655.48,0.0,0.0,0.0,0.0,0.0,0.0,3.9701800301371994,0.04791018230324582,0,0.0,0.0,0.0,0.0
BTC,2016-10-23,655.48,661.2,648.78,653.03,0.0,0.0,0.0,0.0,0.0,0.0,-0.3737718923537019,0.01914362341625832,0,0.0,0.0,0.0,0.0
BTC,2016-10-24,653.03,654.32,645.68,650.49,0.0,0.0,0.0,0.0,0.0,0.0,-0.3889560969633805,0.01338124148184875,0,0.0,0.0,0.0,0.0
BTC,2016-10-25,650.49,662.54,647.65,651.0,0.0,0.0,0.0,0.0,0.0,0.0,0.07840243508739425,0.02299081293908745,0,0.0,0.0,0.0,0.0
BTC,2016-10-26,651.0,678.39,651.0,674.67,0.0,0.0,0.0,0.0,0.0,0.0,3.6359447004608234,0.04207373271889399,0,0.0,0.0,0.0,0.0
BTC,2016-10-27,674.67,687.88,672.26,682.3,0.0,0.0,0.0,0.0,0.0,1.0,1.1309232661893958,0.02323505786451671,1,1.0,0.0,0.0,0.0
BTC,2016-10-28,682.3,688.43,678.63,686.24,0.0,0.0,0.0,0.0,0.0,1.0,0.577458595925554,0.014440858789030774,1,1.0,1.0,0.0,0.0
BTC,2016-10-29,686.24,720.19,685.22,714.95,0.0,0.0,0.0,0.0,0.0,0.0,4.183667521566805,0.051034704182598326,0,0.0,1.0,1.0,0.0
BTC,2016-10-30,714.95,714.95,689.51,697.27,0.0,0.0,0.0,0.0,0.0,0.0,-2.472900202811394,0.03689576655886072,0,0.0,0.0,1.0,1.0
BTC,2016-10-31,697.27,707.21,682.17,698.67,0.0,0.0,0.0,0.0,0.0,0.0,0.2007830539102467,0.03670639283463078,0,0.0,0.0,0.0,1.0
BTC,2016-11-01,698.67,734.36,695.2,726.76,0.0,0.0,0.0,0.0,0.0,0.0,4.020496085419445,0.056329113924050586,0,0.0,0.0,0.0,0.0
BTC,2016-11-02,726.76,735.78,718.14,733.51,0.0,0.0,0.0,0.0,0.0,2.0,0.928779789751775,0.024563455593616824,1,2.0,0.0,0.0,0.0
BTC,2016-11-03,733.51,744.43,670.4,684.87,0.0,0.0,0.0,0.0,0.0,0.0,-6.63112977328189,0.11042661097852025,0,0.0,1.0,0.0,0.0
BTC,2016-11-04,684.87,706.64,681.27,702.08,0.0,0.0,0.0,0.0,0.0,0.0,2.5128856571320157,0.0372392737093957,0,0.0,0.0,1.0,0.0
BTC,2016-11-05,702.08,706.38,694.03,702.11,0.0,0.0,0.0,0.0,0.0,0.0,0.00427301731995965,0.01779461982911405,0,0.0,0.0,0.0,1.0
BTC,2016-11-06,702.11,714.13,697.63,709.91,0.0,0.0,0.0,0.0,0.0,0.0,1.1109370326586936,0.023651505812536732,0,0.0,0.0,0.0,0.0
BTC,2016-11-07,709.91,711.66,698.35,705.4,0.0,0.0,0.0,0.0,0.0,0.0,-0.6352917975518011,0.01905921099735082,0,0.0,0.0,0.0,0.0
BTC,2016-11-08,705.4,714.63,700.96,710.9,0.0,0.0,0.0,0.0,0.0,0.0,0.779699461298554,0.019501826067107906,0,0.0,0.0,0.0,0.0
BTC,2016-11-09,710.9,741.23,707.13,721.42,0.0,1.0,0.0,1.0,0.0,1.0,1.4798143198762108,0.04822309900584054,1,3.0,0.0,0.0,0.0
BTC,2016-11-10,721.42,723.02,707.31,714.57,0.0,0.0,0.0,0.0,0.0,0.0,-0.9495162318760098,0.02221091176429011,0,0.0,1.0,0.0,0.0
BTC,2016-11-11,714.57,719.79,711.67,714.97,0.0,0.0,0.0,0.0,0.0,0.0,0.05597772086709171,0.011409782623968981,0,0.0,0.0,1.0,0.0
BTC,2016-11-12,714.97,717.37,701.08,704.27,0.0,0.0,0.0,0.0,0.0,0.0,-1.4965662894946705,0.023235579391795463,0,0.0,0.0,0.0,1.0
BTC,2016-11-13,704.27,705.61,685.01,701.97,0.0,0.0,0.0,0.0,0.0,0.0,-0.32657929487269866,0.030072553685347694,0,0.0,0.0,0.0,0.0
BTC,2016-11-14,701.97,708.03,696.11,704.56,0.0,0.0,0.0,0.0,0.0,1.0,0.3689616365371623,0.01712373044490089,1,1.0,0.0,0.0,0.0
BTC,2016-11-15,704.56,716.93,697.91,711.1,0.0,0.0,0.0,0.0,0.0,2.0,0.9282389008743156,0.027252797638663985,1,2.0,1.0,0.0,0.0
BTC,2016-11-16,711.1,745.98,708.14,740.28,0.0,0.0,0.0,0.0,0.0,0.0,4.103501617212761,0.05343576129014042,0,0.0,1.0,1.0,0.0
BTC,2016-11-17,740.28,751.91,730.08,737.53,0.0,0.0,0.0,0.0,0.0,1.0,-0.3714810612200789,0.02990083278544807,1,1.0,0.0,1.0,1.0
BTC,2016-11-18,737.53,751.43,730.95,746.96,0.0,0.0,1.0,0.0,0.0,1.0,1.2785920572722553,0.028018332307271226,1,2.0,1.0,0.0,1.0
BTC,2016-11-19,746.96,755.34,737.44,747.89,0.0,0.0,0.0,0.0,0.0,0.0,0.12450465888400315,0.024273161206335398,0,0.0,1.0,1.0,0.0
BTC,2016-11-20,747.89,752.26,712.77,728.51,0.0,0.0,0.0,0.0,0.0,1.0,-2.5912901629918834,0.05540356636783256,1,1.0,0.0,1.0,1.0
BTC,2016-11-21,728.51,744.33,726.55,736.19,0.0,0.0,0.0,0.0,0.0,0.0,1.0542065311389086,0.024471818870002184,0,0.0,1.0,0.0,1.0
BTC,2016-11-22,736.19,754.01,730.62,749.34,0.0,0.0,0.0,0.0,0.0,0.0,1.7862236650864554,0.032013905997645815,0,0.0,0.0,1.0,0.0
BTC,2016-11-23,749.34,750.93,731.34,741.07,0.0,0.0,0.0,0.0,0.0,0.0,-1.103637867990496,0.026786446796291625,0,0.0,0.0,0.0,1.0
BTC,2016-11-24,741.07,744.24,726.19,735.31,0.0,0.0,0.0,0.0,0.0,0.0,-0.7772545103701545,0.024855754003773052,0,0.0,0.0,0.0,0.0
BTC,2016-11-25,735.31,741.25,728.97,740.39,0.0,0.0,0.0,0.0,0.0,0.0,0.6908650773143357,0.016845686379412007,0,0.0,0.0,0.0,0.0
BTC,2016-11-26,740.39,740.96,725.62,734.14,0.0,0.0,0.0,0.0,0.0,0.0,-0.8441497048852631,0.021140541881425584,0,0.0,0.0,0.0,0.0
BTC,2016-11-27,734.14,738.29,727.11,729.42,0.0,0.0,0.0,0.0,0.0,0.0,-0.6429291415806287,0.01537594036665697,0,0.0,0.0,0.0,0.0
BTC,2016-11-28,729.42,738.1,727.74,733.3,0.0,0.0,0.0,0.0,0.0,0.0,0.5319294782155679,0.014235853464149302,0,0.0,0.0,0.0,0.0
BTC,2016-11-29,733.3,737.04,727.78,732.56,0.0,0.0,0.0,0.0,0.0,0.0,-0.10091367789445099,0.012723625271373206,0,0.0,0.0,0.0,0.0
BTC,2016-11-30,732.56,745.39,730.57,742.49,0.0,0.0,0.0,0.0,0.0,0.0,1.3555203669324103,0.020285530476203423,0,0.0,0.0,0.0,0.0
BTC,2016-12-01,742.49,755.48,741.08,752.63,0.0,0.0,0.0,0.0,0.0,0.0,1.365674958585299,0.019431100555945345,0,0.0,0.0,0.0,0.0
BTC,2016-12-02,752.63,779.02,752.25,770.94,0.0,0.0,0.0,0.0,0.0,0.0,2.4328023065782736,0.03558657361249582,0,0.0,0.0,0.0,0.0
BTC,2016-12-03,770.94,772.32,755.81,764.24,0.0,0.0,0.0,0.0,0.0,0.0,-0.8690689288401231,0.021844114261520893,0,0.0,0.0,0.0,0.0
BTC,2016-12-04,764.24,769.23,758.8,766.39,0.0,0.0,0.0,0.0,0.0,0.0,0.2813252381450823,0.013745387453874623,0,0.0,0.0,0.0,0.0
BTC,2016-12-05,766.39,769.18,746.01,754.34,0.0,0.0,0.0,0.0,0.0,1.0,-1.5723065280079274,0.031058564898593797,1,1.0,0.0,0.0,0.0
BTC,2016-12-06,754.34,762.48,750.91,758.21,0.0,0.0,0.0,0.0,0.0,1.0,0.513031259113928,0.015407971661051324,1,1.0,1.0,0.0,0.0
BTC,2016-12-07,758.21,769.02,754.27,765.56,0.0,0.0,1.0,1.0,0.0,1.0,0.9693884280080596,0.01955533164516685,1,3.0,1.0,1.0,0.0
BTC,2016-12-08,765.56,773.41,761.17,768.49,0.0,0.0,0.0,0.0,0.0,0.0,0.3827263702387878,0.01608050763955491,0,0.0,1.0,1.0,1.0
BTC,2016-12-09,768.49,773.48,765.03,770.48,0.0,0.0,0.0,0.0,0.0,0.0,0.25894936824161785,0.011045318484242507,0,0.0,0.0,1.0,1.0
BTC,2016-12-10,770.48,776.96,769.19,774.0,0.0,0.0,0.0,0.0,0.0,0.0,0.4568580625064871,0.010101535381375188,0,0.0,0.0,0.0,1.0
BTC,2016-12-11,774.0,774.16,763.0,767.91,0.0,0.0,0.0,0.0,0.0,0.0,-0.7868217054263608,0.014626474442988162,0,0.0,0.0,0.0,0.0
BTC,2016-12-12,767.91,781.26,767.86,778.47,0.0,0.0,0.0,0.0,0.0,0.0,1.3751611516974724,0.01745109785638004,0,0.0,0.0,0.0,0.0
BTC,2016-12-13,778.47,790.33,767.77,778.74,0.0,0.0,0.0,0.0,0.0,1.0,0.034683417472732646,0.02938379983588843,1,1.0,0.0,0.0,0.0
BTC,2016-12-14,778.74,780.77,771.01,776.5,0.0,0.0,0.0,0.0,0.0,0.0,-0.2876441431029623,0.012658720379761599,0,0.0,1.0,0.0,0.0
BTC,2016-12-15,776.5,780.27,773.12,775.21,0.0,0.0,0.0,0.0,0.0,0.0,-0.16613007083064568,0.009248240894039706,0,0.0,0.0,1.0,0.0
BTC,2016-12-16,775.21,783.94,773.31,782.05,0.0,0.0,0.0,0.0,0.0,0.0,0.882341559061405,0.013746104408322806,0,0.0,0.0,0.0,1.0
BTC,2016-12-17,782.05,791.57,779.36,787.17,0.0,0.0,0.0,0.0,0.0,1.0,0.6546895978518004,0.015666700882775657,1,1.0,0.0,0.0,0.0
BTC,2016-12-18,787.17,791.26,783.8,789.01,0.0,0.0,0.0,0.0,0.0,0.0,0.2337487455060574,0.009517734115845927,0,0.0,1.0,0.0,0.0
BTC,2016-12-19,789.01,793.73,786.31,789.79,0.0,0.0,0.0,0.0,0.0,0.0,0.0988580626354511,0.009436481794712102,0,0.0,0.0,1.0,0.0
BTC,2016-12-20,789.79,800.02,787.12,799.1,0.0,0.0,0.0,0.0,0.0,0.0,1.178794363058542,0.01638886065657076,0,0.0,0.0,0.0,1.0
BTC,2016-12-21,799.1,833.13,795.98,829.21,0.0,0.0,0.0,0.0,0.0,0.0,3.7679889876110644,0.0466720269353501,0,0.0,0.0,0.0,0.0
BTC,2016-12-22,829.21,874.68,828.87,860.15,0.0,0.0,0.0,0.0,0.0,0.0,3.7312622857900823,0.05526801549096957,0,0.0,0.0,0.0,0.0
BTC,2016-12-23,860.15,920.26,858.04,917.17,0.0,0.0,0.0,0.0,0.0,0.0,6.629076323896993,0.07251410190667106,0,0.0,0.0,0.0,0.0
BTC,2016-12-24,917.17,920.49,880.79,891.07,0.0,0.0,0.0,0.0,0.0,0.0,-2.845710173686439,0.04507317294701353,0,0.0,0.0,0.0,0.0
BTC,2016-12-25,891.07,895.24,851.42,891.07,0.0,0.0,0.0,0.0,0.0,0.0,0.0,0.05146696107678943,0,0.0,0.0,0.0,0.0
BTC,2016-12-26,891.07,909.32,885.88,898.38,0.0,0.0,0.0,0.0,0.0,0.0,0.8203620366525576,0.02645956562965645,0,0.0,0.0,0.0,0.0
BTC,2016-12-27,898.38,937.91,893.38,925.78,0.0,0.0,0.0,0.0,0.0,0.0,3.049934326231659,0.04984441111285228,0,0.0,0.0,0.0,0.0
BTC,2016-12-28,925.78,974.51,925.49,972.17,0.0,0.0,0.0,0.0,0.0,0.0,5.010909719371772,0.05296653664545266,0,0.0,0.0,0.0,0.0
BTC,2016-12-29,972.17,982.57,949.23,971.08,0.0,0.0,0.0,0.0,0.0,0.0,-0.11212030817654506,0.035123205124153296,0,0.0,0.0,0.0,0.0
BTC,2016-12-30,971.08,971.59,927.4,959.04,0.0,0.0,0.0,0.0,0.0,1.0,-1.2398566544466034,0.04764934224714261,1,1.0,0.0,0.0,0.0
BTC,2016-12-31,959.04,965.47,942.4,963.38,0.0,0.0,0.0,0.0,0.0,0.0,0.4525358692025392,0.02448005093378613,0,0.0,1.0,0.0,0.0
BTC,2017-01-01,963.38,1001.61,956.1,995.44,0.0,0.0,0.0,0.0,0.0,0.0,3.3278664701364007,0.04759962347034828,0,0.0,0.0,1.0,0.0
BTC,2017-01-02,995.44,1031.68,990.2,1017.05,0.0,0.0,0.0,0.0,0.0,0.0,2.1708993008116915,0.04189052716622906,0,0.0,0.0,0.0,1.0
BTC,2017-01-03,1017.05,1035.47,1006.53,1033.3,0.0,0.0,1.0,0.0,0.0,2.0,1.597758222309621,0.028752247821724197,1,3.0,0.0,0.0,0.0
BTC,2017-01-04,1033.3,1148.54,1022.32,1135.41,0.0,0.0,0.0,0.0,0.0,1.0,9.881931675215343,0.12346427732999443,1,1.0,1.0,0.0,0.0
BTC,2017-01-05,1135.41,1150.63,874.53,989.35,0.0,0.0,0.0,0.0,0.0,0.0,-12.864075532186614,0.31571243982482033,0,0.0,1.0,1.0,0.0
BTC,2017-01-06,989.35,1027.42,852.55,886.16,0.0,0.0,0.0,0.0,0.0,0.0,-10.430080355789158,0.20511406955603792,0,0.0,0.0,1.0,1.0
BTC,2017-01-07,886.16,900.86,806.66,888.87,0.0,1.0,0.0,0.0,0.0,1.0,0.305813848514945,0.1167778246101208,1,2.0,0.0,0.0,1.0
BTC,2017-01-08,888.87,936.13,875.85,900.86,0.0,0.0,0.0,0.0,0.0,0.0,1.3489036642028653,0.06882457041730887,0,0.0,1.0,0.0,0.0
BTC,2017-01-09,900.86,910.47,870.91,899.78,0.0,0.0,0.0,0.0,0.0,0.0,-0.11988544279910762,0.04542375216727338,0,0.0,0.0,1.0,0.0
BTC,2017-01-10,899.78,911.32,890.12,904.37,0.0,1.0,0.0,0.0,0.0,1.0,0.5101246971481953,0.02381701343639065,1,2.0,0.0,0.0,1.0
BTC,2017-01-11,904.37,917.65,751.63,785.43,0.0,0.0,0.0,0.0,0.0,0.0,-13.15169676128134,0.22087995423280068,0,0.0,1.0,0.0,0.0
BTC,2017-01-12,785.43,828.21,739.55,810.11,0.0,0.0,0.0,1.0,0.0,0.0,3.1422278242491455,0.11988371306875814,1,1.0,0.0,1.0,0.0
BTC,2017-01-13,810.11,835.05,771.0,824.83,0.0,0.0,0.0,0.0,0.0,1.0,1.817037192480037,0.08307392996108943,1,1.0,1.0,0.0,1.0
BTC,2017-01-14,824.83,838.9,808.27,819.63,0.0,0.0,0.0,0.0,0.0,1.0,-0.630432937696258,0.0378957526569092,1,1.0,1.0,1.0,0.0
BTC,2017-01-15,819.63,826.43,808.63,821.17,0.0,0.0,0.0,0.0,0.0,0.0,0.1878896575283925,0.022012539727687516,0,0.0,1.0,1.0,1.0
BTC,2017-01-16,821.17,836.66,817.7,827.34,0.0,0.0,0.0,0.0,0.0,0.0,0.7513669520318659,0.02318698789287015,0,0.0,0.0,1.0,1.0
BTC,2017-01-17,827.34,906.38,825.04,899.66,0.0,0.0,0.0,0.0,0.0,1.0,8.741267193656771,0.09858915931348787,1,1.0,0.0,0.0,1.0
BTC,2017-01-18,899.66,913.67,845.87,872.03,0.0,0.0,0.0,0.0,0.0,0.0,-3.0711602160816307,0.08015416080485176,0,0.0,1.0,0.0,0.0
BTC,2017-01-19,872.03,905.28,870.71,895.21,1.0,0.0,0.0,0.0,0.0,1.0,2.6581654300884217,0.039703230696787606,1,2.0,0.0,1.0,0.0
BTC,2017-01-20,895.21,901.49,878.9,892.91,0.0,0.0,0.0,1.0,0.0,1.0,-0.2569229566247102,0.025702582773921984,1,2.0,1.0,0.0,1.0
BTC,2017-01-21,892.91,928.93,889.46,919.84,0.0,0.0,0.0,0.0,0.0,0.0,3.0159814538979366,0.044375238909000865,0,0.0,1.0,1.0,0.0
BTC,2017-01-22,919.84,938.38,888.62,918.84,0.0,0.0,0.0,0.0,0.0,0.0,-0.10871455905374847,0.0559969390740699,0,0.0,0.0,1.0,1.0
BTC,2017-01-23,918.84,927.98,910.85,921.46,0.0,1.0,0.0,0.0,1.0,1.0,0.2851421357363637,0.01880660921117637,1,3.0,0.0,0.0,1.0
BTC,2017-01-24,921.46,925.61,889.15,893.75,0.0,0.0,0.0,0.0,0.0,0.0,-3.007184251079812,0.04100545464769728,0,0.0,1.0,0.0,0.0
BTC,2017-01-25,893.75,905.7,883.63,894.41,1.0,0.0,0.0,0.0,0.0,2.0,0.07384615384615029,0.024976517320598045,1,3.0,0.0,1.0,0.0
BTC,2017-01-26,894.41,919.32,893.49,915.56,0.0,0.0,1.0,0.0,0.0,0.0,2.3646873357855993,0.028909109223382513,1,1.0,1.0,0.0,1.0
BTC,2017-01-27,915.56,922.56,907.92,918.01,0.0,0.0,0.0,0.0,0.0,0.0,0.26759578836996434,0.016124768702088274,0,0.0,1.0,1.0,0.0
BTC,2017-01-28,918.01,921.89,912.84,918.51,0.0,0.0,0.0,0.0,0.0,0.0,0.05446563762921973,0.009914114193067739,0,0.0,0.0,1.0,1.0
BTC,2017-01-29,918.51,922.4,912.68,914.55,0.0,0.0,0.0,0.0,0.0,0.0,-0.43113303066924,0.010649953981680357,0,0.0,0.0,0.0,1.0
BTC,2017-01-30,914.55,922.35,911.51,920.73,0.0,0.0,0.0,0.0,0.0,0.0,0.6757421682794887,0.011892354444822362,0,0.0,0.0,0.0,0.0
BTC,2017-01-31,920.73,967.45,917.38,965.49,0.0,0.0,0.0,0.0,0.0,0.0,4.861360007819881,0.05457934552748049,0,0.0,0.0,0.0,0.0
BTC,2017-02-01,965.49,986.57,959.82,982.43,0.0,0.0,0.0,0.0,0.0,0.0,1.7545495033609815,0.027869808922506303,0,0.0,0.0,0.0,0.0
BTC,2017-02-02,982.43,1009.13,973.5,1003.97,0.0,0.0,0.0,0.0,0.0,0.0,2.1925226224769276,0.03659989727786338,0,0.0,0.0,0.0,0.0
BTC,2017-02-03,1003.97,1023.72,989.21,1013.02,0.0,0.0,0.0,0.0,0.0,0.0,0.9014213572118642,0.03488642452057702,0,0.0,0.0,0.0,0.0
BTC,2017-02-04,1013.02,1041.04,1000.41,1031.85,0.0,0.0,0.0,0.0,0.0,0.0,1.8587984442557826,0.04061334852710388,0,0.0,0.0,0.0,0.0
BTC,2017-02-05,1031.85,1033.66,1004.05,1016.11,0.0,0.0,0.0,0.0,0.0,0.0,-1.525415515821088,0.029490563218963328,0,0.0,0.0,0.0,0.0
BTC,2017-02-06,1016.11,1030.6,1010.83,1024.67,0.0,0.0,0.0,0.0,0.0,0.0,0.8424284772318016,0.019558184857987857,0,0.0,0.0,0.0,0.0
BTC,2017-02-07,1024.67,1054.1,1019.87,1049.56,0.0,0.0,0.0,0.0,0.0,0.0,2.4290747264972987,0.03356310117956201,0,0.0,0.0,0.0,0.0
BTC,2017-02-08,1049.56,1069.23,1020.33,1055.49,0.0,0.0,0.0,0.0,0.0,0.0,0.5649986661077083,0.04792567110640673,0,0.0,0.0,0.0,0.0
BTC,2017-02-09,1055.49,1073.03,924.65,978.96,0.0,0.0,0.0,0.0,0.0,0.0,-7.250660830514735,0.16047152976802034,0,0.0,0.0,0.0,0.0
BTC,2017-02-10,978.96,1005.6,947.02,997.61,0.0,0.0,0.0,0.0,0.0,0.0,1.9050829451662965,0.06185719414584702,0,0.0,0.0,0.0,0.0
BTC,2017-02-11,997.61,1014.32,983.93,1008.32,0.0,0.0,0.0,0.0,0.0,0.0,1.0735658223153373,0.03088634354069914,0,0.0,0.0,0.0,0.0
BTC,2017-02-12,1008.32,1008.32,992.45,996.52,0.0,0.0,0.0,0.0,0.0,0.0,-1.1702634084417713,0.01599073001158749,0,0.0,0.0,0.0,0.0
BTC,2017-02-13,996.52,1007.61,975.1,995.36,0.0,0.0,0.0,0.0,0.0,0.0,-0.11640508971219525,0.03334017023894984,0,0.0,0.0,0.0,0.0
BTC,2017-02-14,995.36,1013.8,986.46,1008.34,0.0,0.0,0.0,0.0,0.0,0.0,1.3040507956920129,0.027715264683818824,0,0.0,0.0,0.0,0.0
BTC,2017-02-15,1008.34,1010.93,999.73,1008.19,0.0,0.0,0.0,0.0,0.0,0.0,-0.014875934704561682,0.01120302481670044,0,0.0,0.0,0.0,0.0
BTC,2017-02-16,1008.19,1040.28,1007.39,1031.93,0.0,0.0,0.0,0.0,0.0,0.0,2.354714885091105,0.03264872591548455,0,0.0,0.0,0.0,0.0
BTC,2017-02-17,1031.93,1057.39,1025.87,1049.41,0.0,0.0,0.0,0.0,0.0,0.0,1.693913346835543,0.0307251406123585,0,0.0,0.0,0.0,0.0
BTC,2017-02-18,1049.41,1063.21,1044.68,1052.28,0.0,0.0,0.0,0.0,0.0,0.0,0.2734870069848668,0.017737488991844366,0,0.0,0.0,0.0,0.0
BTC,2017-02-19,1052.28,1056.48,1037.67,1048.89,0.0,0.0,0.0,0.0,0.0,0.0,-0.3221576006386012,0.018127150250079452,0,0.0,0.0,0.0,0.0
BTC,2017-02-20,1048.89,1081.78,1040.99,1077.56,0.0,0.0,0.0,0.0,0.0,0.0,2.7333657485532172,0.03918385383144887,0,0.0,0.0,0.0,0.0
BTC,2017-02-21,1077.56,1123.03,1073.54,1119.03,0.0,0.0,0.0,0.0,0.0,0.0,3.8485095957533715,0.04609981928945359,0,0.0,0.0,0.0,0.0
BTC,2017-02-22,1119.03,1132.25,1094.83,1120.46,0.0,0.0,0.0,0.0,0.0,0.0,0.12778924604345404,0.034178822282911574,0,0.0,0.0,0.0,0.0
BTC,2017-02-23,1120.46,1181.6,1113.54,1171.91,0.0,0.0,0.0,0.0,0.0,0.0,4.591864055834215,0.06112039082565507,0,0.0,0.0,0.0,0.0
BTC,2017-02-24,1171.91,1211.74,1092.41,1176.49,0.0,0.0,0.0,0.0,0.0,0.0,0.3908149943254966,0.10923554343149543,0,0.0,0.0,0.0,0.0
BTC,2017-02-25,1176.49,1180.01,1116.21,1149.05,0.0,0.0,0.0,0.0,0.0,0.0,-2.33236151603499,0.057157703299558285,0,0.0,0.0,0.0,0.0
BTC,2017-02-26,1149.05,1177.47,1130.61,1171.58,0.0,0.0,0.0,0.0,0.0,0.0,1.9607501849353792,0.041446652691909794,0,0.0,0.0,0.0,0.0
BTC,2017-02-27,1171.58,1195.82,1164.27,1188.83,0.0,0.0,0.0,0.0,0.0,0.0,1.4723706447703104,0.027098525256169063,0,0.0,0.0,0.0,0.0
BTC,2017-02-28,1188.83,1208.22,1175.75,1189.27,0.0,0.0,0.0,0.0,0.0,0.0,0.03701117905840655,0.027616415054220734,0,0.0,0.0,0.0,0.0
BTC,2017-03-01,1189.27,1225.04,1154.55,1222.66,0.0,0.0,0.0,0.0,0.0,0.0,2.8076046650466338,0.06105409033822703,0,0.0,0.0,0.0,0.0
BTC,2017-03-02,1222.66,1286.98,1211.96,1255.47,0.0,0.0,0.0,0.0,0.0,1.0,2.683493366921298,0.06189973266444435,1,1.0,0.0,0.0,0.0
BTC,2017-03-03,1255.47,1291.35,1250.8,1283.3,0.0,0.0,0.0,0.0,0.0,0.0,2.2166997220164504,0.032419251678925454,0,0.0,1.0,0.0,0.0
BTC,2017-03-04,1283.3,1285.78,1228.73,1264.32,0.0,0.0,0.0,0.0,0.0,0.0,-1.4789994545312881,0.04643005379538219,0,0.0,0.0,1.0,0.0
BTC,2017-03-05,1264.32,1273.28,1242.1,1271.22,0.0,0.0,0.0,0.0,0.0,0.0,0.5457479119210399,0.02510264874003709,0,0.0,0.0,0.0,1.0
BTC,2017-03-06,1271.22,1280.61,1261.0,1277.01,0.0,0.0,1.0,0.0,0.0,0.0,0.45546797564544006,0.01555114988104671,1,1.0,0.0,0.0,0.0
BTC,2017-03-07,1277.01,1280.89,1148.66,1232.69,1.0,0.0,0.0,0.0,0.0,1.0,-3.4706071213224594,0.11511674472864034,1,2.0,1.0,0.0,0.0
BTC,2017-03-08,1232.69,1242.04,1136.88,1146.97,0.0,0.0,0.0,0.0,0.0,0.0,-6.953897573599203,0.0924987685595664,0,0.0,1.0,1.0,0.0
BTC,2017-03-09,1146.97,1206.97,1129.35,1191.33,0.0,0.0,0.0,0.0,0.0,0.0,3.867581540929571,0.06872980032762219,0,0.0,0.0,1.0,1.0
BTC,2017-03-10,1191.33,1330.42,988.69,1112.39,0.0,0.0,0.0,0.0,0.0,0.0,-6.626207683849129,0.34563917911579967,0,0.0,0.0,0.0,1.0
BTC,2017-03-11,1112.39,1202.69,1104.78,1179.22,0.0,0.0,0.0,0.0,0.0,0.0,6.0077850394196215,0.08862397943481967,0,0.0,0.0,0.0,0.0
BTC,2017-03-12,1179.22,1235.46,1160.9,1225.11,0.0,0.0,0.0,0.0,0.0,0.0,3.891555434948515,0.06422603152726328,0,0.0,0.0,0.0,0.0
BTC,2017-03-13,1225.11,1245.63,1205.61,1238.19,0.0,0.0,0.0,0.0,0.0,1.0,1.067659230599714,0.033194814243412224,1,1.0,0.0,0.0,0.0
BTC,2017-03-14,1238.19,1255.52,1218.38,1243.14,0.0,0.0,0.0,0.0,0.0,0.0,0.3997770939839641,0.030483100510513852,0,0.0,1.0,0.0,0.0
BTC,2017-03-15,1243.14,1256.95,1236.43,1253.43,0.0,0.0,0.0,0.0,0.0,0.0,0.8277426516723749,0.01659616799980588,0,0.0,0.0,1.0,0.0
BTC,2017-03-16,1253.43,1260.24,1118.96,1172.88,0.0,0.0,0.0,0.0,0.0,1.0,-6.42636605155453,0.12626009866304422,1,1.0,0.0,0.0,1.0
BTC,2017-03-17,1172.88,1174.9,1063.48,1071.71,1.0,1.0,0.0,0.0,0.0,1.0,-8.625775867948986,0.10476924812878481,1,3.0,1.0,0.0,0.0
BTC,2017-03-18,1071.71,1103.61,940.18,971.38,0.0,0.0,0.0,0.0,0.0,1.0,-9.361674333541727,0.17382841583526554,1,1.0,1.0,1.0,0.0
BTC,2017-03-19,971.38,1063.67,967.31,1022.6,0.0,0.0,0.0,0.0,0.0,0.0,5.2729107043587495,0.09961646214760535,0,0.0,1.0,1.0,1.0
BTC,2017-03-20,1022.6,1057.5,1005.05,1047.51,0.0,0.0,0.0,0.0,0.0,0.0,2.435947584588301,0.05218645838515502,0,0.0,0.0,1.0,1.0
BTC,2017-03-21,1047.51,1125.53,1043.87,1121.29,0.0,1.0,0.0,0.0,0.0,1.0,7.043369514372174,0.07822813185549933,1,2.0,0.0,0.0,1.0
BTC,2017-03-22,1121.29,1121.88,997.78,1044.72,0.0,0.0,0.0,0.0,0.0,1.0,-6.828741895495362,0.12437611497524519,1,1.0,1.0,0.0,0.0
BTC,2017-03-23,1044.72,1062.79,1022.02,1035.03,0.0,0.0,0.0,0.0,0.0,0.0,-0.927521249712847,0.03989158724878181,0,0.0,1.0,1.0,0.0
BTC,2017-03-24,1035.03,1038.38,927.35,939.7,0.0,0.0,0.0,0.0,0.0,0.0,-9.21036105233664,0.11972825793928946,0,0.0,0.0,1.0,1.0
BTC,2017-03-25,939.7,995.96,890.43,966.3,0.0,0.0,0.0,0.0,0.0,0.0,2.8306906459508254,0.11851577327807923,0,0.0,0.0,0.0,1.0
BTC,2017-03-26,966.3,1004.32,946.65,969.44,0.0,0.0,0.0,0.0,0.0,0.0,0.3249508434233779,0.06092008662124341,0,0.0,0.0,0.0,0.0
BTC,2017-03-27,969.44,1048.85,961.8,1045.14,0.0,0.0,0.0,0.0,0.0,0.0,7.808631787423671,0.09050738199209811,0,0.0,0.0,0.0,0.0
BTC,2017-03-28,1045.14,1068.41,1015.45,1044.42,0.0,0.0,0.0,0.0,0.0,0.0,-0.06889029220965873,0.05215421734206513,0,0.0,0.0,0.0,0.0
BTC,2017-03-29,1044.42,1058.66,1008.34,1041.9,0.0,0.0,0.0,0.0,0.0,0.0,-0.241282242775893,0.04990380228891053,0,0.0,0.0,0.0,0.0
BTC,2017-03-30,1041.9,1052.66,1020.93,1037.91,0.0,0.0,0.0,0.0,0.0,0.0,-0.3829542182551117,0.031079505940662076,0,0.0,0.0,0.0,0.0
BTC,2017-03-31,1037.91,1088.2,1035.18,1079.11,0.0,0.0,0.0,0.0,0.0,0.0,3.969515661280825,0.05121814563650764,0,0.0,0.0,0.0,0.0
BTC,2017-04-01,1079.11,1103.74,1067.47,1086.12,0.0,0.0,0.0,0.0,0.0,0.0,0.6496094003391676,0.03397753566844968,0,0.0,0.0,0.0,0.0
BTC,2017-04-02,1086.12,1109.48,1074.21,1097.4,0.0,0.0,0.0,0.0,0.0,0.0,1.0385592752182264,0.03283343107958405,0,0.0,0.0,0.0,0.0
BTC,2017-04-03,1097.4,1157.87,1095.55,1147.56,0.0,0.0,0.0,0.0,0.0,0.0,4.570803717878609,0.056884669800556745,0,0.0,0.0,0.0,0.0
BTC,2017-04-04,1147.56,1161.19,1122.15,1141.77,0.0,0.0,0.0,0.0,0.0,0.0,-0.504548781763042,0.03479035779530362,0,0.0,0.0,0.0,0.0
BTC,2017-04-05,1141.77,1143.84,1110.06,1129.87,0.0,0.0,0.0,0.0,0.0,0.0,-1.0422414321623523,0.030430787524998625,0,0.0,0.0,0.0,0.0
BTC,2017-04-06,1129.87,1201.55,1129.87,1188.7,0.0,0.0,0.0,0.0,0.0,0.0,5.206793701930325,0.06344092683229051,0,0.0,0.0,0.0,0.0
BTC,2017-04-07,1188.7,1201.23,1173.18,1190.49,0.0,0.0,0.0,0.0,0.0,0.0,0.15058467233111497,0.023909374520533894,0,0.0,0.0,0.0,0.0
BTC,2017-04-08,1190.49,1198.22,1166.65,1180.78,0.0,0.0,0.0,0.0,0.0,0.0,-0.8156305386857543,0.02706038657695104,0,0.0,0.0,0.0,0.0
BTC,2017-04-09,1180.78,1215.1,1173.99,1204.34,0.0,0.0,0.0,0.0,0.0,0.0,1.9952912481579927,0.0350173340488419,0,0.0,0.0,0.0,0.0
BTC,2017-04-10,1204.34,1214.87,1194.81,1206.71,0.0,0.0,0.0,0.0,0.0,0.0,0.1967882823787401,0.01678928030398134,0,0.0,0.0,0.0,0.0
BTC,2017-04-11,1206.71,1229.57,1195.76,1220.74,0.0,0.0,0.0,0.0,0.0,0.0,1.162665429142045,0.02827490466314306,0,0.0,0.0,0.0,0.0
BTC,2017-04-12,1220.74,1225.46,1207.36,1212.53,0.0,0.0,0.0,0.0,0.0,0.0,-0.6725428838245684,0.014991386164855666,0,0.0,0.0,0.0,0.0
BTC,2017-04-13,1212.53,1218.66,1150.29,1176.2,0.0,0.0,0.0,0.0,0.0,0.0,-2.9962145266508813,0.059437185405419604,0,0.0,0.0,0.0,0.0
BTC,2017-04-14,1176.2,1195.4,1162.16,1177.33,0.0,0.0,0.0,0.0,0.0,0.0,0.09607209658220385,0.02860191367797894,0,0.0,0.0,0.0,0.0
BTC,2017-04-15,1177.33,1194.85,841.53,1176.99,0.0,0.0,0.0,0.0,0.0,0.0,-0.02887890396064979,0.4198543129775527,0,0.0,0.0,0.0,0.0
BTC,2017-04-16,1176.99,1187.97,1166.74,1176.8,0.0,0.0,0.0,0.0,0.0,0.0,-0.016142872921609746,0.018195999108627472,0,0.0,0.0,0.0,0.0
BTC,2017-04-17,1176.8,1202.97,1172.81,1194.01,0.0,0.0,0.0,0.0,0.0,0.0,1.4624405166553396,0.02571601538186073,0,0.0,0.0,0.0,0.0
BTC,2017-04-18,1194.01,1213.88,1191.14,1206.09,0.0,0.0,0.0,0.0,0.0,0.0,1.011716819792123,0.019090954883556936,0,0.0,0.0,0.0,0.0
BTC,2017-04-19,1206.09,1218.21,1194.08,1215.2,0.0,0.0,0.0,0.0,0.0,0.0,0.7553333499158544,0.020208026262897052,0,0.0,0.0,0.0,0.0
BTC,2017-04-20,1215.2,1246.64,1210.67,1238.09,0.0,0.0,0.0,0.0,0.0,0.0,1.883640552995381,0.029710821280778434,0,0.0,0.0,0.0,0.0
BTC,2017-04-21,1238.09,1256.97,1235.56,1249.64,0.0,0.0,0.0,0.0,0.0,0.0,0.9328885622208549,0.01732817507850698,0,0.0,0.0,0.0,0.0
BTC,2017-04-22,1249.64,1256.97,1215.78,1240.89,0.0,0.0,0.0,0.0,0.0,0.0,-0.7002016580775263,0.03387948477520609,0,0.0,0.0,0.0,0.0
BTC,2017-04-23,1240.89,1256.23,1223.06,1249.14,0.0,0.0,0.0,0.0,0.0,0.0,0.6648453932258298,0.027120501038379208,0,0.0,0.0,0.0,0.0
BTC,2017-04-24,1249.14,1256.36,1234.86,1248.18,0.0,0.0,0.0,0.0,0.0,0.0,-0.07685287477785006,0.017410880585653436,0,0.0,0.0,0.0,0.0
BTC,2017-04-25,1248.18,1272.62,1244.21,1264.31,0.0,0.0,0.0,0.0,0.0,0.0,1.2922815619541959,0.022833766004131017,0,0.0,0.0,0.0,0.0
BTC,2017-04-26,1264.31,1309.2,1263.0,1286.63,0.0,0.0,0.0,0.0,0.0,0.0,1.765389817370753,0.03657957244655585,0,0.0,0.0,0.0,0.0
BTC,2017-04-27,1286.63,1346.79,1285.3,1332.91,0.0,0.0,0.0,0.0,0.0,0.0,3.5969936967115617,0.04784097097953786,0,0.0,0.0,0.0,0.0
BTC,2017-04-28,1332.91,1356.15,1287.62,1329.62,0.0,0.0,0.0,0.0,0.0,0.0,-0.24682836800685648,0.05322222394805937,0,0.0,0.0,0.0,0.0
BTC,2017-04-29,1329.62,1343.69,1314.15,1336.28,0.0,0.0,0.0,0.0,0.0,0.0,0.5008949925542698,0.022478408096488194,0,0.0,0.0,0.0,0.0
BTC,2017-04-30,1336.28,1358.94,1309.66,1351.91,0.0,0.0,0.0,0.0,0.0,0.0,1.1696650402610314,0.03762808667898536,0,0.0,0.0,0.0,0.0
BTC,2017-05-01,1351.91,1448.68,1342.78,1415.81,0.0,0.0,0.0,0.0,0.0,0.0,4.726646004541712,0.07886623274102987,0,0.0,0.0,0.0,0.0
BTC,2017-05-02,1415.81,1471.14,1394.83,1445.93,0.0,0.0,0.0,0.0,0.0,0.0,2.1274041008327473,0.054709176028620105,0,0.0,0.0,0.0,0.0
BTC,2017-05-03,1445.93,1496.39,1424.05,1485.55,0.0,0.0,0.0,0.0,0.0,0.0,2.7401049843353333,0.050798778132790386,0,0.0,0.0,0.0,0.0
BTC,2017-05-04,1485.55,1609.84,1437.11,1516.76,0.0,0.0,0.0,0.0,0.0,0.0,2.1009053885766242,0.12019260877733787,0,0.0,0.0,0.0,0.0
BTC,2017-05-05,1516.76,1588.11,1485.01,1507.77,0.0,0.0,0.0,0.0,0.0,0.0,-0.5927107782378234,0.06942714190476826,0,0.0,0.0,0.0,0.0
BTC,2017-05-06,1507.77,1560.42,1503.93,1545.29,0.0,0.0,0.0,0.0,0.0,0.0,2.48844319756992,0.03756158863776905,0,0.0,0.0,0.0,0.0
BTC,2017-05-07,1545.29,1572.89,1495.18,1554.45,0.0,0.0,0.0,0.0,0.0,0.0,0.5927689948165122,0.05197367541031851,0,0.0,0.0,0.0,0.0
BTC,2017-05-08,1554.45,1667.67,1552.86,1664.47,0.0,0.0,0.0,0.0,0.0,0.0,7.077744539869406,0.07393454657857126,0,0.0,0.0,0.0,0.0
BTC,2017-05-09,1664.47,1757.39,1619.97,1697.5,0.0,0.0,0.0,0.0,0.0,0.0,1.9844154595757193,0.08482873139626047,0,0.0,0.0,0.0,0.0
BTC,2017-05-10,1697.5,1766.18,1664.99,1752.31,0.0,0.0,0.0,0.0,0.0,0.0,3.22886597938144,0.06077513979062941,0,0.0,0.0,0.0,0.0
BTC,2017-05-11,1752.31,1864.76,1741.54,1819.29,0.0,0.0,0.0,0.0,0.0,0.0,3.8223830258344713,0.07075347106583829,0,0.0,0.0,0.0,0.0
BTC,2017-05-12,1819.29,1822.51,1641.18,1686.39,0.0,1.0,0.0,0.0,0.0,0.0,-7.305047573503942,0.11048757601238128,1,1.0,0.0,0.0,0.0
BTC,2017-05-13,1686.39,1770.5,1594.59,1763.74,0.0,0.0,0.0,0.0,0.0,0.0,4.5867207466837385,0.11031675853981279,0,0.0,1.0,0.0,0.0
BTC,2017-05-14,1763.74,1802.75,1736.13,1772.55,0.0,0.0,0.0,0.0,0.0,0.0,0.49950673001689283,0.03837270250499668,0,0.0,0.0,1.0,0.0
BTC,2017-05-15,1772.55,1776.65,1656.81,1708.92,0.0,0.0,0.0,0.0,0.0,1.0,-3.589743589743583,0.07233177008830231,1,1.0,0.0,0.0,1.0
BTC,2017-05-16,1708.92,1752.55,1653.72,1729.34,0.0,0.0,0.0,0.0,0.0,1.0,1.1949067247150156,0.05976223302614707,1,1.0,1.0,0.0,0.0
BTC,2017-05-17,1729.34,1842.83,1703.97,1801.3,0.0,0.0,0.0,0.0,0.0,1.0,4.161125053488616,0.0814920450477414,1,1.0,1.0,1.0,0.0
BTC,2017-05-18,1801.3,1980.49,1791.12,1880.99,0.0,0.0,0.0,0.0,0.0,0.0,4.424027091544999,0.10572714279333609,0,0.0,1.0,1.0,1.0
BTC,2017-05-19,1880.99,1969.7,1875.28,1962.0,0.0,0.0,0.0,0.0,0.0,0.0,4.30677462400119,0.05034981442771217,0,0.0,0.0,1.0,1.0
BTC,2017-05-20,1962.0,2048.45,1944.4,2040.18,0.0,0.0,0.0,0.0,0.0,1.0,3.9847094801223273,0.05351265171775341,1,1.0,0.0,0.0,1.0
BTC,2017-05-21,2040.18,2094.94,1980.07,2044.19,0.0,0.0,0.0,0.0,0.0,0.0,0.19655128469056607,0.05801310054695042,0,0.0,1.0,0.0,0.0
BTC,2017-05-22,2044.19,2264.76,1998.61,2124.41,0.0,0.0,0.0,0.0,0.0,0.0,3.9242927516522337,0.1331675514482567,0,0.0,0.0,1.0,0.0
BTC,2017-05-23,2124.41,2286.3,2110.78,2272.58,0.0,2.0,0.0,1.0,0.0,1.0,6.9746423712936805,0.08315409469485212,1,4.0,0.0,0.0,1.0
BTC,2017-05-24,2272.58,2496.98,2263.29,2445.28,0.0,2.0,0.0,0.0,0.0,1.0,7.599292434149745,0.10325234503753389,1,3.0,1.0,0.0,0.0
BTC,2017-05-25,2445.28,2781.76,2210.48,2307.22,0.0,0.0,0.0,0.0,0.0,0.0,-5.64597919256692,0.25844160544316175,0,0.0,1.0,1.0,0.0
BTC,2017-05-26,2306.96,2616.52,2051.45,2244.89,0.0,0.0,0.0,0.0,0.0,0.0,-2.6905538024066376,0.2754490726071804,0,0.0,0.0,1.0,1.0
BTC,2017-05-27,2244.89,2322.37,1868.56,2052.43,0.0,0.0,0.0,0.0,0.0,0.0,-8.573248577881323,0.2428661643190478,0,0.0,0.0,0.0,1.0
BTC,2017-05-28,2052.43,2300.52,2051.07,2189.02,0.0,0.0,0.0,0.0,0.0,0.0,6.655038174261736,0.12161944741037595,0,0.0,0.0,0.0,0.0
BTC,2017-05-29,2189.02,2337.35,2117.34,2278.21,0.0,0.0,0.0,0.0,0.0,0.0,4.0744259988488025,0.10390867786940206,0,0.0,0.0,0.0,0.0
BTC,2017-05-30,2278.21,2329.26,2147.1,2192.55,0.0,0.0,0.0,0.0,0.0,0.0,-3.7599694496995384,0.08484001676680188,0,0.0,0.0,0.0,0.0
BTC,2017-05-31,2192.55,2330.62,2168.37,2303.34,0.0,0.0,0.0,0.0,0.0,0.0,5.053020455633849,0.07482579080138538,0,0.0,0.0,0.0,0.0
BTC,2017-06-01,2303.34,2460.84,2303.34,2412.65,0.0,0.0,0.0,0.0,0.0,0.0,4.7457170890967,0.06837896272369688,0,0.0,0.0,0.0,0.0
BTC,2017-06-02,2412.65,2493.97,2385.59,2492.6,0.0,0.0,0.0,0.0,0.0,0.0,3.3137835989472078,0.04543110928533388,0,0.0,0.0,0.0,0.0
BTC,2017-06-03,2492.6,2582.77,2449.95,2545.43,0.0,0.0,0.0,0.0,0.0,0.0,2.119473641980259,0.0542133512928836,0,0.0,0.0,0.0,0.0
BTC,2017-06-04,2545.43,2559.79,2478.18,2524.06,0.0,0.0,0.0,0.0,0.0,0.0,-0.8395438098867339,0.03293142548160349,0,0.0,0.0,0.0,0.0
BTC,2017-06-05,2524.06,2705.38,2523.92,2704.96,0.0,0.0,0.0,0.0,0.0,0.0,7.167024555676177,0.07189609813306287,0,0.0,0.0,0.0,0.0
BTC,2017-06-06,2704.96,2931.24,2699.68,2870.5,0.0,0.0,0.0,0.0,0.0,0.0,6.119868685673724,0.08577312866710127,0,0.0,0.0,0.0,0.0
BTC,2017-06-07,2870.5,2880.95,2626.56,2691.51,0.0,0.0,0.0,0.0,0.0,0.0,-6.235499041978742,0.0968529178849902,0,0.0,0.0,0.0,0.0
BTC,2017-06-08,2691.51,2808.41,2623.61,2798.78,0.0,0.0,0.0,0.0,0.0,0.0,3.985495130985951,0.07043729822648935,0,0.0,0.0,0.0,0.0
BTC,2017-06-09,2798.78,2852.07,2786.07,2811.43,0.0,0.0,0.0,0.0,0.0,0.0,0.4519826495830196,0.02368928275312537,0,0.0,0.0,0.0,0.0
BTC,2017-06-10,2811.43,2914.19,2807.36,2900.25,0.0,0.0,0.0,0.0,0.0,0.0,3.15924636217157,0.03805354496751394,0,0.0,0.0,0.0,0.0
BTC,2017-06-11,2900.25,2977.86,2867.25,2973.45,0.0,0.0,0.0,0.0,0.0,0.0,2.523920351693813,0.03857703374313371,0,0.0,0.0,0.0,0.0
BTC,2017-06-12,2973.45,2985.06,2483.63,2656.77,0.0,0.0,0.0,0.0,0.0,0.0,-10.650254754578011,0.20189400192460222,0,0.0,0.0,0.0,0.0
BTC,2017-06-13,2656.77,2784.77,2647.44,2712.99,0.0,0.0,0.0,0.0,0.0,0.0,2.11610338870131,0.05187275254585559,0,0.0,0.0,0.0,0.0
BTC,2017-06-14,2712.99,2803.72,2348.99,2467.27,0.0,0.0,0.0,0.0,0.0,0.0,-9.05716571015742,0.1935853281623166,0,0.0,0.0,0.0,0.0
BTC,2017-06-15,2467.27,2521.6,2125.56,2442.46,0.0,0.0,0.0,0.0,0.0,0.0,-1.005564855082741,0.18632266320404975,0,0.0,0.0,0.0,0.0
BTC,2017-06-16,2442.46,2536.42,2335.28,2508.58,0.0,0.0,0.0,0.0,0.0,0.0,2.707106769404612,0.08613099928060013,0,0.0,0.0,0.0,0.0
BTC,2017-06-17,2508.58,2690.71,2454.81,2655.1,0.0,0.0,0.0,0.0,0.0,0.0,5.840754530451489,0.09609705028087717,0,0.0,0.0,0.0,0.0
BTC,2017-06-18,2655.1,2676.04,2488.59,2539.56,0.0,0.0,0.0,0.0,0.0,0.0,-4.351625174193061,0.07532377772152095,0,0.0,0.0,0.0,0.0
BTC,2017-06-19,2539.56,2617.75,2518.78,2616.82,0.0,0.0,0.0,0.0,0.0,0.0,3.0422592890107034,0.039292832244181626,0,0.0,0.0,0.0,0.0
BTC,2017-06-20,2616.82,2800.48,2613.98,2754.38,0.0,0.0,0.0,0.0,0.0,1.0,5.256762024136163,0.0713471411410952,1,1.0,0.0,0.0,0.0
BTC,2017-06-21,2754.38,2804.41,2624.35,2677.62,0.0,0.0,0.0,0.0,0.0,1.0,-2.786834060659757,0.06861127517289994,1,1.0,1.0,0.0,0.0
BTC,2017-06-22,2677.62,2757.32,2623.17,2722.84,0.0,0.0,0.0,0.0,0.0,0.0,1.6888131997819054,0.051140414079148544,0,0.0,1.0,1.0,0.0
BTC,2017-06-23,2722.84,2759.66,2699.48,2710.37,1.0,1.0,1.0,0.0,0.0,2.0,-0.4579776997546772,0.02229318239068259,1,5.0,0.0,1.0,1.0
BTC,2017-06-24,2710.37,2741.56,2540.35,2590.05,0.0,0.0,0.0,0.0,0.0,0.0,-4.439246302165376,0.0792056212726593,0,0.0,1.0,0.0,1.0
BTC,2017-06-25,2590.05,2660.66,2472.37,2541.62,0.0,0.0,0.0,0.0,0.0,0.0,-1.8698480724310451,0.07615769484340935,0,0.0,0.0,1.0,0.0
BTC,2017-06-26,2541.62,2584.75,2327.26,2446.05,0.0,0.0,0.0,0.0,0.0,0.0,-3.760200187282116,0.11064083944209059,0,0.0,0.0,0.0,1.0
BTC,2017-06-27,2446.05,2585.06,2309.63,2583.75,0.0,0.0,0.0,0.0,0.0,2.0,5.629484270558648,0.1192528673423881,1,2.0,0.0,0.0,0.0
BTC,2017-06-28,2583.75,2616.95,2490.11,2577.74,0.0,0.0,0.0,0.0,0.0,1.0,-0.23260764392840708,0.05093750878475235,1,1.0,1.0,0.0,0.0
BTC,2017-06-29,2577.74,2605.86,2526.51,2558.37,0.0,0.0,0.0,1.0,0.0,0.0,-0.7514334261795175,0.03140696058990461,1,1.0,1.0,1.0,0.0
BTC,2017-06-30,2558.37,2576.28,2469.54,2480.61,0.0,0.0,0.0,0.0,0.0,1.0,-3.039435265422897,0.04322262445637659,1,1.0,1.0,1.0,1.0
BTC,2017-07-01,2480.61,2529.62,2387.47,2424.61,0.0,0.0,0.0,0.0,0.0,0.0,-2.257509241678458,0.05954001516249423,0,0.0,1.0,1.0,1.0
BTC,2017-07-02,2424.61,2555.34,2375.86,2536.46,0.0,0.0,0.0,0.0,0.0,1.0,4.613113036735801,0.07554317173570833,1,1.0,0.0,1.0,1.0
BTC,2017-07-03,2536.46,2617.48,2506.3,2572.47,0.0,0.0,0.0,0.0,0.0,0.0,1.4196951657033725,0.0443602122650919,0,0.0,1.0,0.0,1.0
BTC,2017-07-04,2572.47,2658.73,2569.99,2617.32,0.0,0.0,0.0,0.0,0.0,1.0,1.7434605651378003,0.03452931723469751,1,1.0,0.0,1.0,0.0
BTC,2017-07-05,2617.32,2642.74,2562.04,2627.86,0.0,0.0,0.0,0.0,0.0,0.0,0.402702000519614,0.03149833726249388,0,0.0,1.0,0.0,1.0
BTC,2017-07-06,2627.86,2634.84,2581.8,2614.24,0.0,0.0,0.0,0.0,0.0,0.0,-0.5182924508916131,0.020543806646525664,0,0.0,0.0,1.0,0.0
BTC,2017-07-07,2614.24,2617.48,2484.73,2513.88,1.0,0.0,0.0,0.0,0.0,1.0,-3.8389742334292065,0.053426328011494204,1,2.0,0.0,0.0,1.0
BTC,2017-07-08,2513.88,2568.73,2480.62,2564.86,0.0,0.0,0.0,0.0,0.0,0.0,2.027940872277118,0.035519345969959176,0,0.0,1.0,0.0,0.0
BTC,2017-07-09,2564.86,2576.73,2509.65,2511.43,0.0,0.0,0.0,0.0,0.0,0.0,-2.083154636120501,0.026728826728826698,0,0.0,0.0,1.0,0.0
BTC,2017-07-10,2511.43,2530.34,2271.79,2344.02,0.0,1.0,0.0,0.0,0.0,1.0,-6.665923398223319,0.11380893480471355,1,2.0,0.0,0.0,1.0
BTC,2017-07-11,2344.02,2412.75,2265.48,2324.29,1.0,0.0,0.0,1.0,0.0,1.0,-0.8417163676077857,0.0650060914243339,1,3.0,1.0,0.0,0.0
BTC,2017-07-12,2324.29,2424.82,2262.08,2403.09,0.0,0.0,0.0,0.0,0.0,0.0,3.390282623941082,0.07194263686518614,0,0.0,1.0,1.0,0.0
BTC,2017-07-13,2403.09,2436.66,2334.96,2362.44,1.0,1.0,0.0,1.0,0.0,2.0,-1.691572100920069,0.0435553499845821,1,5.0,0.0,1.0,1.0
BTC,2017-07-14,2362.44,2370.53,2165.36,2234.17,0.0,0.0,0.0,0.0,0.0,0.0,-5.429555882900729,0.0947509882883216,0,0.0,1.0,0.0,1.0
BTC,2017-07-15,2234.17,2237.13,1974.03,1975.08,0.0,0.0,0.0,0.0,0.0,0.0,-11.59670034061867,0.13328064923025493,0,0.0,0.0,1.0,0.0
BTC,2017-07-16,1975.08,2044.41,1808.99,1914.09,0.0,0.0,0.0,0.0,0.0,0.0,-3.087976183243211,0.13013891729639196,0,0.0,0.0,0.0,1.0
BTC,2017-07-17,1914.09,2233.83,1913.79,2233.39,0.0,0.0,0.0,0.0,0.0,0.0,16.68155624866124,0.1672283792892637,0,0.0,0.0,0.0,0.0
BTC,2017-07-18,2233.39,2400.74,2164.59,2320.23,0.0,0.0,0.0,0.0,0.0,0.0,3.8882595516233236,0.10909687284889961,0,0.0,0.0,0.0,0.0
BTC,2017-07-19,2320.23,2412.38,2243.13,2282.58,0.0,0.0,0.0,0.0,0.0,0.0,-1.622683958055886,0.07545260417363238,0,0.0,0.0,0.0,0.0
BTC,2017-07-20,2282.58,2932.81,2282.11,2866.02,0.0,0.0,0.0,0.0,0.0,0.0,25.56054990405594,0.28513086573390406,0,0.0,0.0,0.0,0.0
BTC,2017-07-21,2866.02,2873.96,2622.54,2675.08,0.0,0.0,0.0,0.0,0.0,0.0,-6.66220054291317,0.0958688904649691,0,0.0,0.0,0.0,0.0
BTC,2017-07-22,2675.08,2876.71,2658.59,2836.53,0.0,0.0,0.0,0.0,0.0,0.0,6.03533352273578,0.08204348921796888,0,0.0,0.0,0.0,0.0
BTC,2017-07-23,2836.53,2856.67,2675.65,2756.61,0.0,0.0,0.0,0.0,0.0,0.0,-2.81752704889425,0.06765458860463812,0,0.0,0.0,0.0,0.0
BTC,2017-07-24,2756.61,2798.89,2715.69,2763.42,0.0,0.0,0.0,0.0,0.0,0.0,0.24704256314821266,0.03063678107589593,0,0.0,0.0,0.0,0.0
BTC,2017-07-25,2763.42,2779.08,2472.62,2582.58,0.0,0.0,0.0,0.0,0.0,0.0,-6.54406496298066,0.12394140628159606,0,0.0,0.0,0.0,0.0
BTC,2017-07-26,2582.58,2631.73,2441.54,2559.21,0.0,0.0,0.0,0.0,0.0,0.0,-0.904909044443924,0.0778975564602669,0,0.0,0.0,0.0,0.0
BTC,2017-07-27,2559.21,2712.92,2547.74,2691.88,0.0,0.0,0.0,0.0,0.0,0.0,5.184021631675403,0.06483393124887167,0,0.0,0.0,0.0,0.0
BTC,2017-07-28,2691.88,2843.78,2683.59,2806.75,0.0,0.0,0.0,0.0,0.0,0.0,4.267277887572993,0.05969242693556022,0,0.0,0.0,0.0,0.0
BTC,2017-07-29,2806.75,2812.13,2699.42,2733.5,0.0,0.0,0.0,0.0,0.0,0.0,-2.6097799946557405,0.041753413696275506,0,0.0,0.0,0.0,0.0
BTC,2017-07-30,2733.5,2773.06,2621.68,2766.49,0.0,0.0,0.0,0.0,0.0,0.0,1.2068776294128327,0.057741600805590355,0,0.0,0.0,0.0,0.0
BTC,2017-07-31,2766.49,2916.3,2723.05,2883.27,0.0,0.0,0.0,0.0,0.0,0.0,4.221233404060749,0.07096821578744422,0,0.0,0.0,0.0,0.0
BTC,2017-08-01,2883.27,2946.02,2659.62,2746.99,0.0,0.0,0.0,0.0,0.0,0.0,-4.726577809223563,0.10768455644039378,0,0.0,0.0,0.0,0.0
BTC,2017-08-02,2746.99,2773.8,2668.87,2720.53,0.0,0.0,0.0,0.0,0.0,0.0,-0.9632361239028749,0.03931626493609666,0,0.0,0.0,0.0,0.0
BTC,2017-08-03,2720.53,2822.88,2717.62,2809.99,0.0,0.0,0.0,0.0,0.0,0.0,3.288329847492936,0.03873242027950936,0,0.0,0.0,0.0,0.0
BTC,2017-08-04,2809.99,2892.67,2779.51,2878.49,0.0,0.0,0.0,0.0,0.0,0.0,2.4377310951284525,0.04071221186468113,0,0.0,0.0,0.0,0.0
BTC,2017-08-05,2878.49,3344.01,2875.91,3262.8,0.0,0.0,0.0,0.0,0.0,0.0,13.351097276697171,0.16276587236735515,0,0.0,0.0,0.0,0.0
BTC,2017-08-06,3262.8,3295.07,3166.52,3232.03,0.0,0.0,0.0,0.0,0.0,0.0,-0.9430550447468427,0.040596617106476565,0,0.0,0.0,0.0,0.0
BTC,2017-08-07,3232.03,3425.13,3198.51,3401.91,0.0,0.0,0.0,0.0,0.0,0.0,5.256139330389868,0.07085174034159651,0,0.0,0.0,0.0,0.0
BTC,2017-08-08,3401.91,3494.87,3357.15,3429.38,0.0,0.0,0.0,1.0,0.0,1.0,0.8074875584598139,0.04102289144065645,1,2.0,0.0,0.0,0.0
BTC,2017-08-09,3429.38,3437.15,3251.03,3348.79,0.0,0.0,0.0,0.0,0.0,0.0,-2.3499874612903833,0.057249548604596044,0,0.0,1.0,0.0,0.0
BTC,2017-08-10,3348.79,3453.84,3322.92,3425.67,0.0,0.0,0.0,0.0,0.0,0.0,2.295754585984792,0.03939908273446248,0,0.0,0.0,1.0,0.0
BTC,2017-08-11,3425.67,3706.48,3409.79,3654.37,0.0,0.0,0.0,0.0,0.0,1.0,6.67606628776268,0.0870112235650876,1,1.0,0.0,0.0,1.0
BTC,2017-08-12,3654.37,3967.26,3611.36,3871.62,0.0,0.0,0.0,0.0,0.0,0.0,5.944937157430693,0.09855013069868418,0,0.0,1.0,0.0,0.0
BTC,2017-08-13,3871.62,4189.42,3847.31,4062.6,0.0,0.0,0.0,0.0,0.0,1.0,4.932818820028826,0.08892187008585223,1,1.0,0.0,1.0,0.0
BTC,2017-08-14,4062.6,4336.71,3978.95,4327.94,0.0,0.0,0.0,0.0,0.0,0.0,6.531285383744392,0.08991316804684658,0,0.0,1.0,0.0,1.0
BTC,2017-08-15,4327.94,4436.48,3837.13,4161.66,0.0,0.0,0.0,0.0,0.0,1.0,-3.842012597217146,0.1561974705052994,1,1.0,0.0,1.0,0.0
BTC,2017-08-16,4161.66,4398.06,3938.62,4387.4,0.0,0.0,0.0,0.0,0.0,0.0,5.424277812219158,0.11664999416039133,0,0.0,1.0,0.0,1.0
BTC,2017-08-17,4387.4,4487.5,4194.1,4278.92,0.0,0.0,0.0,0.0,0.0,1.0,-2.4725349865523905,0.0699554135571397,1,1.0,0.0,1.0,0.0
BTC,2017-08-18,4278.92,4362.73,3978.28,4105.37,1.0,0.0,0.0,0.0,0.0,2.0,-4.055930001028301,0.09663724021436383,1,3.0,1.0,0.0,1.0
BTC,2017-08-19,4105.37,4189.68,3957.46,4150.45,0.0,0.0,0.0,0.0,0.0,0.0,1.0980739860231825,0.058679051714988974,0,0.0,1.0,1.0,0.0
BTC,2017-08-20,4150.45,4182.29,4034.4,4066.6,0.0,0.0,0.0,0.0,0.0,0.0,-2.020262863063039,0.03665724767003764,0,0.0,0.0,1.0,1.0
BTC,2017-08-21,4066.6,4097.25,3966.93,4005.1,0.0,0.0,0.0,0.0,0.0,0.0,-1.5123198740962966,0.0328516006080269,0,0.0,0.0,0.0,1.0
BTC,2017-08-22,4005.1,4142.68,3612.21,4089.7,0.0,0.0,0.0,0.0,0.0,1.0,2.112306808818754,0.14685469560186154,1,1.0,0.0,0.0,0.0
BTC,2017-08-23,4089.7,4255.62,4070.49,4141.09,0.0,0.0,0.0,0.0,0.0,0.0,1.256571386654286,0.045481010885667354,0,0.0,1.0,0.0,0.0
BTC,2017-08-24,4141.09,4364.11,4111.71,4318.35,0.0,0.0,0.0,1.0,0.0,1.0,4.280515516446158,0.061385652198233734,1,2.0,0.0,1.0,0.0
BTC,2017-08-25,4318.35,4461.71,4292.63,4364.41,0.0,0.0,0.0,1.0,0.0,1.0,1.066611089883856,0.039388440187018196,1,2.0,1.0,0.0,1.0
BTC,2017-08-26,4364.41,4379.28,4263.28,4352.3,0.0,0.0,0.0,0.0,0.0,0.0,-0.277471639923831,0.027209097220919107,0,0.0,1.0,1.0,0.0
BTC,2017-08-27,4352.3,4408.18,4321.12,4345.75,0.0,0.0,0.0,0.0,0.0,0.0,-0.15049514050042923,0.020147554337764377,0,0.0,0.0,1.0,1.0
BTC,2017-08-28,4345.75,4403.13,4195.23,4390.31,0.0,0.0,0.0,0.0,0.0,1.0,1.0253696139906898,0.04955628177716134,1,1.0,0.0,0.0,1.0
BTC,2017-08-29,4390.31,4647.83,4350.22,4597.31,0.0,0.0,1.0,0.0,0.0,0.0,4.714929014124287,0.06841263200481806,1,1.0,1.0,0.0,0.0
BTC,2017-08-30,4597.31,4644.06,4491.79,4583.02,0.0,0.0,0.0,0.0,0.0,0.0,-0.3108339441978018,0.033899625761667496,0,0.0,1.0,1.0,0.0
BTC,2017-08-31,4583.02,4765.07,4580.13,4735.11,0.0,0.0,0.0,0.0,0.0,0.0,3.318554141155815,0.04037876654156096,0,0.0,0.0,1.0,1.0
BTC,2017-09-01,4735.11,4925.23,4690.17,4921.85,0.0,0.0,0.0,0.0,0.0,0.0,3.943730979850536,0.050117586356144765,0,0.0,0.0,0.0,1.0
BTC,2017-09-02,4921.85,4976.52,4448.64,4573.8,0.0,0.0,0.0,0.0,0.0,0.0,-7.0715279823643575,0.11866098403107468,0,0.0,0.0,0.0,0.0
BTC,2017-09-03,4573.8,4719.78,4397.74,4612.92,0.0,0.0,0.0,0.0,0.0,0.0,0.8553063098517619,0.07322852192262388,0,0.0,0.0,0.0,0.0
BTC,2017-09-04,4612.92,4621.01,4098.58,4267.45,0.0,0.0,0.0,0.0,0.0,0.0,-7.48918255681868,0.12746609801443434,0,0.0,0.0,0.0,0.0
BTC,2017-09-05,4267.45,4496.67,4004.62,4409.08,0.0,0.0,0.0,0.0,0.0,0.0,3.3188438060199914,0.1228705844749315,0,0.0,0.0,0.0,0.0
BTC,2017-09-06,4409.08,4660.04,4401.53,4618.71,0.0,0.0,0.0,0.0,0.0,0.0,4.75450660908852,0.05873185006122876,0,0.0,0.0,0.0,0.0
BTC,2017-09-07,4618.71,4690.55,4493.2,4635.6,0.0,0.0,0.0,0.0,0.0,0.0,0.36568652286028624,0.043921926466660814,0,0.0,0.0,0.0,0.0
BTC,2017-09-08,4635.6,4699.59,4130.88,4326.45,0.0,0.0,0.0,0.0,0.0,0.0,-6.669039606523438,0.13767284452707415,0,0.0,0.0,0.0,0.0
BTC,2017-09-09,4326.45,4402.15,4185.33,4335.13,0.0,0.0,0.0,0.0,0.0,0.0,0.20062637959528695,0.051804756136314155,0,0.0,0.0,0.0,0.0
BTC,2017-09-10,4335.13,4338.08,4032.15,4245.89,0.0,0.0,0.0,0.0,0.0,0.0,-2.0585311167139113,0.07587267338764675,0,0.0,0.0,0.0,0.0
BTC,2017-09-11,4245.89,4364.42,4134.62,4217.9,0.0,0.0,0.0,0.0,0.0,0.0,-0.6592257453678896,0.055579472841518734,0,0.0,0.0,0.0,0.0
BTC,2017-09-12,4217.9,4387.76,4074.97,4158.92,0.0,0.0,0.0,0.0,0.0,0.0,-1.3983261812750318,0.07675884730439744,0,0.0,0.0,0.0,0.0
BTC,2017-09-13,4158.92,4174.58,3752.01,3870.29,0.0,0.0,0.0,0.0,0.0,0.0,-6.9400228905581285,0.11262496635136891,0,0.0,0.0,0.0,0.0
BTC,2017-09-14,3870.29,3930.69,3218.98,3243.08,0.0,0.0,0.0,0.0,0.0,0.0,-16.205762358893004,0.2210979875612772,0,0.0,0.0,0.0,0.0
BTC,2017-09-15,3243.08,3824.43,2979.88,3713.76,0.0,0.0,0.0,0.0,0.0,0.0,14.513363839313254,0.28341745305180066,0,0.0,0.0,0.0,0.0
BTC,2017-09-16,3713.76,3893.67,3551.83,3698.92,0.0,0.0,0.0,0.0,0.0,0.0,-0.39959501960277843,0.09624334497991181,0,0.0,0.0,0.0,0.0
BTC,2017-09-17,3698.92,3796.56,3485.83,3689.61,0.0,0.0,0.0,0.0,0.0,0.0,-0.25169508937743845,0.08914089327362494,0,0.0,0.0,0.0,0.0
BTC,2017-09-18,3689.61,4122.75,3689.0,4100.28,0.0,0.0,0.0,0.0,0.0,0.0,11.13044468114515,0.1175792897804283,0,0.0,0.0,0.0,0.0
BTC,2017-09-19,4100.28,4120.71,3852.22,3907.96,0.0,0.0,0.0,0.0,0.0,0.0,-4.690411386539449,0.06969747314535521,0,0.0,0.0,0.0,0.0
BTC,2017-09-20,3907.96,4053.04,3846.76,3882.16,0.0,0.0,0.0,0.0,0.0,0.0,-0.6601909947901253,0.05362434880262864,0,0.0,0.0,0.0,0.0
BTC,2017-09-21,3882.16,3912.79,3576.54,3617.27,0.0,0.0,0.0,0.0,0.0,0.0,-6.82326333793558,0.09401544509498007,0,0.0,0.0,0.0,0.0
BTC,2017-09-22,3617.27,3753.51,3505.81,3600.83,0.0,0.0,0.0,0.0,0.0,0.0,-0.45448639443558414,0.0706541426945557,0,0.0,0.0,0.0,0.0
BTC,2017-09-23,3600.83,3813.39,3563.18,3788.02,0.0,0.0,0.0,0.0,0.0,0.0,5.198523673708563,0.07022098238090696,0,0.0,0.0,0.0,0.0
BTC,2017-09-24,3788.02,3790.89,3633.88,3667.52,0.0,0.0,0.0,0.0,0.0,0.0,-3.1810814092850617,0.04320726055896171,0,0.0,0.0,0.0,0.0
BTC,2017-09-25,3667.52,3971.5,3665.67,3932.83,0.0,0.0,0.0,0.0,0.0,0.0,7.234043713463047,0.0834308598428118,0,0.0,0.0,0.0,0.0
BTC,2017-09-26,3932.83,3982.31,3858.75,3892.7,0.0,0.0,0.0,0.0,0.0,0.0,-1.020384811954753,0.03202073210236474,0,0.0,0.0,0.0,0.0
BTC,2017-09-27,3892.7,4232.35,3882.08,4212.2,0.0,0.0,0.0,0.0,0.0,0.0,8.207670768361291,0.09022740386596888,0,0.0,0.0,0.0,0.0
BTC,2017-09-28,4212.2,4274.64,4112.88,4195.65,0.0,0.0,0.0,0.0,0.0,0.0,-0.3929063197379085,0.03933010445235461,0,0.0,0.0,0.0,0.0
BTC,2017-09-29,4195.65,4237.51,4030.37,4172.79,0.0,0.0,0.0,0.0,0.0,0.0,-0.5448500232383463,0.05139478509417258,0,0.0,0.0,0.0,0.0
BTC,2017-09-30,4172.79,4383.27,4164.25,4360.62,0.0,0.0,0.0,0.0,0.0,0.0,4.501304882344905,0.0525953052770608,0,0.0,0.0,0.0,0.0
BTC,2017-10-01,4360.62,4412.62,4258.32,4403.09,0.0,0.0,0.0,0.0,0.0,0.0,0.9739440721732289,0.03623494711529434,0,0.0,0.0,0.0,0.0
BTC,2017-10-02,4403.09,4477.38,4364.67,4401.32,0.0,0.0,0.0,0.0,0.0,0.0,-0.040199042036398,0.025823258115733844,0,0.0,0.0,0.0,0.0
BTC,2017-10-03,4401.32,4435.99,4230.73,4314.18,0.0,0.0,0.0,0.0,0.0,0.0,-1.9798605872783488,0.048516449879808035,0,0.0,0.0,0.0,0.0
BTC,2017-10-04,4314.18,4355.29,4183.57,4218.66,0.0,0.0,0.0,0.0,0.0,0.0,-2.2140939877334844,0.041046283437351415,0,0.0,0.0,0.0,0.0
BTC,2017-10-05,4218.66,4365.76,4143.35,4321.44,0.0,0.0,0.0,0.0,0.0,0.0,2.436318641464345,0.05367878648919349,0,0.0,0.0,0.0,0.0
BTC,2017-10-06,4321.44,4422.15,4296.93,4371.94,0.0,0.0,0.0,0.0,0.0,0.0,1.1685919508312044,0.029141736076687155,0,0.0,0.0,0.0,0.0
BTC,2017-10-07,4371.94,4472.92,4319.48,4435.81,0.0,0.0,0.0,0.0,0.0,0.0,1.4609075147417578,0.035522794410438416,0,0.0,0.0,0.0,0.0
BTC,2017-10-08,4435.81,4622.87,4419.36,4611.7,0.0,0.0,0.0,0.0,0.0,0.0,3.965228447566496,0.046049654248579035,0,0.0,0.0,0.0,0.0
BTC,2017-10-09,4611.7,4875.38,4556.15,4777.49,0.0,0.0,0.0,0.0,0.0,0.0,3.594986664353708,0.0700657353247809,0,0.0,0.0,0.0,0.0
BTC,2017-10-10,4777.49,4930.0,4722.81,4763.36,0.0,0.0,0.0,0.0,0.0,0.0,-0.29576200054840746,0.04387006887848539,0,0.0,0.0,0.0,0.0
BTC,2017-10-11,4763.36,4874.89,4718.6,4824.2,0.0,0.0,0.0,0.0,0.0,0.0,1.277249672500087,0.03312211249099308,0,0.0,0.0,0.0,0.0
BTC,2017-10-12,4824.2,5432.63,4814.98,5432.62,0.0,0.0,0.0,0.0,0.0,0.0,12.611832013598113,0.12827675296678295,0,0.0,0.0,0.0,0.0
BTC,2017-10-13,5432.62,5852.78,5391.97,5637.26,0.0,0.0,0.0,0.0,0.0,0.0,3.766874914866129,0.08546227074705524,0,0.0,0.0,0.0,0.0
BTC,2017-10-14,5637.26,5839.62,5568.86,5824.71,0.0,0.0,0.0,0.0,0.0,0.0,3.325196992865325,0.04862036395240682,0,0.0,0.0,0.0,0.0
BTC,2017-10-15,5824.71,5862.69,5448.22,5688.14,0.0,0.0,0.0,0.0,0.0,0.0,-2.344666086380261,0.0760743875981512,0,0.0,0.0,0.0,0.0
BTC,2017-10-16,5677.35,5795.33,5576.1,5759.33,0.0,0.0,0.0,0.0,0.0,0.0,1.4439835486626604,0.03931600939724889,0,0.0,0.0,0.0,0.0
BTC,2017-10-17,5759.25,5773.32,5521.09,5598.58,0.0,0.0,0.0,0.0,0.0,0.0,-2.7897729739115347,0.045684819483109235,0,0.0,0.0,0.0,0.0
BTC,2017-10-18,5598.58,5601.3,5114.87,5575.83,0.0,0.0,0.0,0.0,0.0,0.0,-0.40635303952073565,0.09510114626569205,0,0.0,0.0,0.0,0.0
BTC,2017-10-19,5576.71,5737.41,5517.62,5698.65,0.0,0.0,0.0,0.0,0.0,0.0,2.1865938877940505,0.039834203877758885,0,0.0,0.0,0.0,0.0
BTC,2017-10-20,5698.62,6075.32,5611.39,5993.11,0.0,0.0,0.0,0.0,0.0,0.0,5.167742365695551,0.08267648479253792,0,0.0,0.0,0.0,0.0
BTC,2017-10-21,5993.11,6187.2,5874.54,6006.65,0.0,0.0,0.0,0.0,0.0,0.0,0.22592610514407316,0.05322289064335248,0,0.0,0.0,0.0,0.0
BTC,2017-10-22,6006.65,6070.56,5722.98,5982.86,0.0,0.0,0.0,0.0,0.0,0.0,-0.3960610323558051,0.060734093077382915,0,0.0,0.0,0.0,0.0
BTC,2017-10-23,5982.86,6048.98,5644.22,5903.61,0.0,0.0,0.0,0.0,0.0,0.0,-1.3246173234874292,0.07171230037099888,0,0.0,0.0,0.0,0.0
BTC,2017-10-24,5903.61,5904.63,5463.41,5513.08,0.0,0.0,0.0,0.0,0.0,0.0,-6.615104995079278,0.08075908635815365,0,0.0,0.0,0.0,0.0
BTC,2017-10-25,5513.08,5747.96,5375.64,5734.0,0.0,0.0,0.0,0.0,0.0,0.0,4.007197428660569,0.0692605903669144,0,0.0,0.0,0.0,0.0
BTC,2017-10-26,5734.0,5970.4,5689.92,5887.61,0.0,0.0,0.0,0.0,0.0,0.0,2.678932682246245,0.04929419042798485,0,0.0,0.0,0.0,0.0
BTC,2017-10-27,5887.62,5997.83,5692.32,5764.56,1.0,0.0,0.0,0.0,0.0,2.0,-2.090148481050059,0.05367055963122246,1,3.0,0.0,0.0,0.0
BTC,2017-10-28,5764.56,5871.04,5654.8,5726.61,0.0,0.0,0.0,0.0,0.0,0.0,-0.6583329863857905,0.03824007922472939,0,0.0,1.0,0.0,0.0
BTC,2017-10-29,5726.61,6295.43,5679.37,6147.52,0.0,0.0,0.0,0.0,0.0,0.0,7.35007273063821,0.10847329897506244,0,0.0,0.0,1.0,0.0
BTC,2017-10-30,6147.7,6226.18,6018.97,6124.28,0.0,0.0,0.0,0.0,0.0,0.0,-0.380955479284937,0.03442615597020753,0,0.0,0.0,0.0,1.0
BTC,2017-10-31,6124.28,6467.2,6090.83,6451.24,0.0,0.0,0.0,0.0,0.0,1.0,5.3387500244926755,0.06179289193755201,1,1.0,0.0,0.0,0.0
BTC,2017-11-01,6449.1,6738.74,6355.0,6737.78,0.0,0.0,0.0,0.0,0.0,0.0,4.476283512428081,0.06038394964594804,0,0.0,1.0,0.0,0.0
BTC,2017-11-02,6737.78,7339.91,6737.77,7024.81,0.0,0.0,0.0,0.0,0.0,0.0,4.26000848944312,0.08936784722541721,0,0.0,0.0,1.0,0.0
BTC,2017-11-03,7024.81,7445.62,6938.93,7152.12,0.0,0.0,0.0,0.0,0.0,0.0,1.8122910085824313,0.07302134478947037,0,0.0,0.0,0.0,1.0
BTC,2017-11-04,7146.98,7492.24,6957.84,7363.8,0.0,0.0,0.0,0.0,0.0,0.0,3.0337289316606544,0.07680544536810269,0,0.0,0.0,0.0,0.0
BTC,2017-11-05,7363.8,7599.44,7284.33,7389.55,0.0,0.0,0.0,0.0,0.0,0.0,0.3496835872783074,0.04325861129300837,0,0.0,0.0,0.0,0.0
BTC,2017-11-06,7389.55,7429.7,6934.73,6959.23,0.0,0.0,0.0,0.0,0.0,0.0,-5.8233586618941695,0.07137552579552489,0,0.0,0.0,0.0,0.0
BTC,2017-11-07,6959.27,7222.37,6957.8,7102.75,0.0,0.0,0.0,0.0,0.0,1.0,2.0617104954973664,0.038024950415361136,1,1.0,0.0,0.0,0.0
BTC,2017-11-08,7102.23,7869.1,7026.97,7444.36,0.0,0.0,0.0,0.0,0.0,0.0,4.817219380391794,0.11984254949145935,0,0.0,1.0,0.0,0.0
BTC,2017-11-09,7444.36,7457.12,7040.83,7129.59,0.0,0.0,0.0,0.0,0.0,0.0,-4.228301694168465,0.05912513155409234,0,0.0,0.0,1.0,0.0
BTC,2017-11-10,7129.59,7318.97,6406.05,6565.8,1.0,0.0,0.0,0.0,0.0,1.0,-7.9077478508581835,0.1425090344283919,1,2.0,0.0,0.0,1.0
BTC,2017-11-11,6565.8,6821.5,6197.87,6339.86,0.0,0.0,0.0,1.0,0.0,1.0,-3.4411648237838572,0.10062005172744833,1,2.0,1.0,0.0,0.0
BTC,2017-11-12,6339.87,6490.53,5493.64,5878.13,0.0,0.0,0.0,0.0,0.0,0.0,-7.283114637997305,0.1814625639830785,0,0.0,1.0,1.0,0.0
BTC,2017-11-13,5878.09,6760.15,5828.34,6522.45,0.0,0.0,0.0,0.0,0.0,2.0,10.962064207931482,0.15987571075126014,1,2.0,0.0,1.0,1.0
BTC,2017-11-14,6522.45,6728.59,6419.18,6597.06,0.0,0.0,0.0,0.0,0.0,0.0,1.1438953154106293,0.04820086054605103,0,0.0,1.0,0.0,1.0
BTC,2017-11-15,6597.06,7330.06,6596.94,7283.22,0.0,0.0,0.0,0.0,0.0,0.0,10.400996807668868,0.11113031193250217,0,0.0,0.0,1.0,0.0
BTC,2017-11-16,7283.02,7964.64,7119.17,7853.68,0.0,0.0,0.0,0.0,0.0,0.0,7.835485828680956,0.1187596306872852,0,0.0,0.0,0.0,1.0
BTC,2017-11-17,7853.68,8000.19,7534.7,7699.95,1.0,0.0,0.0,0.0,0.0,1.0,-1.9574263275305395,0.061779500179171006,1,2.0,0.0,0.0,0.0
BTC,2017-11-18,7699.95,7857.52,7458.9,7780.91,0.0,0.0,0.0,0.0,0.0,1.0,1.0514353989311624,0.05344219657054,1,1.0,1.0,0.0,0.0
BTC,2017-11-19,7781.02,8100.87,7675.41,8042.64,0.0,0.0,0.0,0.0,0.0,0.0,3.3622841221330866,0.055431566522179274,0,0.0,1.0,1.0,0.0
BTC,2017-11-20,8042.64,8294.12,7947.28,8244.69,0.0,0.0,0.0,0.0,0.0,0.0,2.5122347885768876,0.043642604765404144,0,0.0,0.0,1.0,1.0
BTC,2017-11-21,8245.87,8368.36,7819.06,8099.97,0.0,0.0,0.0,0.0,0.0,0.0,-1.769370606133744,0.07025141129496386,0,0.0,0.0,0.0,1.0
BTC,2017-11-22,8099.92,8304.37,8091.63,8234.55,0.0,0.0,0.0,0.0,0.0,0.0,1.6621151813844974,0.026291365274981764,0,0.0,0.0,0.0,0.0
BTC,2017-11-23,8234.5,8266.55,8012.35,8013.41,0.0,0.0,0.0,0.0,0.0,0.0,-2.6849231890218004,0.031726022952067605,0,0.0,0.0,0.0,0.0
BTC,2017-11-24,8013.38,8332.94,7900.17,8200.8,0.0,0.0,0.0,0.0,0.0,0.0,2.338838292955022,0.05477983385167667,0,0.0,0.0,0.0,0.0
BTC,2017-11-25,8203.45,8761.98,8153.7,8754.69,0.0,0.0,0.0,0.0,0.0,0.0,6.719611870615408,0.07460171455903451,0,0.0,0.0,0.0,0.0
BTC,2017-11-26,8754.62,9474.62,8746.56,9318.42,0.0,0.0,0.0,0.0,0.0,0.0,6.440028236519681,0.08323958219002686,0,0.0,0.0,0.0,0.0
BTC,2017-11-27,9318.42,9733.61,9316.84,9733.2,0.0,0.0,0.0,0.0,0.0,0.0,4.45118378437547,0.04473297813421723,0,0.0,0.0,0.0,0.0
BTC,2017-11-28,9732.63,9969.58,9638.2,9906.04,0.0,0.0,0.0,0.0,0.0,0.0,1.7817383379415603,0.03438193853624112,0,0.0,0.0,0.0,0.0
BTC,2017-11-29,9906.04,11417.8,8938.7,9837.86,0.0,0.0,0.0,0.0,0.0,0.0,-0.6882669563216006,0.27734458030809833,0,0.0,0.0,0.0,0.0
BTC,2017-11-30,9848.05,10689.1,9023.77,9946.76,0.0,0.0,0.0,0.0,0.0,0.0,1.0023304105889081,0.184549251587751,0,0.0,0.0,0.0,0.0
BTC,2017-12-01,9947.08,10942.8,9420.93,10861.5,0.0,0.0,0.0,0.0,0.0,0.0,9.192848554550682,0.16154137648830835,0,0.0,0.0,0.0,0.0
BTC,2017-12-02,10861.5,11175.2,10715.5,10912.7,0.0,0.0,0.0,0.0,0.0,0.0,0.4713897712102447,0.04290047127992168,0,0.0,0.0,0.0,0.0
BTC,2017-12-03,10912.7,11851.1,10578.4,11246.2,0.0,0.0,0.0,0.0,0.0,0.0,3.056072282753122,0.120311200181502,0,0.0,0.0,0.0,0.0
BTC,2017-12-04,11244.2,11624.6,10917.8,11623.9,0.0,0.0,0.0,0.0,0.0,0.0,3.3768520659539933,0.06473831724340079,0,0.0,0.0,0.0,0.0
BTC,2017-12-05,11624.4,11901.9,11486.1,11667.1,0.0,0.0,0.0,0.0,0.0,0.0,0.36733078696535504,0.03620027685637416,0,0.0,0.0,0.0,0.0
BTC,2017-12-06,11667.1,13843.2,11661.8,13749.6,0.0,0.0,0.0,0.0,0.0,0.0,17.8493370246248,0.18705517158586166,0,0.0,0.0,0.0,0.0
BTC,2017-12-07,13750.1,16879.3,13401.6,16850.3,0.0,0.0,0.0,0.0,0.0,0.0,22.546745114580975,0.2594988658070677,0,0.0,0.0,0.0,0.0
BTC,2017-12-08,16868.0,17294.8,13906.1,16047.6,0.0,0.0,0.0,0.0,0.0,0.0,-4.863647142518376,0.2436844262589798,0,0.0,0.0,0.0,0.0
BTC,2017-12-09,16048.2,16313.2,13151.5,14843.4,0.0,0.0,0.0,0.0,0.0,0.0,-7.507384005682886,0.24040603733414445,0,0.0,0.0,0.0,0.0
BTC,2017-12-10,14840.0,15783.2,13031.0,15059.6,0.0,0.0,0.0,0.0,0.0,0.0,1.4797843665768218,0.21120405187629504,0,0.0,0.0,0.0,0.0
BTC,2017-12-11,15060.5,17399.2,15024.6,16732.5,0.0,0.0,0.0,0.0,0.0,0.0,11.101889047508383,0.1580474688178055,0,0.0,0.0,0.0,0.0
BTC,2017-12-12,16733.3,17560.7,16254.5,17083.9,0.0,0.0,0.0,0.0,0.0,0.0,2.0952232972575775,0.08035928512104344,0,0.0,0.0,0.0,0.0
BTC,2017-12-13,17083.9,17268.0,15669.9,16286.8,0.0,0.0,0.0,0.0,0.0,0.0,-4.66579645162991,0.1019853349415121,0,0.0,0.0,0.0,0.0
BTC,2017-12-14,16286.8,16941.1,16023.6,16467.9,0.0,0.0,0.0,0.0,0.0,0.0,1.1119434142987095,0.05725929254349822,0,0.0,0.0,0.0,0.0
BTC,2017-12-15,16467.9,17987.0,16442.2,17604.8,0.0,0.0,0.0,0.0,0.0,0.0,6.903733930859415,0.09395336390507349,0,0.0,0.0,0.0,0.0
BTC,2017-12-16,17594.1,19587.7,17318.5,19345.5,0.0,0.0,0.0,0.0,0.0,0.0,9.954473374597175,0.1310275139301903,0,0.0,0.0,0.0,0.0
BTC,2017-12-17,19346.6,19870.6,18750.9,19065.7,0.0,0.0,0.0,0.0,0.0,0.0,-1.451934706873548,0.05971446703891531,0,0.0,0.0,0.0,0.0
BTC,2017-12-18,19065.7,19221.1,18114.4,18972.3,0.0,0.0,0.0,0.0,0.0,0.0,-0.4898849766858886,0.06109504040983952,0,0.0,0.0,0.0,0.0
BTC,2017-12-19,18971.2,19022.0,16812.8,17523.7,0.0,0.0,0.0,0.0,0.0,0.0,-7.629986505861516,0.1313998858012943,0,0.0,0.0,0.0,0.0
BTC,2017-12-20,17521.7,17813.6,15642.7,16462.0,0.0,0.0,0.0,0.0,0.0,0.0,-6.0479291392958485,0.13878038957468963,0,0.0,0.0,0.0,0.0
BTC,2017-12-21,16461.1,17301.8,14953.0,15632.1,0.0,0.0,0.0,0.0,0.0,0.0,-5.036115447934818,0.1570788470541028,0,0.0,0.0,0.0,0.0
BTC,2017-12-22,15632.1,15823.7,10875.7,13665.0,0.0,0.0,0.0,0.0,0.0,0.0,-12.583721956742858,0.4549592210156587,0,0.0,0.0,0.0,0.0
BTC,2017-12-23,13665.0,15493.2,13356.1,14396.5,0.0,0.0,0.0,0.0,0.0,0.0,5.35309184046835,0.16000928414731846,0,0.0,0.0,0.0,0.0
BTC,2017-12-24,14396.6,14413.7,12166.5,13790.0,0.0,0.0,0.0,0.0,0.0,0.0,-4.213494852951394,0.18470390005342546,0,0.0,0.0,0.0,0.0
BTC,2017-12-25,13790.0,14467.4,13010.7,13833.5,0.0,0.0,0.0,0.0,0.0,0.0,0.3154459753444525,0.11196169306801317,0,0.0,0.0,0.0,0.0
BTC,2017-12-26,13830.2,16094.7,13748.5,15756.6,0.0,0.0,0.0,0.0,0.0,0.0,13.928938120923773,0.17065134378295818,0,0.0,0.0,0.0,0.0
BTC,2017-12-27,15757.0,16514.6,14534.7,15416.6,0.0,0.0,0.0,0.0,0.0,0.0,-2.160309703623784,0.13621884180616028,0,0.0,0.0,0.0,0.0
BTC,2017-12-28,15416.3,15505.5,13466.1,14398.7,0.0,0.0,0.0,0.0,0.0,0.0,-6.600805640782799,0.15144696682781203,0,0.0,0.0,0.0,0.0
BTC,2017-12-29,14398.5,15109.8,13951.1,14392.6,0.0,0.0,0.0,0.0,0.0,0.0,-0.04097649060665789,0.08305438280852398,0,0.0,0.0,0.0,0.0
BTC,2017-12-30,14392.1,14461.5,11962.1,12531.5,0.0,0.0,0.0,0.0,0.0,0.0,-12.927925737036293,0.20894324575116405,0,0.0,0.0,0.0,0.0
BTC,2017-12-31,12532.4,14241.8,12359.4,13850.4,0.0,0.0,0.0,0.0,0.0,0.0,10.516740608343175,0.15230512808065114,0,0.0,0.0,0.0,0.0
BTC,2018-01-01,13850.5,13921.5,12877.7,13444.9,0.0,0.0,0.0,0.0,0.0,0.0,-2.928414136673769,0.08105484675058429,0,0.0,0.0,0.0,0.0
BTC,2018-01-02,13444.9,15306.1,12934.2,14754.1,0.0,0.0,0.0,0.0,0.0,0.0,9.737521290600903,0.1833820414095962,0,0.0,0.0,0.0,0.0
BTC,2018-01-03,14754.1,15435.0,14579.7,15156.6,0.0,0.0,0.0,0.0,0.0,0.0,2.7280552524383053,0.05866375851354961,0,0.0,0.0,0.0,0.0
BTC,2018-01-04,15156.5,15408.7,14244.7,15180.1,0.0,0.0,0.0,0.0,0.0,0.0,0.15570877181407555,0.08171460262413388,0,0.0,0.0,0.0,0.0
BTC,2018-01-05,15180.1,17126.9,14832.4,16954.8,0.0,0.0,0.0,0.0,0.0,0.0,11.690963827642761,0.15469512688438836,0,0.0,0.0,0.0,0.0
BTC,2018-01-06,16954.8,17252.8,16286.6,17172.3,0.0,0.0,0.0,0.0,0.0,0.0,1.2828225635218344,0.05932484373656864,0,0.0,0.0,0.0,0.0
BTC,2018-01-07,17174.5,17184.8,15791.1,16228.2,0.0,0.0,0.0,0.0,0.0,0.0,-5.509912952342131,0.08825857603333516,0,0.0,0.0,0.0,0.0
BTC,2018-01-08,16228.3,16302.9,13902.3,14976.2,0.0,0.0,0.0,0.0,0.0,0.0,-7.715533974599918,0.17267646360674135,0,0.0,0.0,0.0,0.0
BTC,2018-01-09,14976.2,15390.3,14221.5,14468.5,0.0,0.0,0.0,0.0,0.0,0.0,-3.3900455389217607,0.08218542347853597,0,0.0,0.0,0.0,0.0
BTC,2018-01-10,14468.1,14919.5,13450.5,14919.5,0.0,0.0,0.0,0.0,0.0,0.0,3.1199673765041687,0.10921527080777667,0,0.0,0.0,0.0,0.0
BTC,2018-01-11,14920.4,14980.0,12826.0,13308.1,0.0,0.0,1.0,0.0,0.0,1.0,-10.806010562719495,0.16794012162794325,1,2.0,0.0,0.0,0.0
BTC,2018-01-12,13308.1,14129.1,12851.9,13841.2,0.0,1.0,0.0,0.0,0.0,1.0,4.005831035234183,0.09937830204094342,1,2.0,1.0,0.0,0.0
BTC,2018-01-13,13841.2,14595.0,13830.3,14243.1,0.0,0.0,0.0,0.0,0.0,0.0,2.9036499725457303,0.055291642263725356,0,0.0,1.0,1.0,0.0
BTC,2018-01-14,14244.1,14415.7,13031.9,13638.6,1.0,0.0,0.0,0.0,0.0,0.0,-4.250882821659494,0.10618559074271604,1,1.0,0.0,1.0,1.0
BTC,2018-01-15,13638.6,14355.8,13416.7,13632.0,2.0,1.0,0.0,0.0,0.0,1.0,-0.04839206370155561,0.06999485715563428,1,4.0,1.0,0.0,1.0
BTC,2018-01-16,13634.6,13648.8,10032.7,11282.5,1.0,0.0,0.0,0.0,0.0,2.0,-17.250964458069912,0.3604313893568031,1,3.0,1.0,1.0,0.0
BTC,2018-01-17,11282.5,11736.3,9205.38,11162.7,0.0,0.0,0.0,0.0,0.0,1.0,-1.0618214048304833,0.27493922032550533,1,1.0,1.0,1.0,1.0
BTC,2018-01-18,11162.7,12018.4,10642.3,11175.5,0.0,0.0,0.0,0.0,0.0,0.0,0.11466759834089667,0.12930475555096177,0,0.0,1.0,1.0,1.0
BTC,2018-01-19,11175.5,11780.5,10867.2,11521.8,0.0,0.0,0.0,0.0,0.0,1.0,3.0987427855576866,0.08404188751472313,1,1.0,0.0,1.0,1.0
BTC,2018-01-20,11521.8,13031.0,11502.1,12783.9,0.0,0.0,0.0,0.0,0.0,0.0,10.95401760141645,0.1329235530903052,0,0.0,1.0,0.0,1.0
BTC,2018-01-21,12783.5,12787.3,11101.7,11549.9,0.0,0.0,0.0,0.0,0.0,0.0,-9.649939374975556,0.15183260221407519,0,0.0,0.0,1.0,0.0
BTC,2018-01-22,11550.0,11913.7,10067.8,10814.5,0.0,0.0,0.0,0.0,0.0,0.0,-6.367965367965368,0.1833469079640042,0,0.0,0.0,0.0,1.0
BTC,2018-01-23,10814.5,11388.5,9980.5,10858.2,0.0,0.0,0.0,0.0,0.0,0.0,0.40408710527533154,0.14107509643805421,0,0.0,0.0,0.0,0.0
BTC,2018-01-24,10853.8,11531.6,10506.5,11429.0,0.0,0.0,0.0,0.0,0.0,0.0,5.299526433138632,0.09756817208394807,0,0.0,0.0,0.0,0.0
BTC,2018-01-25,11428.1,11741.9,10942.5,11202.7,0.0,0.0,0.0,0.0,0.0,0.0,-1.9723313586685418,0.07305460360977835,0,0.0,0.0,0.0,0.0
BTC,2018-01-26,11203.1,11652.3,10348.8,10814.6,0.0,0.0,0.0,0.0,0.0,0.0,-3.467790165222126,0.12595663265306123,0,0.0,0.0,0.0,0.0
BTC,2018-01-27,10812.5,11635.4,10810.7,11504.8,0.0,0.0,0.0,0.0,0.0,0.0,6.4027745664739815,0.07628553192670215,0,0.0,0.0,0.0,0.0
BTC,2018-01-28,11506.3,12060.8,11370.2,11800.9,0.0,0.0,0.0,0.0,0.0,0.0,2.560336511302507,0.060737717894144214,0,0.0,0.0,0.0,0.0
BTC,2018-01-29,11801.5,11859.2,11092.4,11130.2,0.0,0.0,0.0,0.0,0.0,0.0,-5.688259966953347,0.06912841224622274,0,0.0,0.0,0.0,0.0
BTC,2018-01-30,11131.8,11282.7,9875.93,10242.7,0.0,0.0,0.0,0.0,0.0,0.0,-7.987028153578025,0.14244430651088053,0,0.0,0.0,0.0,0.0
BTC,2018-01-31,10241.3,10374.0,9702.56,10141.6,0.0,0.0,0.0,0.0,0.0,0.0,-0.9735092224619815,0.0692023548424334,0,0.0,0.0,0.0,0.0
BTC,2018-02-01,10139.2,10279.8,8727.41,9052.98,0.0,0.0,0.0,0.0,0.0,0.0,-10.71307400978382,0.17787522300430478,0,0.0,0.0,0.0,0.0
BTC,2018-02-02,9045.87,9221.4,7791.78,8801.43,0.0,0.0,0.0,0.0,0.0,0.0,-2.702227646428707,0.18347797294071444,0,0.0,0.0,0.0,0.0
BTC,2018-02-03,8799.94,9500.81,8197.71,9133.51,0.0,0.0,0.0,0.0,0.0,0.0,3.790594026777452,0.15895902636224024,0,0.0,0.0,0.0,0.0
BTC,2018-02-04,9127.35,9398.27,7906.13,8433.93,0.0,0.0,0.0,0.0,0.0,0.0,-7.597166757054348,0.18873203450993095,0,0.0,0.0,0.0,0.0
BTC,2018-02-05,8438.75,8449.31,6630.24,6842.69,0.0,0.0,0.0,0.0,0.0,0.0,-18.913464671900464,0.27435960085909405,0,0.0,0.0,0.0,0.0
BTC,2018-02-06,6836.63,7926.24,5969.52,7644.83,0.0,0.0,0.0,0.0,0.0,0.0,11.82161386531083,0.3277851485546575,0,0.0,0.0,0.0,0.0
BTC,2018-02-07,7646.42,8572.68,7209.41,7863.87,0.0,0.0,0.0,0.0,0.0,0.0,2.8438144909643968,0.18909591769645512,0,0.0,0.0,0.0,0.0
BTC,2018-02-08,7863.87,8642.25,7555.8,8253.94,0.0,0.0,0.0,0.0,0.0,0.0,4.960280370860666,0.14379020090526481,0,0.0,0.0,0.0,0.0
BTC,2018-02-09,8255.79,8742.14,7781.02,8593.7,0.0,0.0,0.0,0.0,0.0,0.0,4.093006241680079,0.12352108078375315,0,0.0,0.0,0.0,0.0
BTC,2018-02-10,8596.6,9075.66,8180.08,8580.38,0.0,0.0,0.0,0.0,0.0,0.0,-0.1886792452830324,0.10948303684071549,0,0.0,0.0,0.0,0.0
BTC,2018-02-11,8575.8,8594.88,7862.79,8315.35,0.0,0.0,0.0,0.0,0.0,0.0,-3.0370344457659804,0.09310817152690067,0,0.0,0.0,0.0,0.0
BTC,2018-02-12,8315.02,8924.21,8037.91,8900.54,0.0,0.0,0.0,0.0,0.0,0.0,7.0417148726040395,0.11026498181741265,0,0.0,0.0,0.0,0.0
BTC,2018-02-13,8905.16,8996.06,8386.92,8578.59,0.0,0.0,0.0,0.0,0.0,0.0,-3.6671996909656843,0.07262976158112865,0,0.0,0.0,0.0,0.0
BTC,2018-02-14,8580.25,9455.85,8511.25,9455.85,0.0,0.0,0.0,0.0,0.0,0.0,10.204830861571637,0.11098252313115,0,0.0,0.0,0.0,0.0
BTC,2018-02-15,9456.51,10222.7,9364.81,10088.4,0.0,0.0,0.0,0.0,0.0,0.0,6.682063467389125,0.0916078382796876,0,0.0,0.0,0.0,0.0
BTC,2018-02-16,10093.4,10302.4,9723.28,10221.4,0.0,0.0,0.0,0.0,0.0,0.0,1.268155428299681,0.05956014842727957,0,0.0,0.0,0.0,0.0
BTC,2018-02-17,10218.5,10970.8,10075.8,10950.3,0.0,0.0,0.0,0.0,0.0,0.0,7.161520771150358,0.08882669366204173,0,0.0,0.0,0.0,0.0
BTC,2018-02-18,10958.9,11287.9,10161.0,10603.8,0.0,0.0,0.0,0.0,0.0,0.0,-3.2402887151082713,0.11090443853951379,0,0.0,0.0,0.0,0.0
BTC,2018-02-19,10601.8,11263.8,10338.3,11096.4,0.0,0.0,0.0,0.0,0.0,0.0,4.665245524344926,0.08952148805896522,0,0.0,0.0,0.0,0.0
BTC,2018-02-20,11095.7,11802.0,11074.2,11443.8,0.0,0.0,0.0,0.0,0.0,0.0,3.137251367646913,0.06572032291271597,0,0.0,0.0,0.0,0.0
BTC,2018-02-21,11410.9,11435.6,10267.1,10487.8,0.0,0.0,0.0,0.0,0.0,0.0,-8.089633595947737,0.11381013139055819,0,0.0,0.0,0.0,0.0
BTC,2018-02-22,10486.6,10941.2,9757.93,9971.59,0.0,0.0,0.0,0.0,0.0,0.0,-4.911124673392712,0.12126239888992854,0,0.0,0.0,0.0,0.0
BTC,2018-02-23,9972.0,10420.6,9606.13,10169.5,0.0,0.0,0.0,0.0,0.0,0.0,1.9805455274769352,0.08478648529636817,0,0.0,0.0,0.0,0.0
BTC,2018-02-24,10166.8,10525.6,9398.07,9631.16,0.0,0.0,0.0,0.0,0.0,0.0,-5.2685210685761446,0.11997463308955995,0,0.0,0.0,0.0,0.0
BTC,2018-02-25,9631.58,9872.44,9330.08,9692.76,0.0,0.0,0.0,0.0,0.0,0.0,0.6352021163713565,0.05813026254865988,0,0.0,0.0,0.0,0.0
BTC,2018-02-26,9691.52,10456.8,9412.63,10370.5,0.0,0.0,0.0,0.0,0.0,0.0,7.005918576239842,0.11093286360985188,0,0.0,0.0,0.0,0.0
BTC,2018-02-27,10371.5,10877.8,10154.8,10756.2,0.0,0.0,0.0,0.0,0.0,0.0,3.7092031046618206,0.07119785717099303,0,0.0,0.0,0.0,0.0
BTC,2018-02-28,10751.3,11067.8,10407.8,10435.1,0.0,0.0,0.0,0.0,0.0,0.0,-2.9410396882237397,0.06341397797805493,0,0.0,0.0,0.0,0.0
BTC,2018-03-01,10436.9,11086.5,10248.5,10981.2,0.0,0.0,0.0,0.0,0.0,0.0,5.215150092460416,0.0817680636190662,0,0.0,0.0,0.0,0.0
BTC,2018-03-02,10984.5,11190.9,10802.8,11127.5,0.0,0.0,0.0,0.0,0.0,0.0,1.3018344030224407,0.03592587107046325,0,0.0,0.0,0.0,0.0
BTC,2018-03-03,11129.0,11527.7,10978.5,11409.4,0.0,0.0,0.0,0.0,0.0,0.0,2.5195435349087933,0.05002504895932967,0,0.0,0.0,0.0,0.0
BTC,2018-03-04,11408.8,11522.8,11085.8,11419.2,0.0,0.0,0.0,0.0,0.0,0.0,0.09115770282590155,0.03941979830052861,0,0.0,0.0,0.0,0.0
BTC,2018-03-05,11417.8,11693.5,11417.8,11582.3,0.0,0.0,0.0,0.0,0.0,0.0,1.4407328907495316,0.02414650808386911,0,0.0,0.0,0.0,0.0
BTC,2018-03-06,11583.7,11615.8,10589.5,10783.3,0.0,0.0,0.0,0.0,0.0,0.0,-6.909709332941991,0.09691675716511632,0,0.0,0.0,0.0,0.0
BTC,2018-03-07,10784.1,10912.3,9481.15,9955.82,0.0,0.0,0.0,0.0,0.0,0.0,-7.680566760323074,0.15094687880689575,0,0.0,0.0,0.0,0.0
BTC,2018-03-08,9955.19,10117.4,9092.31,9295.35,0.0,0.0,0.0,0.0,0.0,0.0,-6.6281005184230555,0.11274252637668537,0,0.0,0.0,0.0,0.0
BTC,2018-03-09,9290.2,9433.34,8397.35,9245.25,0.0,0.0,0.0,0.0,0.0,0.0,-0.48384318959764827,0.12337106349026773,0,0.0,0.0,0.0,0.0
BTC,2018-03-10,9246.44,9518.02,8733.3,8857.16,0.0,0.0,0.0,0.0,0.0,0.0,-4.210052733808911,0.08985377806785536,0,0.0,0.0,0.0,0.0
BTC,2018-03-11,8856.31,9732.64,8485.37,9528.61,0.0,0.0,0.0,0.0,0.0,0.0,7.591197688427812,0.1469906438964946,0,0.0,0.0,0.0,0.0
BTC,2018-03-12,9523.61,9904.88,8804.32,9069.6,0.0,0.0,0.0,0.0,0.0,0.0,-4.76720487294209,0.12500227161211763,0,0.0,0.0,0.0,0.0
BTC,2018-03-13,9069.07,9485.62,8856.65,9172.47,0.0,0.0,0.0,0.0,0.0,0.0,1.140138955813547,0.07101669367085763,0,0.0,0.0,0.0,0.0
BTC,2018-03-14,9172.06,9358.58,7968.15,8195.38,0.0,0.0,0.0,0.0,0.0,0.0,-10.648425762587689,0.17449847204181654,0,0.0,0.0,0.0,0.0
BTC,2018-03-15,8196.88,8430.73,7699.24,8338.49,0.0,0.0,0.0,0.0,0.0,0.0,1.7276085534984116,0.095008078719458,0,0.0,0.0,0.0,0.0
BTC,2018-03-16,8338.17,8612.73,7928.01,8503.46,0.0,0.0,0.0,0.0,0.0,0.0,1.9823294559837354,0.08636719681231474,0,0.0,0.0,0.0,0.0
BTC,2018-03-17,8503.87,8524.8,7766.11,8028.06,0.0,0.0,0.0,0.0,0.0,0.0,-5.595217236387672,0.09769240971348586,0,0.0,0.0,0.0,0.0
BTC,2018-03-18,8026.23,8293.12,7336.29,8165.37,0.0,0.0,0.0,0.0,0.0,0.0,1.7335660702471813,0.1304242335022199,0,0.0,0.0,0.0,0.0
BTC,2018-03-19,8167.32,8711.79,8133.46,8522.47,0.0,0.0,0.0,0.0,0.0,0.0,4.348427635993198,0.07110504016740733,0,0.0,0.0,0.0,0.0
BTC,2018-03-20,8523.35,9053.34,8341.59,8965.18,0.0,1.0,1.0,0.0,0.0,1.0,5.183759906609489,0.08532545953469302,1,3.0,0.0,0.0,0.0
BTC,2018-03-21,8965.51,9180.67,8781.89,8850.45,0.0,0.0,0.0,0.0,0.0,0.0,-1.2833625750236126,0.04540935948867507,0,0.0,1.0,0.0,0.0
BTC,2018-03-22,8849.7,9104.17,8503.82,8707.28,0.0,0.0,0.0,0.0,0.0,0.0,-1.6093200899465525,0.07059768433480487,0,0.0,0.0,1.0,0.0
BTC,2018-03-23,8709.07,8778.7,8310.63,8673.0,0.0,0.0,0.0,0.0,0.0,0.0,-0.414165921275173,0.05632184322969517,0,0.0,0.0,0.0,1.0
BTC,2018-03-24,8671.15,9022.01,8600.51,8652.18,0.0,0.0,0.0,0.0,0.0,0.0,-0.21877144323416553,0.04900872157581353,0,0.0,0.0,0.0,0.0
BTC,2018-03-25,8649.89,8690.04,8397.47,8640.39,0.0,0.0,0.0,0.0,0.0,0.0,-0.10982798625184831,0.03484025545789405,0,0.0,0.0,0.0,0.0
BTC,2018-03-26,8641.87,8669.04,7870.01,7895.7,0.0,0.0,1.0,0.0,0.0,0.0,-8.634358072963385,0.10152846057374776,1,1.0,0.0,0.0,0.0
BTC,2018-03-27,7894.7,8275.94,7753.34,8015.04,0.0,0.0,0.0,0.0,0.0,0.0,1.5243137801309758,0.06740320945553792,0,0.0,1.0,0.0,0.0
BTC,2018-03-28,8015.13,8115.93,7752.87,7896.79,0.0,0.0,0.0,0.0,0.0,1.0,-1.476457649470441,0.04682910973613648,1,1.0,0.0,1.0,0.0
BTC,2018-03-29,7896.6,8018.55,6933.91,7093.38,0.0,0.0,0.0,0.0,0.0,0.0,-10.17171947420409,0.15642545115238016,0,0.0,1.0,0.0,1.0
BTC,2018-03-30,7095.14,7340.44,6603.73,6929.03,0.0,0.0,0.0,0.0,0.0,0.0,-2.3411800189989282,0.11155967915102527,0,0.0,0.0,1.0,0.0
BTC,2018-03-31,6927.48,7227.02,6763.05,6942.14,0.0,0.0,0.0,0.0,0.0,0.0,0.21162096462206698,0.06860366254870218,0,0.0,0.0,0.0,1.0
BTC,2018-04-01,6942.29,7056.17,6464.83,6845.22,0.0,0.0,0.0,0.0,0.0,0.0,-1.3982417905330908,0.09147030935074861,0,0.0,0.0,0.0,0.0
BTC,2018-04-02,6845.83,7131.0,6781.94,7002.86,0.0,0.0,0.0,0.0,0.0,0.0,2.2938051339282417,0.05146904867928652,0,0.0,0.0,0.0,0.0
BTC,2018-04-03,7001.44,7528.7,6999.41,7455.61,0.0,0.0,0.0,0.0,0.0,0.0,6.486808427980531,0.07561923076373579,0,0.0,0.0,0.0,0.0
BTC,2018-04-04,7452.16,7457.19,6758.28,6845.66,0.0,0.0,0.0,0.0,0.0,0.0,-8.138579955341807,0.10341536603987996,0,0.0,0.0,0.0,0.0
BTC,2018-04-05,6844.76,6933.66,6602.79,6744.7,0.0,0.0,0.0,0.0,0.0,0.0,-1.4618481875186333,0.050110635049728965,0,0.0,0.0,0.0,0.0
BTC,2018-04-06,6742.99,6866.35,6526.97,6626.76,0.0,0.0,0.0,0.0,0.0,0.0,-1.7237160369509605,0.051996561957539274,0,0.0,0.0,0.0,0.0
BTC,2018-04-07,6626.28,7082.35,6551.0,6994.11,0.0,0.0,0.0,0.0,0.0,0.0,5.55107843314801,0.08110975423599456,0,0.0,0.0,0.0,0.0
BTC,2018-04-08,6994.45,7128.51,6883.26,7027.22,0.0,0.0,0.0,0.0,0.0,0.0,0.46851432206964716,0.03562991954393703,0,0.0,0.0,0.0,0.0
BTC,2018-04-09,7026.84,7202.88,6633.79,6734.99,0.0,0.0,0.0,0.0,0.0,0.0,-4.153360543288311,0.08578655640290093,0,0.0,0.0,0.0,0.0
BTC,2018-04-10,6733.79,6894.5,6676.82,6891.62,0.0,0.0,0.0,0.0,0.0,0.0,2.343850936842401,0.03260234662608851,0,0.0,0.0,0.0,0.0
BTC,2018-04-11,6891.54,6986.7,6820.01,6938.74,0.0,0.0,0.0,0.0,0.0,0.0,0.6848977151696112,0.024441313135904433,0,0.0,0.0,0.0,0.0
BTC,2018-04-12,6938.74,8043.58,6796.35,7842.48,0.0,0.0,0.0,0.0,0.0,0.0,13.024554890369142,0.18351468067418533,0,0.0,0.0,0.0,0.0
BTC,2018-04-13,7842.67,8231.09,7761.54,7889.47,0.0,0.0,0.0,0.0,0.0,0.0,0.5967355505204245,0.06049701476768788,0,0.0,0.0,0.0,0.0
BTC,2018-04-14,7894.58,8190.3,7825.46,8060.12,0.0,0.0,0.0,0.0,0.0,0.0,2.0968816580489396,0.04662217939903854,0,0.0,0.0,0.0,0.0
BTC,2018-04-15,8062.56,8425.7,7990.33,8326.13,0.0,0.0,0.0,0.0,0.0,0.0,3.2690609434224216,0.05448711129577887,0,0.0,0.0,0.0,0.0
BTC,2018-04-16,8327.2,8428.23,7929.79,8036.15,0.0,0.0,0.0,0.0,0.0,0.0,-3.4951724469209466,0.06285664563626522,0,0.0,0.0,0.0,0.0
BTC,2018-04-17,8044.67,8185.27,7864.98,7943.6,0.0,0.0,0.0,0.0,0.0,0.0,-1.2563598009613783,0.04072356191624148,0,0.0,0.0,0.0,0.0
BTC,2018-04-18,7942.82,8245.47,7896.39,8216.79,0.0,0.0,0.0,0.0,0.0,0.0,3.449278719648704,0.04420754294050813,0,0.0,0.0,0.0,0.0
BTC,2018-04-19,8216.62,8320.98,8137.2,8299.41,0.0,0.0,0.0,0.0,0.0,0.0,1.0075919295281885,0.022585164430025038,0,0.0,0.0,0.0,0.0
BTC,2018-04-20,8299.4,8572.92,8244.21,8533.44,0.0,0.0,0.0,0.0,0.0,0.0,2.8199628888835444,0.03987161899078274,0,0.0,0.0,0.0,0.0
BTC,2018-04-21,8532.19,9039.46,8532.19,8803.79,0.0,0.0,0.0,0.0,0.0,0.0,3.183239004288469,0.059453668987680605,0,0.0,0.0,0.0,0.0
BTC,2018-04-22,8802.41,9043.44,8800.7,8941.44,0.0,0.0,0.0,0.0,0.0,0.0,1.5794538086728598,0.027581896894565177,0,0.0,0.0,0.0,0.0
BTC,2018-04-23,8943.08,9023.65,8789.2,8963.12,0.0,0.0,0.0,0.0,0.0,0.0,0.2240838726702755,0.026674782687844047,0,0.0,0.0,0.0,0.0
BTC,2018-04-24,8963.14,9499.35,8942.39,9478.46,0.0,0.0,0.0,0.0,0.0,0.0,5.749324455492157,0.06228312565209088,0,0.0,0.0,0.0,0.0
BTC,2018-04-25,9479.5,9764.72,8759.0,9171.17,0.0,0.0,0.0,0.0,0.0,0.0,-3.2525977108497277,0.11482132663546059,0,0.0,0.0,0.0,0.0
BTC,2018-04-26,9171.41,9178.9,8670.43,9103.79,0.0,0.0,0.0,0.0,0.0,0.0,-0.7372912125834412,0.058644150290123945,0,0.0,0.0,0.0,0.0
BTC,2018-04-27,9106.88,9385.58,8948.3,8997.18,0.0,0.0,0.0,0.0,0.0,1.0,-1.2045837872026306,0.04886738263133787,1,1.0,0.0,0.0,0.0
BTC,2018-04-28,8995.69,9433.64,8895.54,9295.09,0.0,0.0,0.0,0.0,0.0,0.0,3.3282605336555573,0.06049098761851428,0,0.0,1.0,0.0,0.0
BTC,2018-04-29,9295.97,9551.64,9191.2,9330.88,0.0,0.0,0.0,0.0,0.0,0.0,0.3755390776863507,0.03921577160762454,0,0.0,0.0,1.0,0.0
BTC,2018-04-30,9331.93,9459.12,9134.33,9234.24,0.0,0.0,0.0,0.0,0.0,0.0,-1.0468359706941706,0.03555706877242237,0,0.0,0.0,0.0,1.0
BTC,2018-05-01,9233.96,9288.69,8853.75,9085.66,0.0,0.0,0.0,0.0,0.0,0.0,-1.6060281829247613,0.04912494705633212,0,0.0,0.0,0.0,0.0
BTC,2018-05-02,9086.88,9264.07,8994.31,9237.04,0.0,0.0,0.0,0.0,0.0,0.0,1.6524923846248842,0.02999229512880924,0,0.0,0.0,0.0,0.0
BTC,2018-05-03,9240.29,9749.4,9172.99,9666.23,0.0,0.0,0.0,0.0,0.0,0.0,4.609595586285698,0.06283774429057482,0,0.0,0.0,0.0,0.0
BTC,2018-05-04,9665.86,9807.21,9554.1,9727.04,0.0,0.0,0.0,0.0,0.0,1.0,0.632949370257797,0.026492291267623192,1,1.0,0.0,0.0,0.0
BTC,2018-05-05,9732.19,9967.97,9687.41,9789.07,0.0,0.0,0.0,0.0,0.0,0.0,0.5844522147635753,0.028961301317896062,0,0.0,1.0,0.0,0.0
BTC,2018-05-06,9788.91,9936.16,9443.65,9551.57,0.0,0.0,0.0,0.0,0.0,0.0,-2.424580469122713,0.05215250459303344,0,0.0,0.0,1.0,0.0
BTC,2018-05-07,9551.9,9661.82,9205.97,9404.64,0.0,0.0,0.0,0.0,0.0,0.0,-1.5416828065620476,0.049516780958443314,0,0.0,0.0,0.0,1.0
BTC,2018-05-08,9404.66,9471.9,9067.33,9199.07,0.0,0.0,0.0,0.0,0.0,0.0,-2.186043939919148,0.044618426813626474,0,0.0,0.0,0.0,0.0
BTC,2018-05-09,9198.46,9373.46,8988.5,9259.53,0.0,0.0,0.0,0.0,0.0,0.0,0.6639154815045294,0.04282805807420583,0,0.0,0.0,0.0,0.0
BTC,2018-05-10,9259.81,9393.81,9071.49,9114.8,0.0,0.0,0.0,0.0,0.0,0.0,-1.56601485343652,0.03553109797839161,0,0.0,0.0,0.0,0.0
BTC,2018-05-11,9121.77,9121.77,8364.13,8402.96,0.0,0.0,0.0,0.0,0.0,0.0,-7.8801592234840525,0.09058204499451841,0,0.0,0.0,0.0,0.0
BTC,2018-05-12,8403.52,8653.71,8226.93,8422.85,0.0,0.0,0.0,0.0,0.0,0.0,0.2300226571722317,0.05187597317589901,0,0.0,0.0,0.0,0.0
BTC,2018-05-13,8421.84,8773.92,8351.24,8672.16,0.0,0.0,0.0,0.0,0.0,0.0,2.972272092559342,0.05061284312269798,0,0.0,0.0,0.0,0.0
BTC,2018-05-14,8673.12,8879.97,8314.93,8738.22,0.0,0.0,0.0,0.0,0.0,0.0,0.75059494161269,0.06795487153830508,0,0.0,0.0,0.0,0.0
BTC,2018-05-15,8737.24,8840.6,8449.37,8500.8,0.0,0.0,0.0,0.0,0.0,0.0,-2.7061177213857066,0.04630286044995065,0,0.0,0.0,0.0,0.0
BTC,2018-05-16,8498.43,8558.16,8119.47,8282.23,0.0,0.0,0.0,0.0,0.0,0.0,-2.543999303400754,0.05402938861772993,0,0.0,0.0,0.0,0.0
BTC,2018-05-17,8282.25,8466.28,8147.48,8164.51,0.0,0.0,0.0,0.0,0.0,0.0,-1.4215943735096113,0.03912866309582854,0,0.0,0.0,0.0,0.0
BTC,2018-05-18,8164.44,8279.44,7940.81,8237.36,0.0,0.0,0.0,0.0,0.0,0.0,0.8931414769414802,0.04264426425012059,0,0.0,0.0,0.0,0.0
BTC,2018-05-19,8237.33,8397.23,8161.66,8216.41,0.0,0.0,0.0,0.0,0.0,0.0,-0.25396578745783005,0.028863000909128744,0,0.0,0.0,0.0,0.0
BTC,2018-05-20,8216.32,8586.5,8182.38,8538.82,0.0,1.0,0.0,0.0,0.0,0.0,3.925114893285558,0.04938905306280079,1,1.0,0.0,0.0,0.0
BTC,2018-05-21,8538.47,8580.34,8348.88,8406.91,0.0,0.0,0.0,0.0,0.0,0.0,-1.5407912658825236,0.027723479077433257,0,0.0,1.0,0.0,0.0
BTC,2018-05-22,8407.08,8441.61,8059.96,8075.99,0.0,0.0,0.0,0.0,0.0,0.0,-3.938228255232496,0.047351351619611085,0,0.0,0.0,1.0,0.0
BTC,2018-05-23,8077.33,8107.7,7461.42,7639.62,0.0,0.0,0.0,0.0,0.0,0.0,-5.4189936526055025,0.08661622050494407,0,0.0,0.0,0.0,1.0
BTC,2018-05-24,7641.25,7727.38,7284.28,7532.39,0.0,0.0,0.0,0.0,0.0,0.0,-1.4246360215933214,0.06082962214522237,0,0.0,0.0,0.0,0.0
BTC,2018-05-25,7532.77,7652.16,7351.28,7451.87,0.0,0.0,0.0,0.0,0.0,0.0,-1.0739741157635312,0.040928926663111743,0,0.0,0.0,0.0,0.0
BTC,2018-05-26,7452.34,7622.83,7374.77,7482.05,0.0,0.0,0.0,0.0,0.0,0.0,0.3986667274976724,0.03363630323386349,0,0.0,0.0,0.0,0.0
BTC,2018-05-27,7480.22,7482.1,7257.11,7344.5,0.0,0.0,0.0,0.0,0.0,0.0,-1.8143851384050236,0.031002699421670707,0,0.0,0.0,0.0,0.0
BTC,2018-05-28,7343.25,7453.25,7157.53,7171.62,0.0,0.0,0.0,0.0,0.0,0.0,-2.3372484935144535,0.041315928819020006,0,0.0,0.0,0.0,0.0
BTC,2018-05-29,7171.8,7531.2,7069.51,7505.89,0.0,0.0,0.0,0.0,0.0,0.0,4.658384227111744,0.06530721365412873,0,0.0,0.0,0.0,0.0
BTC,2018-05-30,7506.07,7570.24,7298.72,7352.9,0.0,0.0,0.0,0.0,0.0,0.0,-2.0406151288224073,0.03720104347063588,0,0.0,0.0,0.0,0.0
BTC,2018-05-31,7353.79,7606.05,7349.53,7558.86,0.0,0.0,0.0,0.0,0.0,0.0,2.788630080543498,0.03490291215900887,0,0.0,0.0,0.0,0.0
BTC,2018-06-01,7558.12,7614.59,7375.25,7454.8,0.0,0.0,0.0,0.0,0.0,0.0,-1.3670066101093885,0.03245178129554932,0,0.0,0.0,0.0,0.0
BTC,2018-06-02,7454.83,7694.88,7452.51,7638.56,0.0,0.0,0.0,0.0,0.0,0.0,2.4645766570129766,0.032521928853500345,0,0.0,0.0,0.0,0.0
BTC,2018-06-03,7638.58,7774.88,7607.73,7701.36,0.0,0.0,0.0,0.0,0.0,0.0,0.8218805065862993,0.021971074157468858,0,0.0,0.0,0.0,0.0
BTC,2018-06-04,7699.13,7758.87,7470.85,7547.51,0.0,0.0,0.0,0.0,0.0,0.0,-1.969313415931409,0.03855250741214179,0,0.0,0.0,0.0,0.0
BTC,2018-06-05,7547.43,7665.57,7395.37,7603.47,0.0,0.0,0.0,0.0,0.0,0.0,0.742504402160735,0.03653637343364833,0,0.0,0.0,0.0,0.0
BTC,2018-06-06,7601.9,7700.78,7505.43,7672.19,0.0,0.0,0.0,0.0,0.0,0.0,0.9246372617371968,0.026027822523159824,0,0.0,0.0,0.0,0.0
BTC,2018-06-07,7670.89,7754.5,7648.34,7676.57,0.0,0.0,0.0,0.0,0.0,0.0,0.07404616674205185,0.013880136081816426,0,0.0,0.0,0.0,0.0
BTC,2018-06-08,7676.71,7709.47,7560.65,7665.59,0.0,0.0,0.0,0.0,0.0,0.0,-0.14485371988781512,0.01968349282138449,0,0.0,0.0,0.0,0.0
BTC,2018-06-09,7665.75,7691.71,7592.9,7633.74,0.0,0.0,0.0,0.0,0.0,0.0,-0.41757166617748065,0.013013473113039867,0,0.0,0.0,0.0,0.0
BTC,2018-06-10,7633.69,7636.56,6665.67,6749.77,0.0,0.0,0.0,0.0,0.0,0.0,-11.579196954552769,0.14565527546368187,0,0.0,0.0,0.0,0.0
BTC,2018-06-11,6750.76,6825.84,6654.69,6781.28,0.0,0.0,0.0,0.0,0.0,0.0,0.45209724534718354,0.0257187036511093,0,0.0,0.0,0.0,0.0
BTC,2018-06-12,6779.78,6912.44,6465.44,6548.4,0.0,0.0,0.0,0.0,0.0,0.0,-3.412795105445901,0.06913682595461408,0,0.0,0.0,0.0,0.0
BTC,2018-06-13,6548.44,6622.23,6148.43,6288.15,0.0,0.0,0.0,0.0,0.0,0.0,-3.9748398091759256,0.07706032271653077,0,0.0,0.0,0.0,0.0
BTC,2018-06-14,6288.65,6713.8,6282.89,6657.68,0.0,0.0,0.0,0.0,0.0,0.0,5.868191106199275,0.06858467998007284,0,0.0,0.0,0.0,0.0
BTC,2018-06-15,6657.65,6673.27,6463.21,6485.49,0.0,0.0,0.0,0.0,0.0,0.0,-2.585897426269027,0.03250087804666728,0,0.0,0.0,0.0,0.0
BTC,2018-06-16,6485.51,6566.53,6346.07,6538.22,0.0,0.0,0.0,0.0,0.0,0.0,0.8127348504589467,0.034739610499096296,0,0.0,0.0,0.0,0.0
BTC,2018-06-17,6538.42,6584.18,6465.44,6517.81,0.0,0.0,0.0,0.0,0.0,0.0,-0.3152137672403986,0.018365339404588194,0,0.0,0.0,0.0,0.0
BTC,2018-06-18,6517.74,6801.37,6404.08,6723.77,0.0,0.0,0.0,0.0,0.0,0.0,3.161065031744142,0.062037013903636425,0,0.0,0.0,0.0,0.0
BTC,2018-06-19,6724.34,6833.72,6673.94,6724.73,0.0,0.0,0.0,0.0,0.0,0.0,0.00579982570779315,0.023940880499375282,0,0.0,0.0,0.0,0.0
BTC,2018-06-20,6724.78,6812.54,6569.98,6721.29,0.0,0.0,0.0,0.0,0.0,0.0,-0.051897608546298636,0.036919442677146724,0,0.0,0.0,0.0,0.0
BTC,2018-06-21,6720.51,6790.06,6688.24,6713.44,0.0,0.0,0.0,0.0,0.0,0.0,-0.1052003493782558,0.015223735990335368,0,0.0,0.0,0.0,0.0
BTC,2018-06-22,6711.03,6748.0,5943.57,6023.75,0.0,0.0,0.0,0.0,0.0,0.0,-10.241050926608878,0.13534458246474768,0,0.0,0.0,0.0,0.0
BTC,2018-06-23,6025.91,6240.75,5967.57,6227.6,0.0,0.0,0.0,0.0,0.0,0.0,3.347046338229421,0.04577742699289666,0,0.0,0.0,0.0,0.0
BTC,2018-06-24,6225.27,6254.08,5782.48,6166.82,0.0,0.0,0.0,0.0,0.0,0.0,-0.9389150992647823,0.0815567023145779,0,0.0,0.0,0.0,0.0
BTC,2018-06-25,6167.37,6344.08,6101.17,6277.78,0.0,0.0,0.0,0.0,0.0,0.0,1.790228249642876,0.03981367508199245,0,0.0,0.0,0.0,0.0
BTC,2018-06-26,6277.51,6286.11,6152.46,6238.15,0.0,0.0,0.0,0.0,0.0,0.0,-0.6270001959375705,0.02172301810982918,0,0.0,0.0,0.0,0.0
BTC,2018-06-27,6238.02,6238.22,6022.34,6130.8,0.0,0.0,0.0,0.0,0.0,0.0,-1.71881462387104,0.03584653141469929,0,0.0,0.0,0.0,0.0
BTC,2018-06-28,6131.15,6191.36,5926.89,5937.94,0.0,0.0,0.0,0.0,0.0,0.0,-3.151284832372394,0.044622053049744356,0,0.0,0.0,0.0,0.0
BTC,2018-06-29,5937.97,5968.38,5816.11,5921.19,0.0,0.0,0.0,0.0,0.0,0.0,-0.28258815723219644,0.02618072904398308,0,0.0,0.0,0.0,0.0
BTC,2018-06-30,5921.7,6500.59,5826.01,6333.53,0.0,0.0,0.0,0.0,0.0,0.0,6.95459074252326,0.11578764883685402,0,0.0,0.0,0.0,0.0
BTC,2018-07-01,6336.48,6427.8,6264.09,6355.72,0.0,0.0,0.0,0.0,0.0,0.0,0.3036386132363819,0.026134681972960164,0,0.0,0.0,0.0,0.0
BTC,2018-07-02,6354.93,6671.89,6277.93,6649.21,0.0,0.0,0.0,0.0,0.0,0.0,4.630735507708184,0.06275316863998165,0,0.0,0.0,0.0,0.0
BTC,2018-07-03,6647.76,6670.04,6539.94,6609.39,0.0,0.0,0.0,0.0,0.0,0.0,-0.5771869020542242,0.01989314886680923,0,0.0,0.0,0.0,0.0
BTC,2018-07-04,6609.92,6775.17,6421.72,6694.0,0.0,0.0,0.0,1.0,0.0,1.0,1.2720274980635156,0.05503977127623126,1,2.0,0.0,0.0,0.0
BTC,2018-07-05,6694.09,6697.69,6457.07,6499.47,0.0,0.0,0.0,0.0,0.0,0.0,-2.907340654218869,0.037264579755214036,0,0.0,1.0,0.0,0.0
BTC,2018-07-06,6499.4,6631.36,6458.46,6588.47,0.0,0.0,0.0,0.0,0.0,0.0,1.3704341939256026,0.026771087844470607,0,0.0,0.0,1.0,0.0
BTC,2018-07-07,6589.55,6623.9,6518.23,6534.6,0.0,0.0,0.0,0.0,0.0,0.0,-0.8338960930564274,0.016211456177520598,0,0.0,0.0,0.0,1.0
BTC,2018-07-08,6534.62,6808.33,6526.52,6755.49,0.0,0.0,0.0,0.0,0.0,0.0,3.3799976127150453,0.04317921342461212,0,0.0,0.0,0.0,0.0
BTC,2018-07-09,6755.0,6758.32,6671.72,6718.74,0.0,0.0,0.0,0.0,0.0,0.0,-0.5367875647668426,0.012980161037933164,0,0.0,0.0,0.0,0.0
BTC,2018-07-10,6722.57,6802.03,6332.54,6376.55,0.0,0.0,0.0,0.0,0.0,0.0,-5.147138668693662,0.07413928692120378,0,0.0,0.0,0.0,0.0
BTC,2018-07-11,6376.72,6403.26,6280.2,6375.12,0.0,0.0,0.0,0.0,0.0,0.0,-0.02509126949278569,0.01959491735931983,0,0.0,0.0,0.0,0.0
BTC,2018-07-12,6374.31,6396.41,6155.52,6175.94,0.0,0.0,0.0,0.0,0.0,0.0,-3.1120231052459135,0.03913398055728832,0,0.0,0.0,0.0,0.0
BTC,2018-07-13,6175.11,6346.48,6086.88,6228.84,0.0,0.0,0.0,0.0,0.0,0.0,0.8701059576266734,0.04264910758878102,0,0.0,0.0,0.0,0.0
BTC,2018-07-14,6228.42,6330.32,6190.29,6274.93,0.0,0.0,0.0,0.0,0.0,0.0,0.7467383381339123,0.022620911136634916,0,0.0,0.0,0.0,0.0
BTC,2018-07-15,6274.44,6401.19,6245.76,6388.05,0.0,0.0,0.0,0.0,0.0,0.0,1.810679518809656,0.024885682446971927,0,0.0,0.0,0.0,0.0
BTC,2018-07-16,6388.45,6718.51,6350.66,6679.49,0.0,0.0,0.0,0.0,0.0,0.0,4.555721653922312,0.05792311350316351,0,0.0,0.0,0.0,0.0
BTC,2018-07-17,6678.61,7466.94,6675.39,7366.28,0.0,0.0,0.0,0.0,0.0,0.0,10.296603634588635,0.11857734154858357,0,0.0,0.0,0.0,0.0
BTC,2018-07-18,7365.68,7589.99,7256.15,7339.2,0.0,0.0,0.0,0.0,0.0,0.0,-0.3595051644926262,0.04600786918682775,0,0.0,0.0,0.0,0.0
BTC,2018-07-19,7339.26,7515.53,7290.44,7441.48,0.0,0.0,0.0,0.0,0.0,0.0,1.3927834686330685,0.030874679717547933,0,0.0,0.0,0.0,0.0
BTC,2018-07-20,7441.21,7675.06,7279.49,7300.46,0.0,0.0,0.0,0.0,0.0,0.0,-1.8914934533496568,0.054340345271440806,0,0.0,0.0,0.0,0.0
BTC,2018-07-21,7300.66,7449.14,7221.15,7407.92,0.0,0.0,0.0,0.0,0.0,0.0,1.4691822383181825,0.03157253346073696,0,0.0,0.0,0.0,0.0
BTC,2018-07-22,7408.48,7565.74,7348.98,7373.14,0.0,0.0,0.0,0.0,0.0,0.0,-0.4770209273697066,0.02949524968090813,0,0.0,0.0,0.0,0.0
BTC,2018-07-23,7374.54,7794.46,7346.54,7751.1,0.0,0.0,0.0,0.0,0.0,0.0,5.106216794539055,0.06097019821575872,0,0.0,0.0,0.0,0.0
BTC,2018-07-24,7750.32,8345.44,7693.37,8251.04,0.0,0.0,0.0,0.0,0.0,0.0,6.460636464042791,0.08475739500375007,0,0.0,0.0,0.0,0.0
BTC,2018-07-25,8249.16,8479.83,8063.18,8283.21,0.0,0.0,0.0,0.0,0.0,0.0,0.4127693001469152,0.05167316120934912,0,0.0,0.0,0.0,0.0
BTC,2018-07-26,8284.69,8311.38,7927.25,7969.73,0.0,0.0,0.0,0.0,0.0,0.0,-3.80171134948925,0.04845690497965867,0,0.0,0.0,0.0,0.0
BTC,2018-07-27,7971.87,8272.66,7806.26,8258.34,0.0,0.0,0.0,0.0,0.0,0.0,3.5935106819353586,0.059746921060789625,0,0.0,0.0,0.0,0.0
BTC,2018-07-28,8258.11,8262.72,8074.05,8172.06,0.0,0.0,0.0,0.0,0.0,0.0,-1.0420059795764427,0.023367454994705154,0,0.0,0.0,0.0,0.0
BTC,2018-07-29,8171.94,8284.65,8124.28,8192.23,0.0,0.0,0.0,0.0,0.0,0.0,0.2482886560596378,0.019739595385683397,0,0.0,0.0,0.0,0.0
BTC,2018-07-30,8191.12,8269.9,7868.73,8132.75,0.0,0.0,0.0,0.0,0.0,0.0,-0.7126009629940703,0.050982814253380165,0,0.0,0.0,0.0,0.0
BTC,2018-07-31,8133.18,8206.61,7676.07,7719.07,0.0,0.0,1.0,0.0,0.0,1.0,-5.091612382856405,0.06911609716951525,1,2.0,0.0,0.0,0.0
BTC,2018-08-01,7716.92,7779.94,7474.18,7484.43,0.0,0.0,0.0,0.0,0.0,1.0,-3.012730467595877,0.04090883548429383,1,1.0,1.0,0.0,0.0
BTC,2018-08-02,7484.32,7710.23,7450.5,7536.51,0.0,0.0,0.0,1.0,1.0,2.0,0.6973245398379614,0.034860747600832104,1,4.0,1.0,1.0,0.0
BTC,2018-08-03,7536.02,7575.83,7296.76,7416.71,1.0,0.0,0.0,0.0,0.0,0.0,-1.5831964352536272,0.03824574194574026,1,1.0,1.0,1.0,1.0
BTC,2018-08-04,7416.95,7490.3,6940.6,6996.6,0.0,0.0,0.0,0.0,0.0,0.0,-5.66742394110786,0.07920064547733623,0,0.0,1.0,1.0,1.0
BTC,2018-08-05,6997.51,7091.93,6899.85,7061.19,0.0,0.0,0.0,0.0,0.0,0.0,0.9100379992311463,0.027838286339558094,0,0.0,0.0,1.0,1.0
BTC,2018-08-06,7060.41,7159.28,6870.69,6874.07,0.0,0.0,0.0,0.0,0.0,0.0,-2.6392235011847776,0.042003059372493906,0,0.0,0.0,0.0,1.0
BTC,2018-08-07,6872.77,7149.4,6685.13,6751.77,0.0,0.0,0.0,0.0,0.0,0.0,-1.7605710652327955,0.06944816331170815,0,0.0,0.0,0.0,0.0
BTC,2018-08-08,6755.6,6792.26,6134.29,6304.46,0.0,0.0,0.0,0.0,0.0,1.0,-6.678015276215292,0.10726098700909156,1,1.0,0.0,0.0,0.0
BTC,2018-08-09,6305.63,6630.43,6196.36,6593.6,0.0,0.0,0.0,0.0,0.0,0.0,4.566871192886361,0.07005241787113735,0,0.0,1.0,0.0,0.0
BTC,2018-08-10,6593.59,6621.11,6030.47,6075.58,0.0,0.0,0.0,0.0,0.0,0.0,-7.856266464854506,0.09794261475473709,0,0.0,0.0,1.0,0.0
BTC,2018-08-11,6078.74,6482.77,6014.78,6394.49,0.0,0.0,0.0,0.0,0.0,0.0,5.194333036122618,0.07780666957062449,0,0.0,0.0,0.0,1.0
BTC,2018-08-12,6394.68,6472.72,6180.48,6374.74,0.0,0.0,0.0,0.0,0.0,0.0,-0.3118217017896206,0.047284353318836195,0,0.0,0.0,0.0,0.0
BTC,2018-08-13,6374.99,6540.68,6160.97,6251.52,0.0,0.0,0.0,1.0,0.0,2.0,-1.9367873518232868,0.0616315288014712,1,3.0,0.0,0.0,0.0
BTC,2018-08-14,6251.58,6296.97,5900.11,6116.66,0.0,0.0,0.0,0.0,0.0,0.0,-2.1581744135082666,0.06726315272088158,0,0.0,1.0,0.0,0.0
BTC,2018-08-15,6115.94,6609.08,6090.15,6413.64,0.0,0.0,0.0,0.0,0.0,0.0,4.867608249917441,0.08520808190274465,0,0.0,0.0,1.0,0.0
BTC,2018-08-16,6413.63,6477.64,6223.04,6287.06,0.0,0.0,0.0,0.0,0.0,0.0,-1.9734534109388864,0.04091248007404747,0,0.0,0.0,0.0,1.0
BTC,2018-08-17,6287.16,6559.66,6273.17,6524.58,0.0,0.0,0.0,0.0,0.0,0.0,3.7762678220372963,0.045669095529054654,0,0.0,0.0,0.0,0.0
BTC,2018-08-18,6524.45,6619.52,6323.41,6410.26,0.0,0.0,0.0,0.0,0.0,0.0,-1.7501858394194085,0.046827581953408144,0,0.0,0.0,0.0,0.0
BTC,2018-08-19,6409.68,6559.85,6330.65,6514.69,0.0,0.0,0.0,0.0,0.0,0.0,1.638303316234185,0.03620481309186272,0,0.0,0.0,0.0,0.0
BTC,2018-08-20,6514.23,6541.67,6404.35,6432.34,0.0,0.0,0.0,1.0,0.0,1.0,-1.2570940847958918,0.02144167636059861,1,2.0,0.0,0.0,0.0
BTC,2018-08-21,6432.37,6505.77,6250.04,6469.49,0.0,0.0,0.0,0.0,0.0,1.0,0.5770812313346385,0.040916538134156015,1,1.0,1.0,0.0,0.0
BTC,2018-08-22,6469.12,6883.46,6316.57,6380.15,0.0,1.0,0.0,0.0,0.0,1.0,-1.375302977839339,0.08974649216267695,1,2.0,1.0,1.0,0.0
BTC,2018-08-23,6379.45,6493.77,6265.58,6486.26,1.0,0.0,1.0,0.0,0.0,3.0,1.6742822657125678,0.036419613188244424,1,5.0,1.0,1.0,1.0
BTC,2018-08-24,6485.91,6718.95,6485.69,6704.59,0.0,0.0,0.0,0.0,0.0,0.0,3.3716163190670287,0.035965332909836924,0,0.0,1.0,1.0,1.0
BTC,2018-08-25,6703.12,6807.12,6684.21,6717.96,0.0,0.0,0.0,0.0,0.0,0.0,0.22138944252825765,0.01838811168410326,0,0.0,0.0,1.0,1.0
BTC,2018-08-26,6717.49,6793.17,6592.58,6698.3,0.0,0.0,0.0,0.0,0.0,0.0,-0.28567217814986845,0.03042663115199211,0,0.0,0.0,0.0,1.0
BTC,2018-08-27,6698.07,6779.35,6677.05,6745.97,0.0,0.0,0.0,0.0,0.0,0.0,0.7151313736643622,0.015321137328610715,0,0.0,0.0,0.0,0.0
BTC,2018-08-28,6746.62,7136.57,6738.63,7074.82,0.0,0.0,0.0,1.0,0.0,1.0,4.86465815475008,0.05905354649238786,1,2.0,0.0,0.0,0.0
BTC,2018-08-29,7075.24,7135.91,6945.28,7071.78,0.0,0.0,0.0,0.0,0.0,1.0,-0.04890293474143685,0.0274474175267232,1,1.0,1.0,0.0,0.0
BTC,2018-08-30,7071.07,7079.22,6820.57,6951.36,0.0,0.0,0.0,0.0,0.0,1.0,-1.6929545316338268,0.037922050503110524,1,1.0,1.0,1.0,0.0
BTC,2018-08-31,6953.47,7094.97,6903.4,7039.96,0.0,0.0,0.0,0.0,0.0,0.0,1.2438394067997673,0.027750094156502685,0,0.0,1.0,1.0,1.0
BTC,2018-09-01,7040.46,7268.83,7015.32,7195.81,0.0,0.0,0.0,0.0,0.0,0.0,2.2065319595594657,0.03613662669700031,0,0.0,0.0,1.0,1.0
BTC,2018-09-02,7195.74,7376.88,7144.83,7285.9,0.0,0.0,0.0,0.0,0.0,0.0,1.2529635589946253,0.03247802956823328,0,0.0,0.0,0.0,1.0
BTC,2018-09-03,7286.55,7337.96,7205.04,7318.93,0.0,0.0,0.0,0.0,0.0,0.0,0.44438039950319574,0.018448197372950056,0,0.0,0.0,0.0,0.0
BTC,2018-09-04,7318.95,7417.19,7246.88,7368.93,0.0,0.0,0.0,0.0,0.0,0.0,0.6828848400385366,0.023501148080277236,0,0.0,0.0,0.0,0.0
BTC,2018-09-05,7368.98,7399.76,6886.75,6941.77,0.0,0.0,0.0,0.0,0.0,2.0,-5.797410225024347,0.07449232221294518,1,2.0,0.0,0.0,0.0
BTC,2018-09-06,6941.77,6941.77,6295.44,6447.34,0.0,0.0,0.0,0.0,0.0,0.0,-7.122535030691024,0.10266637439162328,0,0.0,1.0,0.0,0.0
BTC,2018-09-07,6447.32,6547.5,6347.15,6432.4,1.0,0.0,0.0,0.0,0.0,1.0,-0.23141398286419898,0.031565348227157126,1,2.0,0.0,1.0,0.0
BTC,2018-09-08,6433.32,6480.57,6135.87,6197.73,0.0,0.0,0.0,0.0,0.0,0.0,-3.662028315084593,0.05617785252947012,0,0.0,1.0,0.0,1.0
BTC,2018-09-09,6197.63,6446.89,6161.83,6378.31,0.0,0.0,0.0,0.0,0.0,2.0,2.91530794836091,0.046262230538654976,1,2.0,0.0,1.0,0.0
BTC,2018-09-10,6376.58,6378.11,6223.61,6309.54,0.0,0.0,2.0,1.0,0.0,1.0,-1.051347273930539,0.024824820321324763,1,4.0,1.0,0.0,1.0
BTC,2018-09-11,6309.34,6389.42,6199.58,6313.72,1.0,0.0,1.0,0.0,0.0,1.0,0.06942089029914554,0.03062142919359056,1,3.0,1.0,1.0,0.0
BTC,2018-09-12,6314.78,6357.57,6208.68,6311.54,0.0,0.0,0.0,0.0,0.0,0.0,-0.051308200760751474,0.023980942809099424,0,0.0,1.0,1.0,1.0
BTC,2018-09-13,6311.54,6531.2,6311.54,6468.04,0.0,0.0,0.0,1.0,0.0,2.0,2.4795850141169984,0.03480291656236035,1,3.0,0.0,1.0,1.0
BTC,2018-09-14,6469.23,6588.84,6409.99,6516.89,0.0,0.0,0.0,0.0,0.0,0.0,0.736718280228107,0.027901759597128914,0,0.0,1.0,0.0,1.0
BTC,2018-09-15,6516.33,6572.75,6473.72,6509.6,0.0,0.0,0.0,0.0,0.0,0.0,-0.10327899293006283,0.01529723250310482,0,0.0,0.0,1.0,0.0
BTC,2018-09-16,6508.72,6533.73,6408.94,6502.68,0.0,0.0,0.0,1.0,0.0,1.0,-0.09279858405339242,0.019471238613561676,1,2.0,0.0,0.0,1.0
BTC,2018-09-17,6502.08,6535.81,6218.12,6254.27,0.0,0.0,0.0,0.0,0.0,1.0,-3.8112419410403975,0.051091004998295386,1,1.0,1.0,0.0,0.0
BTC,2018-09-18,6254.23,6393.24,6230.55,6334.9,0.0,0.0,0.0,0.0,0.0,0.0,1.2898470315290624,0.026111659484315125,0,0.0,1.0,1.0,0.0
BTC,2018-09-19,6335.14,6518.4,6131.69,6400.98,0.0,0.0,0.0,0.0,0.0,0.0,1.0392824783666854,0.06306744143947265,0,0.0,0.0,1.0,1.0
BTC,2018-09-20,6400.28,6524.53,6362.48,6524.53,0.0,0.0,0.0,0.0,0.0,0.0,1.941321317192373,0.025469628195294948,0,0.0,0.0,0.0,1.0
BTC,2018-09-21,6521.42,6784.85,6483.82,6729.2,1.0,0.0,0.0,0.0,0.0,1.0,3.186115907271725,0.046427877393265184,1,2.0,0.0,0.0,0.0
BTC,2018-09-22,6728.98,6833.21,6633.94,6695.81,0.0,0.0,0.0,0.0,0.0,0.0,-0.4929424667631523,0.030037956327612317,0,0.0,1.0,0.0,0.0
BTC,2018-09-23,6695.76,6768.43,6664.55,6679.9,0.0,0.0,0.0,0.0,0.0,0.0,-0.23686631539960484,0.015586948856261879,0,0.0,0.0,1.0,0.0
BTC,2018-09-24,6680.28,6717.38,6577.74,6621.2,0.0,0.0,0.0,0.0,0.0,0.0,-0.8843940673145426,0.021229175978375602,0,0.0,0.0,0.0,1.0
BTC,2018-09-25,6620.78,6620.78,6335.21,6395.11,0.0,0.0,0.0,0.0,0.0,0.0,-3.408510779696653,0.0450766430789192,0,0.0,0.0,0.0,0.0
BTC,2018-09-26,6394.74,6543.77,6381.48,6476.34,0.0,0.0,0.0,0.0,0.0,0.0,1.2760487525685231,0.025431404627139925,0,0.0,0.0,0.0,0.0
BTC,2018-09-27,6476.27,6731.68,6434.94,6715.88,0.0,0.0,0.0,1.0,0.0,1.0,3.699814862567491,0.04611387207961546,1,2.0,0.0,0.0,0.0
BTC,2018-09-28,6716.78,6803.95,6547.05,6648.31,1.0,0.0,1.0,0.0,0.0,2.0,-1.019387265922054,0.039239046593503885,1,4.0,1.0,0.0,0.0
BTC,2018-09-29,6648.74,6657.44,6474.64,6595.8,0.0,0.0,0.0,0.0,0.0,0.0,-0.7962410922971811,0.028233229955642206,0,0.0,1.0,1.0,0.0
BTC,2018-09-30,6595.82,6741.89,6548.26,6582.18,0.0,0.0,0.0,0.0,0.0,1.0,-0.2067976385043773,0.02956968721461886,1,1.0,0.0,1.0,1.0
BTC,2018-10-01,6581.9,6662.6,6515.27,6593.12,0.0,0.0,0.0,0.0,0.0,2.0,0.17046749418861204,0.0226130306188385,1,2.0,1.0,0.0,1.0
BTC,2018-10-02,6593.23,6618.78,6479.53,6551.55,0.0,1.0,1.0,2.0,0.0,2.0,-0.6321635981150269,0.02149075627398901,1,6.0,1.0,1.0,0.0
BTC,2018-10-03,6551.54,6566.36,6429.75,6446.35,0.0,0.0,0.0,0.0,0.0,0.0,-1.6055767041031515,0.021246549243749704,0,0.0,1.0,1.0,1.0
BTC,2018-10-04,6445.11,6620.79,6443.04,6580.36,0.0,0.0,0.0,0.0,0.0,0.0,2.0984901731700467,0.027587908813231022,0,0.0,0.0,1.0,1.0
BTC,2018-10-05,6578.77,6615.33,6548.24,6591.38,0.0,0.0,0.0,0.0,0.0,0.0,0.19167716761643394,0.010245501081206575,0,0.0,0.0,0.0,1.0
BTC,2018-10-06,6591.38,6668.39,6563.33,6593.99,0.0,0.0,0.0,0.0,0.0,0.0,0.03959717085040875,0.016007118337795053,0,0.0,0.0,0.0,0.0
BTC,2018-10-07,6593.99,6599.57,6535.26,6572.95,0.0,0.0,0.0,0.0,0.0,0.0,-0.3190784335432714,0.009840465413770759,0,0.0,0.0,0.0,0.0
BTC,2018-10-08,6573.85,6697.92,6565.06,6660.6,0.0,0.0,0.0,0.0,0.0,1.0,1.3196224434691999,0.020237438804824277,1,1.0,0.0,0.0,0.0
BTC,2018-10-09,6660.55,6660.55,6589.53,6622.87,0.0,0.0,0.0,0.0,0.0,0.0,-0.565719047225834,0.010777703417390988,0,0.0,1.0,0.0,0.0
BTC,2018-10-10,6622.8,6640.03,6489.16,6567.21,2.0,0.0,2.0,1.0,0.0,2.0,-0.8393730748323993,0.023249542313643044,1,7.0,0.0,1.0,0.0
BTC,2018-10-11,6566.91,6585.62,6173.1,6253.63,0.0,0.0,1.0,1.0,0.0,2.0,-4.770584643310168,0.0668254199672773,1,4.0,1.0,0.0,1.0
BTC,2018-10-12,6255.19,6296.39,6174.48,6265.96,0.0,0.0,0.0,1.0,0.0,1.0,0.17217702419911204,0.019744172788639817,1,2.0,1.0,1.0,0.0
BTC,2018-10-13,6265.47,6279.68,6234.62,6259.67,0.0,0.0,0.0,0.0,0.0,0.0,-0.09257086858607864,0.0072273851493756475,0,0.0,1.0,1.0,1.0
BTC,2018-10-14,6259.13,6340.05,6257.43,6295.93,0.0,0.0,0.0,0.0,0.0,0.0,0.5879411355891343,0.013203503674831342,0,0.0,0.0,1.0,1.0
BTC,2018-10-15,6295.93,7198.02,6245.02,6543.5,0.0,0.0,0.0,0.0,0.0,0.0,3.9322228804958073,0.15260159294926195,0,0.0,0.0,0.0,1.0
BTC,2018-10-16,6543.26,6722.6,6539.31,6576.06,0.0,0.0,0.0,0.0,0.0,0.0,0.5012791788802551,0.028028951066702747,0,0.0,0.0,0.0,0.0
BTC,2018-10-17,6576.38,6608.07,6511.64,6567.25,1.0,1.0,0.0,0.0,0.0,1.0,-0.1388301770883086,0.014808865354964245,1,3.0,0.0,0.0,0.0
BTC,2018-10-18,6566.89,6615.95,6460.72,6462.77,0.0,1.0,1.0,1.0,0.0,1.0,-1.5855298322341302,0.024026733862479655,1,4.0,1.0,0.0,0.0
BTC,2018-10-19,6462.45,6502.63,6445.06,6466.0,1.0,0.0,0.0,0.0,0.0,1.0,0.054932726752240736,0.00893242266169744,1,2.0,1.0,1.0,0.0
BTC,2018-10-20,6466.09,6514.55,6415.6,6434.05,0.0,0.0,0.0,0.0,0.0,0.0,-0.49550810458870764,0.015423343101190819,0,0.0,1.0,1.0,1.0
BTC,2018-10-21,6433.44,6557.37,6412.02,6534.59,0.0,0.0,0.0,0.0,0.0,0.0,1.5722537242905903,0.02266836347983934,0,0.0,0.0,1.0,1.0
BTC,2018-10-22,6534.54,6534.54,6462.37,6483.39,0.0,0.0,0.0,0.0,0.0,4.0,-0.7827635916223581,0.011167729486241127,1,4.0,0.0,0.0,1.0
BTC,2018-10-23,6483.27,6495.81,6439.33,6473.4,0.0,0.0,0.0,0.0,0.0,0.0,-0.1522379910138063,0.008771098856558131,0,0.0,1.0,0.0,0.0
BTC,2018-10-24,6473.39,6535.28,6464.13,6491.72,1.0,0.0,0.0,1.0,0.0,1.0,0.2831592102437815,0.011006894972718624,1,3.0,0.0,1.0,0.0
BTC,2018-10-25,6491.56,6497.71,6442.15,6470.53,1.0,0.0,0.0,0.0,0.0,0.0,-0.3239591099828185,0.008624449911908354,1,1.0,1.0,0.0,1.0
BTC,2018-10-26,6471.17,6512.59,6441.84,6457.67,1.0,0.0,0.0,2.0,0.0,2.0,-0.2086176070169691,0.010982886877041341,1,5.0,1.0,1.0,0.0
BTC,2018-10-27,6457.75,6478.4,6446.69,6478.03,0.0,0.0,0.0,0.0,0.0,0.0,0.31404126824357936,0.004918803292852617,0,0.0,1.0,1.0,1.0
BTC,2018-10-28,6478.09,6483.21,6444.79,6460.29,0.0,0.0,0.0,0.0,0.0,0.0,-0.2747723480223366,0.005961404483311337,0,0.0,0.0,1.0,1.0
BTC,2018-10-29,6460.29,6483.2,6283.45,6311.74,1.0,0.0,0.0,0.0,0.0,1.0,-2.2994323784226434,0.03178986066571708,1,2.0,0.0,0.0,1.0
BTC,2018-10-30,6311.92,6340.66,6286.35,6309.74,0.0,0.0,0.0,0.0,0.0,0.0,-0.03453782684191642,0.008639353519928016,0,0.0,1.0,0.0,0.0
BTC,2018-10-31,6307.46,6390.76,6241.91,6350.67,0.0,0.0,0.0,0.0,0.0,1.0,0.6850618156912615,0.023846867385143387,1,1.0,0.0,1.0,0.0
BTC,2018-11-01,6350.64,6401.52,6322.6,6379.51,0.0,0.0,0.0,0.0,0.0,1.0,0.4545998513535626,0.012482206687122396,1,1.0,1.0,0.0,1.0
BTC,2018-11-02,6379.51,6420.93,6371.65,6392.82,0.0,0.0,0.0,0.0,0.0,1.0,0.2086367134779864,0.007734260356422694,1,1.0,1.0,1.0,0.0
BTC,2018-11-03,6392.76,6398.09,6337.37,6374.94,0.0,0.0,0.0,0.0,0.0,0.0,-0.2787528391492973,0.009581261627457488,0,0.0,1.0,1.0,1.0
BTC,2018-11-04,6375.18,6497.44,6351.92,6447.79,0.0,0.0,0.0,0.0,0.0,0.0,1.1389482336184966,0.02290960843335551,0,0.0,0.0,1.0,1.0
BTC,2018-11-05,6447.79,6475.7,6406.9,6432.91,0.0,0.0,0.0,0.0,0.0,0.0,-0.23077674676129512,0.010738422638093334,0,0.0,0.0,0.0,1.0
BTC,2018-11-06,6432.78,6473.27,6412.63,6468.23,0.0,0.0,0.0,0.0,0.0,0.0,0.5510836683362376,0.009456338506977687,0,0.0,0.0,0.0,0.0
BTC,2018-11-07,6468.24,6562.71,6464.84,6529.0,0.0,0.0,0.0,0.0,0.0,0.0,0.9393590837693132,0.015138812406803554,0,0.0,0.0,0.0,0.0
BTC,2018-11-08,6529.03,6542.42,6439.67,6447.98,0.0,0.0,0.0,0.0,0.0,0.0,-1.2413788878286696,0.015955786554279955,0,0.0,0.0,0.0,0.0
BTC,2018-11-09,6447.83,6457.97,6352.55,6377.54,0.0,0.0,0.0,0.0,0.0,0.0,-1.09013420018828,0.01659491070514991,0,0.0,0.0,0.0,0.0
BTC,2018-11-10,6377.55,6419.92,6375.62,6410.99,0.0,0.0,0.0,0.0,0.0,0.0,0.5243392838942792,0.006948343847343503,0,0.0,0.0,0.0,0.0
BTC,2018-11-11,6410.99,6413.48,6328.51,6366.41,0.0,0.0,0.0,0.0,0.0,0.0,-0.6953684220377809,0.013426541160557437,0,0.0,0.0,0.0,0.0
BTC,2018-11-12,6366.41,6435.03,6351.02,6373.48,0.0,0.0,0.0,0.0,0.0,0.0,0.11105159736805688,0.013227796479935397,0,0.0,0.0,0.0,0.0
BTC,2018-11-13,6372.97,6388.95,6321.04,6356.86,0.0,0.0,0.0,0.0,0.0,0.0,-0.2527863774660885,0.010743485249262757,0,0.0,0.0,0.0,0.0
BTC,2018-11-14,6356.67,6375.63,5473.44,5643.1,0.0,0.0,0.0,0.0,0.0,0.0,-11.225531606957727,0.16483052705428405,0,0.0,0.0,0.0,0.0
BTC,2018-11-15,5640.07,5766.94,5300.75,5561.46,0.0,0.0,0.0,0.0,0.0,0.0,-1.3937770275900774,0.08794793189642967,0,0.0,0.0,0.0,0.0
BTC,2018-11-16,5561.46,5676.32,5488.18,5510.9,0.0,0.0,0.0,0.0,0.0,0.0,-0.9091137938598929,0.03428094559580761,0,0.0,0.0,0.0,0.0
BTC,2018-11-17,5512.76,5601.87,5496.46,5562.52,0.0,0.0,0.0,0.0,0.0,0.0,0.9026331637872901,0.01917779807366921,0,0.0,0.0,0.0,0.0
BTC,2018-11-18,5562.43,5695.92,5558.29,5606.2,0.0,0.0,0.0,0.0,0.0,0.0,0.7868863068838534,0.024761212531192168,0,0.0,0.0,0.0,0.0
BTC,2018-11-19,5605.98,5615.83,4760.94,4868.9,0.0,0.0,0.0,0.0,0.0,0.0,-13.148102561907107,0.1795632795204309,0,0.0,0.0,0.0,0.0
BTC,2018-11-20,4865.75,4952.77,4172.85,4329.8,0.0,0.0,0.0,0.0,0.0,0.0,-11.014745928171399,0.1869034353020118,0,0.0,0.0,0.0,0.0
BTC,2018-11-21,4329.66,4687.82,4275.65,4525.68,0.0,0.0,0.0,0.0,0.0,0.0,4.527376283588098,0.09639937787237031,0,0.0,0.0,0.0,0.0
BTC,2018-11-22,4526.18,4640.34,4412.12,4469.33,0.0,0.0,0.0,0.0,0.0,0.0,-1.2560260528746174,0.0517257010235443,0,0.0,0.0,0.0,0.0
BTC,2018-11-23,4468.88,4468.88,4158.05,4380.58,0.0,0.0,0.0,0.0,0.0,0.0,-1.975886575607315,0.07475379083945598,0,0.0,0.0,0.0,0.0
BTC,2018-11-24,4378.95,4431.79,3741.95,3798.41,0.0,0.0,0.0,0.0,0.0,0.0,-13.257516071204284,0.18435307794064595,0,0.0,0.0,0.0,0.0
BTC,2018-11-25,3794.16,4164.78,3550.46,4001.87,0.0,0.0,0.0,0.0,0.0,0.0,5.4744660214645675,0.17302546712256994,0,0.0,0.0,0.0,0.0
BTC,2018-11-26,4002.03,4124.07,3599.09,3703.05,0.0,0.0,0.0,0.0,0.0,0.0,-7.470708615377696,0.14586464911963845,0,0.0,0.0,0.0,0.0
BTC,2018-11-27,3702.42,3877.61,3616.09,3847.37,0.0,0.0,0.0,0.0,0.0,0.0,3.9150069414058866,0.07232120881947075,0,0.0,0.0,0.0,0.0
BTC,2018-11-28,3847.95,4393.29,3808.82,4231.59,0.0,0.0,0.0,0.0,0.0,0.0,9.969984017463855,0.1534517252062318,0,0.0,0.0,0.0,0.0
BTC,2018-11-29,4231.58,4436.14,4130.72,4262.34,0.0,0.0,0.0,0.0,0.0,0.0,0.7269152420608902,0.07393868381299146,0,0.0,0.0,0.0,0.0
BTC,2018-11-30,4261.54,4330.86,3918.77,3984.71,0.0,0.0,0.0,0.0,0.0,0.0,-6.496008485195491,0.10515799600384806,0,0.0,0.0,0.0,0.0
BTC,2018-12-01,3986.73,4305.35,3942.62,4232.94,0.0,0.0,0.0,0.0,0.0,0.0,6.175738010850988,0.09200227260045363,0,0.0,0.0,0.0,0.0
BTC,2018-12-02,4232.76,4318.27,4077.82,4165.14,0.0,0.0,0.0,0.0,0.0,0.0,-1.5975391942845776,0.05896532951429937,0,0.0,0.0,0.0,0.0
BTC,2018-12-03,4165.99,4186.72,3797.45,3881.88,0.0,1.0,0.0,0.0,0.0,1.0,-6.819747526998377,0.10250826212326705,1,2.0,0.0,0.0,0.0
BTC,2018-12-04,3882.47,4081.53,3775.06,3942.46,0.0,0.0,0.0,0.0,0.0,1.0,1.5451503810718497,0.08118281563736743,1,1.0,1.0,0.0,0.0
BTC,2018-12-05,3942.01,3961.16,3720.7,3752.88,0.0,0.0,0.0,0.0,0.0,0.0,-4.797806195316605,0.06462762383422475,0,0.0,1.0,1.0,0.0
BTC,2018-12-06,3750.65,3882.31,3603.2,3628.66,0.0,0.0,0.0,0.0,0.0,0.0,-3.2525028994974265,0.07746170071047961,0,0.0,0.0,1.0,1.0
BTC,2018-12-07,3628.67,3669.92,3248.78,3426.29,0.0,0.0,0.0,0.0,0.0,0.0,-5.5772500668288965,0.12963019964417408,0,0.0,0.0,0.0,1.0
BTC,2018-12-08,3429.3,3581.11,3297.66,3546.29,0.0,0.0,0.0,0.0,0.0,0.0,3.4114833931122903,0.08595488922448048,0,0.0,0.0,0.0,0.0
BTC,2018-12-09,3558.46,3708.99,3437.26,3589.11,0.0,0.0,0.0,0.0,0.0,0.0,0.8613276529734799,0.0790542466964965,0,0.0,0.0,0.0,0.0
BTC,2018-12-10,3585.13,3645.11,3417.95,3478.85,0.0,0.0,0.0,0.0,0.0,0.0,-2.9644671183471782,0.06646089029974117,0,0.0,0.0,0.0,0.0
BTC,2018-12-11,3478.85,3483.58,3349.73,3414.69,0.0,0.0,0.0,0.0,0.0,1.0,-1.8442876237837174,0.03995844441193765,1,1.0,0.0,0.0,0.0
BTC,2018-12-12,3414.71,3543.76,3380.55,3465.88,0.0,0.0,0.0,0.0,0.0,0.0,1.4985167115216247,0.048279126177692984,0,0.0,1.0,0.0,0.0
BTC,2018-12-13,3465.78,3493.44,3273.44,3307.65,0.0,0.0,0.0,0.0,0.0,0.0,-4.562609282758863,0.06720758590351435,0,0.0,0.0,1.0,0.0
BTC,2018-12-14,3308.11,3330.07,3181.64,3258.08,0.0,0.0,0.0,0.0,0.0,0.0,-1.5123439063392752,0.04665204108572946,0,0.0,0.0,0.0,1.0
BTC,2018-12-15,3257.54,3271.73,3169.82,3244.81,0.0,0.0,0.0,0.0,0.0,0.0,-0.3907856849033325,0.03215009054141871,0,0.0,0.0,0.0,0.0
BTC,2018-12-16,3244.81,3318.5,3224.56,3257.64,0.0,0.0,0.0,0.0,0.0,0.0,0.3954006552001481,0.029132656858610183,0,0.0,0.0,0.0,0.0
BTC,2018-12-17,3257.64,3637.56,3240.9,3526.68,0.0,0.0,0.0,0.0,0.0,1.0,8.258739455556782,0.1223919281681014,1,1.0,0.0,0.0,0.0
BTC,2018-12-18,3526.54,3620.4,3481.64,3607.14,0.0,0.0,0.0,0.0,0.0,0.0,2.285526323251683,0.039854781080180667,0,0.0,1.0,0.0,0.0
BTC,2018-12-19,3606.84,3968.75,3604.99,3769.17,0.0,0.0,0.0,0.0,0.0,0.0,4.5006154972219425,0.10090457948565745,0,0.0,0.0,1.0,0.0
BTC,2018-12-20,3768.76,4224.4,3713.68,4125.31,0.0,0.0,0.0,0.0,0.0,0.0,9.460671414470546,0.1375239654466728,0,0.0,0.0,0.0,1.0
BTC,2018-12-21,4127.96,4247.01,3831.94,3883.73,0.0,0.0,0.0,0.0,0.0,0.0,-5.916481748854157,0.10831850185545706,0,0.0,0.0,0.0,0.0
BTC,2018-12-22,3883.75,3994.84,3849.55,3924.96,0.0,0.0,0.0,0.0,0.0,0.0,1.0610878661087877,0.03774207374887973,0,0.0,0.0,0.0,0.0
BTC,2018-12-23,3924.87,4115.73,3924.87,4013.32,0.0,0.0,0.0,0.0,0.0,0.0,2.2535778255076035,0.04862836221327067,0,0.0,0.0,0.0,0.0
BTC,2018-12-24,4013.32,4303.37,3993.51,4107.12,0.0,0.0,0.0,0.0,0.0,0.0,2.3372170671663293,0.077590891221006,0,0.0,0.0,0.0,0.0
BTC,2018-12-25,4107.12,4114.91,3735.72,3820.89,0.0,0.0,0.0,0.0,0.0,0.0,-6.9691170455209495,0.1015038600323365,0,0.0,0.0,0.0,0.0
BTC,2018-12-26,3820.89,3923.92,3747.01,3850.77,0.0,0.0,0.0,0.0,0.0,0.0,0.7820167552585945,0.047213645012956953,0,0.0,0.0,0.0,0.0
BTC,2018-12-27,3851.61,3888.82,3628.39,3647.5,0.0,0.0,0.0,0.0,0.0,0.0,-5.299342352938125,0.07177563602589587,0,0.0,0.0,0.0,0.0
BTC,2018-12-28,3646.39,4007.14,3623.27,3929.69,0.0,0.0,0.0,0.0,0.0,0.0,7.76932802031599,0.10594573410206799,0,0.0,0.0,0.0,0.0
BTC,2018-12-29,3929.05,3990.28,3870.95,3958.46,0.0,0.0,0.0,0.0,0.0,0.0,0.7485269976202862,0.030827057957349073,0,0.0,0.0,0.0,0.0
BTC,2018-12-30,3957.68,4000.53,3761.56,3885.54,0.0,0.0,0.0,0.0,0.0,0.0,-1.8227850659982585,0.06352949308265726,0,0.0,0.0,0.0,0.0
BTC,2018-12-31,3885.54,3904.22,3702.95,3743.77,0.0,0.0,0.0,0.0,0.0,0.0,-3.6486563000252215,0.05435396103106982,0,0.0,0.0,0.0,0.0
BTC,2019-01-01,3743.61,3798.53,3697.27,3781.26,0.0,0.0,0.0,0.0,0.0,0.0,1.0057137362064983,0.027387775304481474,0,0.0,0.0,0.0,0.0
BTC,2019-01-02,3781.26,3972.17,3779.92,3960.95,0.0,0.0,0.0,0.0,0.0,0.0,4.752119663815754,0.05086086478020699,0,0.0,0.0,0.0,0.0
BTC,2019-01-03,3960.85,3989.56,3778.85,3844.51,0.0,0.0,0.0,0.0,0.0,0.0,-2.9372483179115516,0.05576035037114467,0,0.0,0.0,0.0,0.0
BTC,2019-01-04,3844.56,3901.15,3784.59,3870.7,0.0,0.0,0.0,0.0,0.0,1.0,0.6799217595771655,0.030798580559585037,1,1.0,0.0,0.0,0.0
BTC,2019-01-05,3870.72,3926.92,3841.13,3867.56,0.0,0.0,0.0,0.0,0.0,0.0,-0.08163855820105445,0.022334573419800934,0,0.0,1.0,0.0,0.0
BTC,2019-01-06,3867.57,4143.19,3831.12,4089.15,0.0,0.0,0.0,0.0,0.0,0.0,5.729178786680006,0.08145659754849749,0,0.0,0.0,1.0,0.0
BTC,2019-01-07,4089.24,4131.52,4002.17,4041.56,0.0,0.0,0.0,0.0,0.0,0.0,-1.165986833739273,0.03231996641821821,0,0.0,0.0,0.0,1.0
BTC,2019-01-08,4041.56,4155.22,3992.95,4049.27,0.0,0.0,0.0,0.0,0.0,0.0,0.19076792129771764,0.04063912646038654,0,0.0,0.0,0.0,0.0
BTC,2019-01-09,4049.09,4092.23,4013.0,4049.55,0.0,0.0,0.0,0.0,0.0,0.0,0.011360577314903753,0.019743334163967112,0,0.0,0.0,0.0,0.0
BTC,2019-01-10,4049.6,4084.92,3631.49,3666.46,0.0,0.0,0.0,0.0,0.0,0.0,-9.461181351244564,0.12486059441166031,0,0.0,0.0,0.0,0.0
BTC,2019-01-11,3666.75,3727.73,3635.52,3652.69,0.0,0.0,0.0,0.0,0.0,0.0,-0.38344583077657174,0.025363634363172266,0,0.0,0.0,0.0,0.0
BTC,2019-01-12,3654.31,3692.05,3617.94,3667.87,0.0,0.0,0.0,0.0,0.0,0.0,0.37106868328083675,0.020484032349900805,0,0.0,0.0,0.0,0.0
BTC,2019-01-13,3667.66,3674.59,3528.26,3540.66,0.0,0.0,0.0,0.0,0.0,0.0,-3.462698287191288,0.041473700917732795,0,0.0,0.0,0.0,0.0
BTC,2019-01-14,3540.78,3747.18,3534.67,3700.97,0.0,0.0,0.0,0.0,0.0,0.0,4.524144397562107,0.06012159550962318,0,0.0,0.0,0.0,0.0
BTC,2019-01-15,3700.97,3724.27,3596.53,3613.31,0.0,0.0,0.0,0.0,0.0,0.0,-2.368568240218101,0.03551756832279997,0,0.0,0.0,0.0,0.0
BTC,2019-01-16,3612.93,3701.07,3611.48,3618.01,0.0,0.0,0.0,0.0,0.0,0.0,0.1406061008655131,0.024807004330634572,0,0.0,0.0,0.0,0.0
BTC,2019-01-17,3618.33,3694.74,3587.34,3672.57,0.0,0.0,0.0,0.0,0.0,0.0,1.4990340847849764,0.029938617471441133,0,0.0,0.0,0.0,0.0
BTC,2019-01-18,3672.51,3690.23,3620.96,3648.2,0.0,0.0,0.0,0.0,0.0,0.0,-0.6619451002175732,0.019130285891034417,0,0.0,0.0,0.0,0.0
BTC,2019-01-19,3648.61,3783.82,3643.02,3735.88,0.0,0.0,0.0,0.0,0.0,0.0,2.3918697805465636,0.038649252543219687,0,0.0,0.0,0.0,0.0
BTC,2019-01-20,3735.89,3752.61,3530.13,3578.57,0.0,0.0,0.0,0.0,0.0,0.0,-4.211044757741789,0.06302317478393148,0,0.0,0.0,0.0,0.0
BTC,2019-01-21,3578.17,3597.64,3536.34,3568.87,0.0,0.0,0.0,0.0,0.0,0.0,-0.2599093950259541,0.017334306090477647,0,0.0,0.0,0.0,0.0
BTC,2019-01-22,3568.92,3635.42,3477.55,3605.45,0.0,0.0,0.0,0.0,0.0,0.0,1.023558947804931,0.04539690299204897,0,0.0,0.0,0.0,0.0
BTC,2019-01-23,3605.23,3628.66,3544.6,3571.16,0.0,0.0,0.0,0.0,0.0,0.0,-0.9450159906580208,0.023714946679456058,0,0.0,0.0,0.0,0.0
BTC,2019-01-24,3570.72,3616.05,3546.33,3591.9,0.0,0.0,0.0,0.0,0.0,0.0,0.5931576824842131,0.01965976093595358,0,0.0,0.0,0.0,0.0
BTC,2019-01-25,3591.78,3607.64,3541.34,3585.46,0.0,0.0,0.0,0.0,0.0,0.0,-0.17595732478047552,0.018721726803978076,0,0.0,0.0,0.0,0.0
BTC,2019-01-26,3585.96,3674.9,3579.31,3606.2,0.0,0.0,0.0,0.0,0.0,0.0,0.5644234737699189,0.026706264615247114,0,0.0,0.0,0.0,0.0
BTC,2019-01-27,3606.2,3606.64,3512.36,3572.1,0.0,0.0,0.0,0.0,0.0,0.0,-0.9455936997393354,0.026842351011855205,0,0.0,0.0,0.0,0.0
BTC,2019-01-28,3572.11,3572.37,3402.56,3453.18,0.0,0.0,0.0,0.0,0.0,0.0,-3.3294047495737895,0.049906540957396765,0,0.0,0.0,0.0,0.0
BTC,2019-01-29,3453.6,3463.23,3369.91,3419.75,0.0,0.0,0.0,0.0,0.0,1.0,-0.9801366689830875,0.02769213421129946,1,1.0,0.0,0.0,0.0
BTC,2019-01-30,3419.24,3488.67,3395.98,3471.01,0.0,0.0,0.0,0.0,0.0,0.0,1.5140791520922907,0.027294035889492887,0,0.0,1.0,0.0,0.0
BTC,2019-01-31,3471.21,3498.73,3422.83,3447.07,0.0,0.0,0.0,0.0,0.0,0.0,-0.6954347331333993,0.022174633271298923,0,0.0,0.0,1.0,0.0
BTC,2019-02-01,3447.04,3478.17,3400.02,3467.76,0.0,0.0,0.0,0.0,0.0,0.0,0.6010954326030523,0.022985158910829962,0,0.0,0.0,0.0,1.0
BTC,2019-02-02,3467.43,3482.11,3441.85,3468.46,0.0,0.0,0.0,0.0,0.0,0.0,0.029704997649561783,0.011697197727966128,0,0.0,0.0,0.0,0.0
BTC,2019-02-03,3468.04,3519.09,3424.71,3436.99,0.0,0.0,0.0,0.0,0.0,0.0,-0.895318393098124,0.027558537803200885,0,0.0,0.0,0.0,0.0
BTC,2019-02-04,3437.1,3469.53,3429.21,3432.99,0.0,0.0,0.0,0.0,0.0,0.0,-0.11957755084228354,0.011757810107867457,0,0.0,0.0,0.0,0.0
BTC,2019-02-05,3433.07,3445.82,3415.87,3440.29,0.0,0.0,0.0,0.0,0.0,0.0,0.21030739250874,0.008767898075746523,0,0.0,0.0,0.0,0.0
BTC,2019-02-06,3440.22,3459.14,3363.36,3394.7,0.0,0.0,0.0,0.0,0.0,0.0,-1.3231711925400116,0.028477474906046258,0,0.0,0.0,0.0,0.0
BTC,2019-02-07,3394.7,3406.28,3369.62,3378.24,0.0,0.0,0.0,0.0,0.0,0.0,-0.4848734792470627,0.010879565054813394,0,0.0,0.0,0.0,0.0
BTC,2019-02-08,3378.27,3734.63,3364.19,3629.13,0.0,0.0,0.0,0.0,0.0,0.0,7.425694216270462,0.11011268685775775,0,0.0,0.0,0.0,0.0
BTC,2019-02-09,3629.03,3673.57,3616.23,3647.02,0.0,0.0,0.0,0.0,0.0,0.0,0.49572475289539575,0.015856292326539005,0,0.0,0.0,0.0,0.0
BTC,2019-02-10,3647.84,3665.56,3612.02,3656.96,0.0,0.0,0.0,0.0,0.0,0.0,0.250010965393216,0.014822730771147437,0,0.0,0.0,0.0,0.0
BTC,2019-02-11,3656.96,3688.59,3608.33,3618.21,0.0,0.0,0.0,0.0,0.0,0.0,-1.0596232936646832,0.02224297666787689,0,0.0,0.0,0.0,0.0
BTC,2019-02-12,3618.21,3648.31,3576.11,3610.97,0.0,0.0,0.0,0.0,0.0,0.0,-0.20009894395295563,0.020189535556792107,0,0.0,0.0,0.0,0.0
BTC,2019-02-13,3611.1,3655.69,3590.28,3601.79,0.0,0.0,0.0,0.0,0.0,0.0,-0.2578161778959305,0.01821863475829179,0,0.0,0.0,0.0,0.0
BTC,2019-02-14,3601.56,3619.7,3568.69,3590.87,0.0,0.0,0.0,0.0,0.0,0.0,-0.29681582425393593,0.014293760455517224,0,0.0,0.0,0.0,0.0
BTC,2019-02-15,3591.46,3639.22,3577.13,3591.89,0.0,0.0,0.0,0.0,0.0,0.0,0.01197284669743882,0.01735749050216226,0,0.0,0.0,0.0,0.0
BTC,2019-02-16,3591.89,3639.75,3588.06,3624.21,0.0,0.0,0.0,0.0,0.0,0.0,0.8998048381214393,0.014406113610140315,0,0.0,0.0,0.0,0.0
BTC,2019-02-17,3624.16,3704.6,3608.19,3650.95,0.0,0.0,0.0,0.0,0.0,0.0,0.7392057745794878,0.026719768083166312,0,0.0,0.0,0.0,0.0
BTC,2019-02-18,3651.17,3951.38,3648.81,3901.61,0.0,0.0,0.0,0.0,0.0,0.0,6.859171169789412,0.08292292555655136,0,0.0,0.0,0.0,0.0
BTC,2019-02-19,3902.17,4010.82,3883.56,3942.03,0.0,0.0,0.0,0.0,0.0,0.0,1.0214829184786958,0.032768902759323974,0,0.0,0.0,0.0,0.0
BTC,2019-02-20,3942.3,3991.28,3899.23,3955.94,0.0,0.0,0.0,0.0,0.0,0.0,0.345990919006668,0.023607225016221197,0,0.0,0.0,0.0,0.0
BTC,2019-02-21,3955.63,4024.54,3908.96,3925.91,0.0,0.0,0.0,0.0,0.0,0.0,-0.751334174328748,0.029567966927264523,0,0.0,0.0,0.0,0.0
BTC,2019-02-22,3926.0,3996.15,3918.09,3988.86,0.0,0.0,0.0,0.0,0.0,0.0,1.6011207335710682,0.01992297267290949,0,0.0,0.0,0.0,0.0
BTC,2019-02-23,3988.92,4192.1,3948.8,4153.65,0.0,0.0,0.0,0.0,0.0,0.0,4.129689239192552,0.061613654781199394,0,0.0,0.0,0.0,0.0
BTC,2019-02-24,4154.06,4221.01,3755.44,3798.13,0.0,0.0,0.0,0.0,0.0,0.0,-8.568244079286295,0.12397215772319625,0,0.0,0.0,0.0,0.0
BTC,2019-02-25,3798.05,3884.8,3769.74,3848.89,0.0,0.0,0.0,0.0,0.0,0.0,1.3385816405787099,0.030521998864643293,0,0.0,0.0,0.0,0.0
BTC,2019-02-26,3848.89,3856.75,3793.68,3819.15,0.0,0.0,0.0,0.0,0.0,0.0,-0.7726903081148014,0.016625018451740834,0,0.0,0.0,0.0,0.0
BTC,2019-02-27,3818.79,3851.43,3701.91,3804.79,0.0,0.0,0.0,0.0,0.0,0.0,-0.36660827120632455,0.04038996085804355,0,0.0,0.0,0.0,0.0
BTC,2019-02-28,3804.81,3865.95,3801.23,3827.68,0.0,0.0,0.0,0.0,0.0,0.0,0.6010812629277124,0.017026067878028902,0,0.0,0.0,0.0,0.0
BTC,2019-03-01,3827.77,3865.98,3821.52,3836.75,0.0,0.0,0.0,0.0,0.0,0.0,0.23460134752088077,0.01163411417446462,0,0.0,0.0,0.0,0.0
BTC,2019-03-02,3836.16,3846.22,3792.29,3842.99,0.0,0.0,0.0,0.0,0.0,0.0,0.17804262595929074,0.014220958840173045,0,0.0,0.0,0.0,0.0
BTC,2019-03-03,3843.52,3853.28,3800.64,3809.5,0.0,0.0,0.0,0.0,0.0,0.0,-0.8851261343768208,0.013850298897027956,0,0.0,0.0,0.0,0.0
BTC,2019-03-04,3809.5,3830.89,3705.16,3722.8,0.0,0.0,0.0,0.0,0.0,0.0,-2.275889224307647,0.033933757246650625,0,0.0,0.0,0.0,0.0
BTC,2019-03-05,3722.96,3893.35,3715.2,3863.66,0.0,0.0,0.0,0.0,0.0,0.0,3.779250918623886,0.04795165805340226,0,0.0,0.0,0.0,0.0
BTC,2019-03-06,3862.74,3912.57,3839.39,3875.54,0.0,0.0,0.0,0.0,0.0,0.0,0.33137099571807016,0.019060319477833796,0,0.0,0.0,0.0,0.0
BTC,2019-03-07,3875.62,3911.57,3853.2,3888.46,0.0,0.0,0.0,0.0,0.0,0.0,0.3313018304168145,0.015148448043184977,0,0.0,0.0,0.0,0.0
BTC,2019-03-08,3889.55,3931.3,3807.2,3854.17,0.0,0.0,0.0,0.0,0.0,0.0,-0.9096167937164995,0.032596133641521426,0,0.0,0.0,0.0,0.0
BTC,2019-03-09,3854.51,3974.98,3852.36,3929.49,0.0,0.0,0.0,0.0,0.0,0.0,1.945253741720726,0.03182983937119062,0,0.0,0.0,0.0,0.0
BTC,2019-03-10,3929.49,3947.95,3898.25,3933.73,0.0,0.0,0.0,0.0,0.0,0.0,0.10790204326770743,0.01274931058808435,0,0.0,0.0,0.0,0.0
BTC,2019-03-11,3933.12,3941.93,3850.83,3880.38,0.0,0.0,0.0,0.0,0.0,0.0,-1.340920185501581,0.02365723753061026,0,0.0,0.0,0.0,0.0
BTC,2019-03-12,3880.42,3904.7,3827.56,3894.65,0.0,0.0,0.0,0.0,0.0,0.0,0.3667128815952917,0.02015383168389258,0,0.0,0.0,0.0,0.0
BTC,2019-03-13,3894.67,3898.25,3854.09,3877.17,0.0,0.0,0.0,0.0,0.0,0.0,-0.44933203583358794,0.01145795765018457,0,0.0,0.0,0.0,0.0
BTC,2019-03-14,3877.06,3921.07,3828.52,3882.53,0.0,0.0,0.0,0.0,0.0,0.0,0.14108628703193282,0.02417383218580553,0,0.0,0.0,0.0,0.0
BTC,2019-03-15,3882.71,3935.01,3876.37,3921.25,0.0,0.0,0.0,0.0,0.0,0.0,0.9926056800533638,0.015127554903169802,0,0.0,0.0,0.0,0.0
BTC,2019-03-16,3921.28,4069.08,3920.73,4024.3,0.0,0.0,0.0,0.0,0.0,0.0,2.627203362167455,0.03783734151548306,0,0.0,0.0,0.0,0.0
BTC,2019-03-17,4024.47,4029.39,3971.82,4003.04,0.0,0.0,0.0,0.0,0.0,0.0,-0.5324924772702949,0.014494614559572112,0,0.0,0.0,0.0,0.0
BTC,2019-03-18,4003.07,4038.99,3964.48,3992.31,0.0,0.0,0.0,0.0,0.0,0.0,-0.2687937008346149,0.018794394220679574,0,0.0,0.0,0.0,0.0
BTC,2019-03-19,3992.38,4031.77,3972.73,4017.6,0.0,0.0,0.0,0.0,0.0,0.0,0.6317033949674079,0.014861317028844136,0,0.0,0.0,0.0,0.0
BTC,2019-03-20,4017.2,4062.71,3995.89,4056.15,0.0,0.0,0.0,0.0,0.0,0.0,0.9695808025490459,0.016722182042048245,0,0.0,0.0,0.0,0.0
BTC,2019-03-21,4054.47,4081.26,3954.33,3999.55,0.0,0.0,0.0,0.0,0.0,0.0,-1.3545543560563926,0.03209899022084659,0,0.0,0.0,0.0,0.0
BTC,2019-03-22,3999.55,4018.21,3984.15,4004.08,0.0,0.0,0.0,0.0,0.0,0.0,0.11326274205847521,0.008548874916858035,0,0.0,0.0,0.0,0.0
BTC,2019-03-23,4003.49,4019.26,3982.53,4002.65,0.0,0.0,0.0,0.0,0.0,0.0,-0.020981693472437567,0.009222780493806705,0,0.0,0.0,0.0,0.0
BTC,2019-03-24,4001.84,4011.13,3970.4,3991.24,0.0,0.0,0.0,0.0,0.0,0.0,-0.2648781560482269,0.01025841225065485,0,0.0,0.0,0.0,0.0
BTC,2019-03-25,3991.53,4005.28,3888.53,3923.32,0.0,0.0,0.0,0.0,0.0,0.0,-1.7088685291103922,0.03002419937611385,0,0.0,0.0,0.0,0.0
BTC,2019-03-26,3923.19,3942.05,3902.55,3932.69,0.0,0.0,0.0,0.0,0.0,0.0,0.24214988313081956,0.010121587167364927,0,0.0,0.0,0.0,0.0
BTC,2019-03-27,3932.69,4049.02,3928.69,4032.15,0.0,0.0,0.0,0.0,0.0,0.0,2.5290577187624765,0.030628530120727245,0,0.0,0.0,0.0,0.0
BTC,2019-03-28,4031.84,4054.29,4015.07,4033.59,0.0,0.0,0.0,0.0,0.0,0.0,0.04340450017857851,0.009768198312856264,0,0.0,0.0,0.0,0.0
BTC,2019-03-29,4033.8,4122.89,4030.26,4103.18,0.0,0.0,0.0,0.0,0.0,0.0,1.7199662848926596,0.022983628847766672,0,0.0,0.0,0.0,0.0
BTC,2019-03-30,4102.88,4146.82,4068.77,4109.42,0.0,0.0,0.0,0.0,0.0,0.0,0.15940022618258304,0.01918270140607597,0,0.0,0.0,0.0,0.0
BTC,2019-03-31,4108.92,4129.43,4098.95,4112.79,0.0,0.0,0.0,0.0,0.0,0.0,0.09418533337227035,0.007436050695910044,0,0.0,0.0,0.0,0.0
BTC,2019-04-01,4112.79,4164.0,4084.95,4147.91,0.0,0.0,0.0,0.0,0.0,0.0,0.8539215471735705,0.01935152205045354,0,0.0,0.0,0.0,0.0
BTC,2019-04-02,4147.47,4854.35,4147.09,4804.36,0.0,0.0,0.0,0.0,0.0,0.0,15.83833035561437,0.1705436824375647,0,0.0,0.0,0.0,0.0
BTC,2019-04-03,4803.85,5334.14,4803.43,5180.17,0.0,0.0,0.0,0.0,0.0,0.0,7.8337167063917414,0.11048563214203184,0,0.0,0.0,0.0,0.0
BTC,2019-04-04,5182.17,5259.5,4800.41,4939.49,0.0,0.0,0.0,0.0,0.0,0.0,-4.682980295899214,0.0956355811274454,0,0.0,0.0,0.0,0.0
BTC,2019-04-05,4938.31,5068.63,4887.29,5019.39,0.0,0.0,0.0,0.0,0.0,0.0,1.6418572345599995,0.03710440755510726,0,0.0,0.0,0.0,0.0
BTC,2019-04-06,5019.76,5239.01,4941.2,5023.31,0.0,0.0,0.0,0.0,0.0,0.0,0.07072051253446743,0.06027078442483615,0,0.0,0.0,0.0,0.0
BTC,2019-04-07,5022.99,5189.7,5021.85,5169.48,0.0,0.0,0.0,0.0,0.0,0.0,2.9163904367717195,0.0334239373935899,0,0.0,0.0,0.0,0.0
BTC,2019-04-08,5170.12,5345.19,5142.75,5284.83,0.0,0.0,0.0,0.0,0.0,0.0,2.2187105908566926,0.03936415341986284,0,0.0,0.0,0.0,0.0
BTC,2019-04-09,5285.32,5315.66,5161.1,5227.49,0.0,0.0,0.0,0.0,0.0,0.0,-1.0941626997040848,0.029947104299470943,0,0.0,0.0,0.0,0.0
BTC,2019-04-10,5227.38,5455.35,5172.5,5298.01,0.0,0.0,0.0,0.0,0.0,0.0,1.3511548806476688,0.054683421942967686,0,0.0,0.0,0.0,0.0
BTC,2019-04-11,5297.48,5343.66,4990.8,5032.62,0.0,0.0,0.0,0.0,0.0,0.0,-4.999735723400554,0.0707020918490021,0,0.0,0.0,0.0,0.0
BTC,2019-04-12,5033.0,5118.22,4930.2,5069.53,0.0,0.0,0.0,0.0,0.0,0.0,0.725809656268622,0.03813638391951654,0,0.0,0.0,0.0,0.0
BTC,2019-04-13,5069.52,5128.96,5056.19,5088.84,0.0,0.0,0.0,0.0,0.0,0.0,0.3811011693414703,0.014392259784541412,0,0.0,0.0,0.0,0.0
BTC,2019-04-14,5087.83,5121.29,5031.53,5113.97,0.0,0.0,0.0,0.0,0.0,0.0,0.5137750278606071,0.017839504087225996,0,0.0,0.0,0.0,0.0
BTC,2019-04-15,5114.81,5193.98,4976.26,5029.64,0.0,0.0,0.0,0.0,0.0,0.0,-1.6651644929137166,0.04375173322937293,0,0.0,0.0,0.0,0.0
BTC,2019-04-16,5029.63,5231.29,5029.27,5213.61,0.0,0.0,0.0,0.0,0.0,0.0,3.657923147428331,0.04016885154306679,0,0.0,0.0,0.0,0.0
BTC,2019-04-17,5212.54,5270.29,5193.66,5243.88,0.0,0.0,0.0,0.0,0.0,0.0,0.6012423885476207,0.014754527635617293,0,0.0,0.0,0.0,0.0
BTC,2019-04-18,5244.04,5317.77,5215.34,5301.93,1.0,0.0,0.0,0.0,0.0,2.0,1.1039198785669126,0.019640138514459324,1,3.0,0.0,0.0,0.0
BTC,2019-04-19,5302.08,5348.04,5213.04,5279.29,0.0,0.0,0.0,0.0,0.0,0.0,-0.42983131148530324,0.025896597762533953,0,0.0,1.0,0.0,0.0
BTC,2019-04-20,5279.78,5366.19,5261.27,5284.69,0.0,0.0,0.0,0.0,0.0,0.0,0.09299629908821683,0.019941953178605004,0,0.0,0.0,1.0,0.0
BTC,2019-04-21,5286.97,5348.43,5234.77,5283.02,0.0,0.0,0.0,0.0,0.0,0.0,-0.07471198058623026,0.02171251076933654,0,0.0,0.0,0.0,1.0
BTC,2019-04-22,5282.68,5443.18,5267.2,5396.25,0.0,0.0,0.0,0.0,1.0,1.0,2.1498557550334243,0.03341054070473885,1,2.0,0.0,0.0,0.0
BTC,2019-04-23,5395.06,5623.41,5372.21,5578.81,0.0,0.0,0.0,0.0,0.0,0.0,3.405893539645527,0.04675915498463385,0,0.0,1.0,0.0,0.0
BTC,2019-04-24,5578.81,5631.94,5391.24,5445.35,0.0,0.0,0.0,0.0,0.0,0.0,-2.392266451089032,0.044646500619523494,0,0.0,0.0,1.0,0.0
BTC,2019-04-25,5444.83,5521.35,5283.44,5404.27,0.0,0.0,0.0,0.0,0.0,0.0,-0.7449268388544636,0.04502937480126599,0,0.0,0.0,0.0,1.0
BTC,2019-04-26,5406.61,5406.61,5038.0,5213.78,0.0,0.0,0.0,0.0,0.0,0.0,-3.566560192061198,0.07316593886462876,0,0.0,0.0,0.0,0.0
BTC,2019-04-27,5213.6,5281.02,5192.68,5267.63,0.0,0.0,0.0,0.0,0.0,0.0,1.0363280650606057,0.01701240977683973,0,0.0,0.0,0.0,0.0
BTC,2019-04-28,5267.94,5313.7,5220.02,5257.42,0.0,0.0,0.0,0.0,0.0,0.0,-0.19969855389392302,0.017946291393519446,0,0.0,0.0,0.0,0.0
BTC,2019-04-29,5257.48,5299.33,5168.84,5212.71,0.0,0.0,0.0,0.0,0.0,0.0,-0.8515486506843494,0.025245509630787522,0,0.0,0.0,0.0,0.0
BTC,2019-04-30,5212.19,5371.96,5190.2,5349.44,0.0,0.0,0.0,0.0,0.0,0.0,2.6332501309430394,0.0350198450926747,0,0.0,0.0,0.0,0.0
BTC,2019-05-01,5349.69,5416.74,5342.38,5372.51,0.0,0.0,0.0,0.0,0.0,0.0,0.4265667730279814,0.013918890082697163,0,0.0,0.0,0.0,0.0
BTC,2019-05-02,5369.82,5530.35,5362.9,5509.88,0.0,0.0,0.0,0.0,0.0,0.0,2.6082810969455292,0.031223778179716336,0,0.0,0.0,0.0,0.0
BTC,2019-05-03,5504.23,5891.05,5487.51,5792.81,0.0,0.0,0.0,0.0,0.0,0.0,5.242876841992447,0.0735379069924246,0,0.0,0.0,0.0,0.0
BTC,2019-05-04,5792.36,5898.35,5600.8,5849.07,0.0,0.0,0.0,0.0,0.0,0.0,0.9790482635747786,0.053126339094415116,0,0.0,0.0,0.0,0.0
BTC,2019-05-05,5852.03,5899.08,5713.68,5825.53,0.0,0.0,0.0,0.0,0.0,0.0,-0.45283431561355636,0.032448439534590603,0,0.0,0.0,0.0,0.0
BTC,2019-05-06,5825.21,5828.07,5646.59,5758.68,0.0,0.0,0.0,0.0,0.0,0.0,-1.1421047481549977,0.0321397516022944,0,0.0,0.0,0.0,0.0
BTC,2019-05-07,5759.1,6029.77,5749.69,5954.68,0.0,0.0,0.0,0.0,0.0,0.0,3.396016738726536,0.048712191439886476,0,0.0,0.0,0.0,0.0
BTC,2019-05-08,5953.95,5971.44,5754.12,5957.23,0.0,0.0,0.0,0.0,0.0,0.0,0.05508947841348593,0.03776772121540734,0,0.0,0.0,0.0,0.0
BTC,2019-05-09,5957.71,6161.83,5912.79,6141.17,0.0,0.0,0.0,0.0,0.0,0.0,3.0793711006410187,0.04211886436014131,0,0.0,0.0,0.0,0.0
BTC,2019-05-10,6141.78,6443.65,6133.31,6348.83,0.0,0.0,0.0,0.0,0.0,0.0,3.3711725265314,0.050599105540075295,0,0.0,0.0,0.0,0.0
BTC,2019-05-11,6348.88,7051.17,6347.05,7051.17,0.0,0.0,0.0,0.0,0.0,0.0,11.0616360680939,0.11093657683490754,0,0.0,0.0,0.0,0.0
BTC,2019-05-12,7054.52,7540.8,6796.32,7142.78,0.0,0.0,0.0,0.0,0.0,0.0,1.2511127617470685,0.10954163429620743,0,0.0,0.0,0.0,0.0
BTC,2019-05-13,7145.1,8118.53,6873.58,8077.11,0.0,0.0,0.0,0.0,0.0,0.0,13.04404417013057,0.18112104609242924,0,0.0,0.0,0.0,0.0
BTC,2019-05-14,8079.75,8295.67,7603.81,7774.89,0.0,0.0,0.0,0.0,0.0,0.0,-3.7731365450663654,0.09098859650622512,0,0.0,0.0,0.0,0.0
BTC,2019-05-15,7775.02,8240.73,7775.02,8134.39,0.0,0.0,0.0,0.0,0.0,0.0,4.622110296822386,0.059898238203888746,0,0.0,0.0,0.0,0.0
BTC,2019-05-16,8133.73,8352.25,7685.67,7926.75,0.0,0.0,0.0,0.0,0.0,0.0,-2.5447119587200406,0.08673023952368497,0,0.0,0.0,0.0,0.0
BTC,2019-05-17,7918.43,7942.24,6704.57,7264.88,0.0,0.0,0.0,0.0,0.0,0.0,-8.253530055831778,0.18460095129143259,0,0.0,0.0,0.0,0.0
BTC,2019-05-18,7268.4,7491.37,7213.75,7340.6,0.0,0.0,0.0,0.0,0.0,0.0,0.993341037917571,0.03848483798301853,0,0.0,0.0,0.0,0.0
BTC,2019-05-19,7338.55,8130.77,7253.13,8077.95,0.0,0.0,0.0,0.0,0.0,0.0,10.075559885808499,0.12100155381194054,0,0.0,0.0,0.0,0.0
BTC,2019-05-20,8079.85,8279.58,7594.59,8047.58,0.0,0.0,0.0,0.0,0.0,0.0,-0.39938860251119057,0.09019446737743575,0,0.0,0.0,0.0,0.0
BTC,2019-05-21,8044.03,8101.13,7818.98,7994.35,0.0,0.0,0.0,0.0,0.0,0.0,-0.6176008791613082,0.03608526943412063,0,0.0,0.0,0.0,0.0
BTC,2019-05-22,7995.01,8030.77,7640.21,7676.98,0.0,0.0,0.0,0.0,0.0,0.0,-3.9778561877971463,0.05111901374438666,0,0.0,0.0,0.0,0.0
BTC,2019-05-23,7679.27,7942.25,7482.87,7911.74,0.0,0.0,0.0,0.0,0.0,0.0,3.027240870551489,0.061390883444453814,0,0.0,0.0,0.0,0.0
BTC,2019-05-24,7913.91,8164.84,7801.72,8060.44,0.0,0.0,0.0,0.0,0.0,0.0,1.8515499923552294,0.04654358269714882,0,0.0,0.0,0.0,0.0
BTC,2019-05-25,8058.01,8140.18,7938.87,8044.14,0.0,0.0,0.0,0.0,0.0,0.0,-0.17212686506966224,0.025357513096952135,0,0.0,0.0,0.0,0.0
BTC,2019-05-26,8044.14,8732.34,7897.05,8644.8,0.0,0.0,0.0,0.0,0.0,0.0,7.467050548598096,0.10577240868425551,0,0.0,0.0,0.0,0.0
BTC,2019-05-27,8646.55,8928.68,8634.16,8806.4,0.0,0.0,0.0,0.0,0.0,0.0,1.8487142270616648,0.034111019485392954,0,0.0,0.0,0.0,0.0
BTC,2019-05-28,8808.92,8841.57,8565.29,8709.45,0.0,0.0,0.0,0.0,0.0,0.0,-1.1291963146446937,0.03225576717192282,0,0.0,0.0,0.0,0.0
BTC,2019-05-29,8709.87,8758.32,8447.27,8661.44,0.0,0.0,0.0,0.0,0.0,0.0,-0.5560358535776112,0.03682254740288866,0,0.0,0.0,0.0,0.0
BTC,2019-05-30,8663.44,9060.05,8034.15,8217.67,0.0,0.0,0.0,0.0,0.0,0.0,-5.145415677836985,0.12769241301195516,0,0.0,0.0,0.0,0.0
BTC,2019-05-31,8213.54,8540.97,8119.27,8524.49,0.0,0.0,0.0,0.0,0.0,0.0,3.785821947662017,0.051938166854901845,0,0.0,0.0,0.0,0.0
BTC,2019-06-01,8524.89,8618.56,8459.97,8594.26,0.0,0.0,0.0,0.0,0.0,0.0,0.8137348399803493,0.01874592935908758,0,0.0,0.0,0.0,0.0
BTC,2019-06-02,8594.26,8818.23,8529.98,8708.33,0.0,0.0,0.0,0.0,0.0,0.0,1.3272812318919802,0.033792576301468466,0,0.0,0.0,0.0,0.0
BTC,2019-06-03,8709.48,8756.02,8343.92,8480.49,0.0,0.0,0.0,0.0,0.0,0.0,-2.6292040397360097,0.04938925588931825,0,0.0,0.0,0.0,0.0
BTC,2019-06-04,8481.47,8487.0,7505.24,7505.24,0.0,0.0,0.0,0.0,0.0,0.0,-11.51015095260609,0.13080994078803612,0,0.0,0.0,0.0,0.0
BTC,2019-06-05,7475.73,7916.5,7471.1,7742.17,0.0,0.0,0.0,0.0,0.0,0.0,3.5640666530225213,0.05961638848362351,0,0.0,0.0,0.0,0.0
BTC,2019-06-06,7740.46,7871.2,7471.52,7743.92,0.0,0.0,0.0,0.0,0.0,0.0,0.04470018577707315,0.05349380045827346,0,0.0,0.0,0.0,0.0
BTC,2019-06-07,7743.13,8127.63,7714.1,7957.43,0.0,0.0,0.0,0.0,0.0,0.0,2.7676146467901246,0.05360703128038264,0,0.0,0.0,0.0,0.0
BTC,2019-06-08,7956.18,8065.0,7798.54,7894.64,0.0,0.0,0.0,0.0,0.0,0.0,-0.7734867738035082,0.034167933997902175,0,0.0,0.0,0.0,0.0
BTC,2019-06-09,7895.4,7971.8,7620.53,7649.37,0.0,0.0,0.0,0.0,0.0,0.0,-3.116118246067327,0.046095219098934125,0,0.0,0.0,0.0,0.0
BTC,2019-06-10,7647.42,8056.47,7534.41,7949.75,0.0,0.0,0.0,0.0,0.0,0.0,3.9533594336390565,0.06929009703480438,0,0.0,0.0,0.0,0.0
BTC,2019-06-11,7950.37,8049.41,7724.91,7914.06,0.0,0.0,0.0,0.0,0.0,0.0,-0.4567083041418134,0.04200696189340717,0,0.0,0.0,0.0,0.0
BTC,2019-06-12,7914.3,8245.53,7834.98,8153.87,0.0,0.0,0.0,0.0,0.0,0.0,3.027052297739531,0.05239962322813857,0,0.0,0.0,0.0,0.0
BTC,2019-06-13,8153.81,8324.65,8063.38,8311.87,0.0,0.0,0.0,0.0,0.0,0.0,1.9384802932616823,0.032402044800071375,0,0.0,0.0,0.0,0.0
BTC,2019-06-14,8312.73,8636.56,8180.75,8615.91,0.0,0.0,0.0,1.0,0.0,1.0,3.6471772811098195,0.0557173853253063,1,2.0,0.0,0.0,0.0
BTC,2019-06-15,8615.09,8902.8,8615.09,8822.41,0.0,0.0,0.0,0.0,0.0,0.0,2.4064751499984296,0.0333960527400177,0,0.0,1.0,0.0,0.0
BTC,2019-06-16,8822.4,9371.82,8801.8,9037.88,0.0,0.0,0.0,0.0,0.0,0.0,2.442419296336593,0.0647617532777387,0,0.0,0.0,1.0,0.0
BTC,2019-06-17,9041.2,9413.55,8969.73,9289.34,0.0,0.0,0.0,0.0,0.0,0.0,2.744547184002117,0.04947975022659542,0,0.0,0.0,0.0,1.0
BTC,2019-06-18,9289.17,9465.6,8942.66,9012.33,0.0,0.0,0.0,0.0,0.0,0.0,-2.9802447366126374,0.058477007959600445,0,0.0,0.0,0.0,0.0
BTC,2019-06-19,9014.44,9227.21,8956.26,9227.21,0.0,0.0,0.0,0.0,0.0,0.0,2.3603241022182035,0.030252583109467445,0,0.0,0.0,0.0,0.0
BTC,2019-06-20,9229.34,9599.94,9221.28,9522.08,0.0,0.0,0.0,0.0,0.0,0.0,3.1718411067313568,0.04106371349747539,0,0.0,0.0,0.0,0.0
BTC,2019-06-21,9522.81,9944.32,9470.3,9927.71,0.0,0.0,0.0,0.0,0.0,0.0,4.251896236510018,0.05005332460428925,0,0.0,0.0,0.0,0.0
BTC,2019-06-22,9927.23,11203.9,9868.08,10594.3,0.0,0.0,0.0,0.0,0.0,0.0,6.719598518418529,0.13536777164352132,0,0.0,0.0,0.0,0.0
BTC,2019-06-23,10593.1,11283.0,10397.6,10949.6,0.0,0.0,0.0,0.0,0.0,0.0,3.365398230923903,0.08515426636916208,0,0.0,0.0,0.0,0.0
BTC,2019-06-24,10939.9,11100.2,10559.3,10939.9,0.0,0.0,0.0,0.0,0.0,0.0,0.0,0.05122498650478739,0,0.0,0.0,0.0,0.0
BTC,2019-06-25,10940.0,11566.6,10940.0,11551.7,0.0,0.0,0.0,0.0,0.0,0.0,5.5914076782449795,0.05727605118829985,0,0.0,0.0,0.0,0.0
BTC,2019-06-26,11548.2,13823.3,11522.6,12431.8,0.0,0.0,0.0,0.0,0.0,0.0,7.6514088775739815,0.19966847760054143,0,0.0,0.0,0.0,0.0
BTC,2019-06-27,12442.4,13312.2,10338.3,10747.2,0.0,0.0,0.0,0.0,0.0,0.0,-13.624381148331501,0.2876585125214012,0,0.0,0.0,0.0,0.0
BTC,2019-06-28,10749.5,12385.5,10748.4,12273.4,0.0,0.0,0.0,0.0,0.0,0.0,14.176473324340662,0.15231104164340742,0,0.0,0.0,0.0,0.0
BTC,2019-06-29,12276.7,12429.2,11357.0,11944.4,0.0,0.0,0.0,0.0,0.0,0.0,-2.70675344351496,0.09440873470106549,0,0.0,0.0,0.0,0.0
BTC,2019-06-30,11944.0,12200.0,10863.7,11285.6,0.0,0.0,0.0,0.0,0.0,0.0,-5.512391158740787,0.12300597402358306,0,0.0,0.0,0.0,0.0
BTC,2019-07-01,11282.1,11282.6,10006.8,10583.2,0.0,0.0,0.0,0.0,0.0,0.0,-6.194768704407863,0.12749330455290414,0,0.0,0.0,0.0,0.0
BTC,2019-07-02,10572.3,10926.1,9682.19,10689.5,0.0,0.0,0.0,0.0,0.0,0.0,1.1085572675765987,0.1284740332507418,0,0.0,0.0,0.0,0.0
BTC,2019-07-03,10691.4,11565.9,10675.9,11409.9,0.0,0.0,0.0,0.0,0.0,0.0,6.720354677591335,0.08336533688026303,0,0.0,0.0,0.0,0.0
BTC,2019-07-04,11408.4,12054.9,11396.6,11583.0,0.0,0.0,0.0,0.0,0.0,0.0,1.5304512464499875,0.05776284154923392,0,0.0,0.0,0.0,0.0
BTC,2019-07-05,11579.2,11706.4,10793.6,11078.4,0.0,0.0,0.0,0.0,0.0,0.0,-4.324996545529925,0.08456863326415646,0,0.0,0.0,0.0,0.0
BTC,2019-07-06,11082.0,11706.0,10850.3,11194.4,0.0,0.0,0.0,0.0,0.0,0.0,1.0142573542681794,0.07886417887063038,0,0.0,0.0,0.0,0.0
BTC,2019-07-07,11192.8,11601.7,11072.8,11538.2,0.0,0.0,0.0,0.0,0.0,0.0,3.08591237223931,0.04776569612022266,0,0.0,0.0,0.0,0.0
BTC,2019-07-08,11538.9,12340.7,11339.3,12339.5,0.0,0.0,0.0,0.0,0.0,0.0,6.938269679085532,0.08831232968525407,0,0.0,0.0,0.0,0.0
BTC,2019-07-09,12336.1,12804.6,12123.6,12554.5,0.0,0.0,0.0,0.0,0.0,0.0,1.7704136639618648,0.05617143422745719,0,0.0,0.0,0.0,0.0
BTC,2019-07-10,12557.0,13176.6,11572.6,11935.4,0.0,0.0,0.0,0.0,0.0,0.0,-4.950226965039423,0.1386032525102397,0,0.0,0.0,0.0,0.0
BTC,2019-07-11,11938.8,12189.4,11015.2,11302.5,0.0,0.0,0.0,0.0,0.0,0.0,-5.329681375012559,0.10659815527634531,0,0.0,0.0,0.0,0.0
BTC,2019-07-12,11299.9,11931.9,11102.9,11800.5,0.0,0.0,0.0,0.0,0.0,0.0,4.430127700245138,0.07466517756622144,0,0.0,0.0,0.0,0.0
BTC,2019-07-13,11798.6,11851.8,10830.8,11024.7,0.0,0.0,0.0,0.0,0.0,0.0,-6.559252792704216,0.09426819810170994,0,0.0,0.0,0.0,0.0
BTC,2019-07-14,11026.6,11447.0,10332.2,10664.4,0.0,0.0,0.0,0.0,0.0,0.0,-3.284784067618311,0.10789570469019175,0,0.0,0.0,0.0,0.0
BTC,2019-07-15,10662.6,10943.7,9884.77,10749.7,0.0,0.0,0.0,0.0,0.0,0.0,0.8168739331870308,0.10712742936861457,0,0.0,0.0,0.0,0.0
BTC,2019-07-16,10757.0,11066.3,9401.02,9644.97,0.0,0.0,0.0,0.0,0.0,0.0,-10.337733568838901,0.1771382254266025,0,0.0,0.0,0.0,0.0
BTC,2019-07-17,9644.23,9974.82,9092.37,9824.56,0.0,0.0,0.0,0.0,0.0,0.0,1.8698226815411902,0.09705390343771743,0,0.0,0.0,0.0,0.0
BTC,2019-07-18,9826.58,10717.9,9295.15,10595.8,0.0,0.0,0.0,0.0,0.0,0.0,7.827952349647582,0.1530636945073506,0,0.0,0.0,0.0,0.0
BTC,2019-07-19,10594.6,10775.2,10139.5,10563.1,0.0,0.0,0.0,0.0,0.0,0.0,-0.2973212768768995,0.06269539918141927,0,0.0,0.0,0.0,0.0
BTC,2019-07-20,10567.4,11016.6,10399.9,10958.0,0.0,0.0,0.0,0.0,0.0,0.0,3.6962734447451635,0.059298647102376055,0,0.0,0.0,0.0,0.0
BTC,2019-07-21,10959.2,11084.8,10335.7,10568.3,0.0,0.0,0.0,0.0,0.0,0.0,-3.5668661946127584,0.07247694882784896,0,0.0,0.0,0.0,0.0
BTC,2019-07-22,10568.8,10676.6,10079.5,10270.4,0.0,0.0,0.0,0.0,0.0,0.0,-2.8234047384755097,0.0592390495560296,0,0.0,0.0,0.0,0.0
BTC,2019-07-23,10273.9,10348.6,9875.24,10125.2,0.0,0.0,0.0,0.0,0.0,0.0,-1.4473568946553783,0.0479340248945849,0,0.0,0.0,0.0,0.0
BTC,2019-07-24,10124.0,10142.5,9539.69,9778.32,0.0,0.0,0.0,0.0,0.0,0.0,-3.414460687475309,0.0631896843608125,0,0.0,0.0,0.0,0.0
BTC,2019-07-25,9776.86,10183.8,9745.74,9899.11,0.0,0.0,0.0,0.0,0.0,0.0,1.2504014581368659,0.044948869967801265,0,0.0,0.0,0.0,0.0
BTC,2019-07-26,9898.23,9948.97,9668.59,9835.18,0.0,0.0,0.0,0.0,0.0,0.0,-0.6369825716314864,0.02899905777367736,0,0.0,0.0,0.0,0.0
BTC,2019-07-27,9835.21,10191.7,9310.78,9508.68,0.0,0.0,0.0,0.0,0.0,0.0,-3.3200104522424922,0.09461291105578695,0,0.0,0.0,0.0,0.0
BTC,2019-07-28,9508.79,9559.71,9351.51,9456.99,0.0,0.0,0.0,0.0,0.0,0.0,-0.5447591123581558,0.02226378413753489,0,0.0,0.0,0.0,0.0
BTC,2019-07-29,9456.51,9710.61,9140.86,9504.78,0.0,0.0,0.0,0.0,0.0,0.0,0.5104420129625035,0.06233002146406355,0,0.0,0.0,0.0,0.0
BTC,2019-07-30,9505.0,9749.2,9394.72,9586.19,0.0,0.0,0.0,0.0,0.0,0.0,0.854182009468706,0.03773183234838307,0,0.0,0.0,0.0,0.0
BTC,2019-07-31,9588.11,10117.8,9579.68,10050.3,0.0,0.0,0.0,0.0,0.0,0.0,4.8204494942173035,0.05617306632371843,0,0.0,0.0,0.0,0.0
BTC,2019-08-01,10049.8,10487.3,9895.78,10419.3,0.0,0.0,0.0,0.0,0.0,0.0,3.6766900833847442,0.05977497478723239,0,0.0,0.0,0.0,0.0
BTC,2019-08-02,10419.1,10666.4,10343.0,10427.8,0.0,0.0,0.0,0.0,0.0,0.0,0.08350049428452465,0.031267523929227464,0,0.0,0.0,0.0,0.0
BTC,2019-08-03,10425.9,10914.8,10419.7,10835.2,0.0,0.0,0.0,0.0,0.0,0.0,3.9258001707286763,0.047515763409694954,0,0.0,0.0,0.0,0.0
BTC,2019-08-04,10836.8,11032.3,10572.2,10966.2,0.0,0.0,0.0,0.0,0.0,0.0,1.1940794330429783,0.04351979720398768,0,0.0,0.0,0.0,0.0
BTC,2019-08-05,10964.5,11944.2,10952.1,11736.4,0.0,0.0,0.0,0.0,0.0,0.0,7.039992703725657,0.09058536718985404,0,0.0,0.0,0.0,0.0
BTC,2019-08-06,11737.0,12316.0,11315.0,11373.3,0.0,0.0,0.0,0.0,0.0,0.0,-3.0987475504813897,0.08846663720724701,0,0.0,0.0,0.0,0.0
BTC,2019-08-07,11370.0,12132.3,11224.7,11938.2,0.0,0.0,0.0,0.0,0.0,0.0,4.997361477572566,0.08085739485242353,0,0.0,0.0,0.0,0.0
BTC,2019-08-08,11935.5,12018.1,11510.0,11721.0,0.0,0.0,0.0,0.0,0.0,0.0,-1.7971597335679275,0.04414422241529108,0,0.0,0.0,0.0,0.0
BTC,2019-08-09,11722.3,12039.0,11676.7,11918.2,0.0,0.0,0.0,0.0,0.0,0.0,1.6711737457666285,0.031027601976585786,0,0.0,0.0,0.0,0.0
BTC,2019-08-10,11918.5,11971.2,11241.0,11303.5,0.0,0.0,0.0,0.0,0.0,0.0,-5.160045307714897,0.06495863357352555,0,0.0,0.0,0.0,0.0
BTC,2019-08-11,11304.3,11553.6,11119.3,11504.7,0.0,0.0,0.0,0.0,0.0,0.0,1.77277673097849,0.03905821409621119,0,0.0,0.0,0.0,0.0
BTC,2019-08-12,11503.7,11583.3,11245.3,11393.5,0.0,0.0,0.0,0.0,0.0,0.0,-0.9579526587098127,0.03005700159177612,0,0.0,0.0,0.0,0.0
BTC,2019-08-13,11393.4,11439.1,10769.3,10874.6,0.0,0.0,0.0,0.0,0.0,0.0,-4.553513437604221,0.06219531445869287,0,0.0,0.0,0.0,0.0
BTC,2019-08-14,10869.8,10902.9,10076.8,10193.3,0.0,0.0,0.0,0.0,0.0,0.0,-6.223665568823714,0.08198039060019058,0,0.0,0.0,0.0,0.0
BTC,2019-08-15,10195.3,10414.1,9501.36,10341.0,0.0,0.0,0.0,0.0,0.0,0.0,1.429089874746214,0.0960641423964569,0,0.0,0.0,0.0,0.0
BTC,2019-08-16,10341.3,10543.9,9768.49,10447.6,0.0,0.0,0.0,0.0,0.0,0.0,1.0279171864272492,0.0793786961956249,0,0.0,0.0,0.0,0.0
BTC,2019-08-17,10447.7,10485.8,10015.9,10143.0,0.0,0.0,0.0,0.0,0.0,0.0,-2.9164313676694458,0.046915404506834096,0,0.0,0.0,0.0,0.0
BTC,2019-08-18,10142.8,10512.1,10079.8,10424.6,0.0,0.0,0.0,0.0,0.0,0.0,2.7783255116930348,0.04288775570943879,0,0.0,0.0,0.0,0.0
BTC,2019-08-19,10426.8,10827.2,10279.3,10722.7,0.0,0.0,0.0,0.0,0.0,0.0,2.8378793110062674,0.053301294835251575,0,0.0,0.0,0.0,0.0
BTC,2019-08-20,10720.0,10955.9,10577.4,10796.1,0.0,0.0,0.0,0.0,0.0,0.0,0.7098880597014959,0.03578384101953221,0,0.0,0.0,0.0,0.0
BTC,2019-08-21,10798.9,10846.4,9873.79,10054.3,0.0,0.0,0.0,0.0,0.0,0.0,-6.895146727907475,0.09850422178312468,0,0.0,0.0,0.0,0.0
BTC,2019-08-22,10045.5,10230.3,9778.77,10141.5,0.0,0.0,0.0,0.0,0.0,0.0,0.9556517843810661,0.04617451888120887,0,0.0,0.0,0.0,0.0
BTC,2019-08-23,10143.6,10460.1,10055.7,10423.9,0.0,0.0,0.0,0.0,0.0,0.0,2.7633187428526287,0.0402159968972821,0,0.0,0.0,0.0,0.0
BTC,2019-08-24,10423.9,10457.4,9914.17,10076.3,0.0,0.0,0.0,0.0,0.0,0.0,-3.334644422912733,0.05479329081506566,0,0.0,0.0,0.0,0.0
BTC,2019-08-25,10075.9,10352.1,9907.2,10003.6,0.0,0.0,0.0,0.0,0.0,0.0,-0.7175537669091523,0.04490673449612399,0,0.0,0.0,0.0,0.0
BTC,2019-08-26,10003.4,10625.6,9981.22,10269.9,0.0,0.0,0.0,0.0,0.0,0.0,2.6640942079692906,0.06455924225695868,0,0.0,0.0,0.0,0.0
BTC,2019-08-27,10270.9,10397.6,10040.2,10144.1,0.0,0.0,0.0,0.0,0.0,0.0,-1.2345558811788575,0.035596900460150155,0,0.0,0.0,0.0,0.0
BTC,2019-08-28,10142.5,10280.5,9605.2,9728.75,0.0,0.0,0.0,0.0,0.0,0.0,-4.079368991865911,0.0703056677632948,0,0.0,0.0,0.0,0.0
BTC,2019-08-29,9729.56,9755.2,9346.83,9519.55,0.0,0.0,0.0,0.0,0.0,0.0,-2.158473764486783,0.0436907486281446,0,0.0,0.0,0.0,0.0
BTC,2019-08-30,9520.82,9698.3,9374.97,9598.6,0.0,0.0,0.0,0.0,0.0,0.0,0.8169464394873619,0.03448864369699316,0,0.0,0.0,0.0,0.0
BTC,2019-08-31,9598.57,9676.28,9512.24,9676.28,0.0,0.0,0.0,0.0,0.0,0.0,0.8095997632980846,0.017245149407500323,0,0.0,0.0,0.0,0.0
BTC,2019-09-01,9677.54,9778.03,9579.76,9711.99,0.0,0.0,0.0,0.0,0.0,0.0,0.3559788954630919,0.0206967606704135,0,0.0,0.0,0.0,0.0
BTC,2019-09-02,9711.92,10452.4,9711.92,10398.7,0.0,0.0,0.0,0.0,0.0,0.0,7.071516239837237,0.07624445011902894,0,0.0,0.0,0.0,0.0
BTC,2019-09-03,10401.0,10769.6,10297.5,10698.7,0.0,0.0,0.0,0.0,0.0,0.0,2.862224786078269,0.045846079145423685,0,0.0,0.0,0.0,0.0
BTC,2019-09-04,10698.6,10822.1,10394.1,10666.9,0.0,0.0,0.0,0.0,0.0,0.0,-0.2963004505262439,0.04117720629972773,0,0.0,0.0,0.0,0.0
BTC,2019-09-05,10669.0,10695.8,10478.4,10559.8,0.0,0.0,0.0,0.0,0.0,0.0,-1.0235261036648302,0.020747442357611817,0,0.0,0.0,0.0,0.0
BTC,2019-09-06,10560.7,10937.2,10231.3,10426.5,0.0,0.0,0.0,0.0,0.0,0.0,-1.2707490980711575,0.06899416496437417,0,0.0,0.0,0.0,0.0
BTC,2019-09-07,10426.6,10572.8,10300.0,10531.6,0.0,0.0,0.0,0.0,0.0,0.0,1.0070396869545202,0.026485436893203814,0,0.0,0.0,0.0,0.0
BTC,2019-09-08,10529.2,10594.7,10294.9,10423.6,0.0,0.0,0.0,0.0,0.0,0.0,-1.0029251984956156,0.02912121535906139,0,0.0,0.0,0.0,0.0
BTC,2019-09-09,10427.1,10508.0,10109.9,10289.2,0.0,0.0,0.0,0.0,0.0,0.0,-1.3225153686067999,0.03937724408747865,0,0.0,0.0,0.0,0.0
BTC,2019-09-10,10289.3,10394.2,9969.85,10106.4,0.0,0.0,0.0,0.0,0.0,0.0,-1.7775747621315312,0.04256332843523226,0,0.0,0.0,0.0,0.0
BTC,2019-09-11,10107.9,10238.0,9882.05,10174.9,0.0,0.0,0.0,0.0,0.0,0.0,0.6628478714668724,0.03601985418005381,0,0.0,0.0,0.0,0.0
BTC,2019-09-12,10171.7,10421.9,10057.8,10418.9,0.0,0.0,0.0,0.0,0.0,0.0,2.430272225881602,0.03620075960945737,0,0.0,0.0,0.0,0.0
BTC,2019-09-13,10417.5,10469.8,10189.4,10308.1,0.0,0.0,0.0,0.0,0.0,0.0,-1.050155987520995,0.027518794040865963,0,0.0,0.0,0.0,0.0
BTC,2019-09-14,10308.2,10454.3,10265.1,10398.9,0.0,0.0,0.0,0.0,0.0,0.0,0.8798820356609194,0.01843138400989751,0,0.0,0.0,0.0,0.0
BTC,2019-09-15,10401.0,10423.8,10279.9,10305.3,0.0,0.0,0.0,0.0,0.0,0.0,-0.920103836169606,0.013998190643877823,0,0.0,0.0,0.0,0.0
BTC,2019-09-16,10305.7,10402.8,10107.6,10317.1,0.0,0.0,0.0,0.0,0.0,0.0,0.11061839564512489,0.0292057461711978,0,0.0,0.0,0.0,0.0
BTC,2019-09-17,10316.9,10353.4,10154.9,10225.4,0.0,0.0,0.0,0.0,0.0,0.0,-0.8868943190299412,0.0195472136604004,0,0.0,0.0,0.0,0.0
BTC,2019-09-18,10224.7,10271.3,10112.5,10201.6,0.0,0.0,0.0,0.0,0.0,1.0,-0.22592349897796868,0.015703337453646406,1,1.0,0.0,0.0,0.0
BTC,2019-09-19,10202.1,10364.9,9644.28,10276.5,0.0,0.0,0.0,0.0,0.0,0.0,0.7292616226071067,0.0747199376210561,0,0.0,1.0,0.0,0.0
BTC,2019-09-20,10277.6,10319.4,10073.7,10119.8,0.0,0.0,0.0,0.0,0.0,0.0,-1.5353779092395219,0.024390243902438914,0,0.0,0.0,1.0,0.0
BTC,2019-09-21,10117.7,10192.2,9950.86,9991.75,0.0,0.0,0.0,0.0,0.0,0.0,-1.2448481374225437,0.024253180127144804,0,0.0,0.0,0.0,1.0
BTC,2019-09-22,9989.46,10092.6,9872.0,10065.9,0.0,0.0,0.0,0.0,0.0,0.0,0.76520652768018,0.02234602917341981,0,0.0,0.0,0.0,0.0
BTC,2019-09-23,10067.4,10095.8,9667.63,9757.05,0.0,0.0,0.0,0.0,0.0,0.0,-3.0827224506824047,0.044289034644478545,0,0.0,0.0,0.0,0.0
BTC,2019-09-24,9754.21,9785.97,8133.82,8671.45,0.0,0.0,0.0,0.0,0.0,0.0,-11.100437657175705,0.2031210427572776,0,0.0,0.0,0.0,0.0
BTC,2019-09-25,8668.78,8797.54,8255.81,8600.7,0.0,0.0,0.0,0.0,0.0,0.0,-0.7853469577033898,0.06561803142271945,0,0.0,0.0,0.0,0.0
BTC,2019-09-26,8602.19,8660.9,7757.63,8091.29,0.0,0.0,0.0,0.0,0.0,0.0,-5.939185253987653,0.11643633429281874,0,0.0,0.0,0.0,0.0
BTC,2019-09-27,8093.12,8302.48,7888.51,8243.04,0.0,0.0,0.0,0.0,0.0,0.0,1.8524376260329884,0.05247759082513673,0,0.0,0.0,0.0,0.0
BTC,2019-09-28,8244.87,8279.06,8049.12,8157.31,0.0,0.0,0.0,0.0,0.0,0.0,-1.0619937003251767,0.028567098018168396,0,0.0,0.0,0.0,0.0
BTC,2019-09-29,8157.53,8339.86,7946.01,8060.48,0.0,0.0,0.0,0.0,0.0,0.0,-1.1896983523198834,0.04956575690189169,0,0.0,0.0,0.0,0.0
BTC,2019-09-30,8059.37,8371.61,8059.37,8268.58,0.0,0.0,0.0,0.0,0.0,0.0,2.595860470483425,0.03874248235283908,0,0.0,0.0,0.0,0.0
BTC,2019-10-01,8264.58,8534.94,8212.25,8326.56,0.0,0.0,0.0,0.0,0.0,0.0,0.7499473657463485,0.0392937380133338,0,0.0,0.0,0.0,0.0
BTC,2019-10-02,8326.83,8386.24,8187.44,8281.99,0.0,0.0,0.0,0.0,0.0,0.0,-0.5385002455916615,0.024281093968322235,0,0.0,0.0,0.0,0.0
BTC,2019-10-03,8282.03,8433.03,8107.66,8196.2,0.0,0.0,0.0,0.0,0.0,0.0,-1.0363401243414951,0.04013118458346808,0,0.0,0.0,0.0,0.0
BTC,2019-10-04,8195.6,8293.41,8025.8,8194.08,0.0,0.0,0.0,0.0,0.0,0.0,-0.018546537166289675,0.03334371651424153,0,0.0,0.0,0.0,0.0
BTC,2019-10-05,8193.78,8231.62,8053.43,8170.43,0.0,0.0,0.0,0.0,0.0,0.0,-0.28497225944558385,0.0221259761368759,0,0.0,0.0,0.0,0.0
BTC,2019-10-06,8169.84,8232.25,7843.53,7941.72,0.0,0.0,0.0,0.0,0.0,0.0,-2.7922211450897434,0.0495593183171353,0,0.0,0.0,0.0,0.0
BTC,2019-10-07,7941.49,8317.48,7799.75,8213.83,0.0,0.0,0.0,0.0,0.0,0.0,3.4293312715875754,0.06637776851822168,0,0.0,0.0,0.0,0.0
BTC,2019-10-08,8213.52,8354.18,8128.58,8174.53,0.0,0.0,0.0,0.0,0.0,0.0,-0.47470512033818246,0.027753925039797893,0,0.0,0.0,0.0,0.0
BTC,2019-10-09,8176.25,8689.94,8137.04,8568.1,0.0,0.0,0.0,0.0,0.0,0.0,4.79253936706926,0.06794854148437277,0,0.0,0.0,0.0,0.0
BTC,2019-10-10,8568.55,8670.89,8470.1,8576.18,0.0,0.0,0.0,0.0,0.0,0.0,0.08904657147359844,0.02370574137259289,0,0.0,0.0,0.0,0.0
BTC,2019-10-11,8579.5,8814.95,8301.37,8327.47,0.0,0.0,0.0,0.0,0.0,0.0,-2.9375837752782874,0.061866896668863074,0,0.0,0.0,0.0,0.0
BTC,2019-10-12,8327.54,8439.01,8263.71,8360.29,0.0,0.0,0.0,0.0,0.0,0.0,0.3932734036702315,0.021213232313331557,0,0.0,0.0,0.0,0.0
BTC,2019-10-13,8359.02,8487.6,8313.25,8463.4,0.0,0.0,0.0,0.0,0.0,0.0,1.248710973295903,0.020972543830631865,0,0.0,0.0,0.0,0.0
BTC,2019-10-14,8321.64,8405.14,8229.2,8323.84,0.0,0.0,0.0,0.0,0.0,0.0,0.026437096533865053,0.021379964030525285,0,0.0,0.0,0.0,0.0
BTC,2019-10-15,8323.57,8425.43,8123.82,8164.06,0.0,0.0,0.0,0.0,0.0,0.0,-1.9163652134841096,0.0371266226972041,0,0.0,0.0,0.0,0.0
BTC,2019-10-16,8162.64,8193.35,7951.8,7989.45,0.0,0.0,0.0,0.0,0.0,0.0,-2.121740025285943,0.030376770039487938,0,0.0,0.0,0.0,0.0
BTC,2019-10-17,7988.52,8140.67,7949.65,8086.75,0.0,0.0,0.0,0.0,0.0,0.0,1.2296395327294614,0.024028730824627555,0,0.0,0.0,0.0,0.0
BTC,2019-10-18,8086.55,8156.55,7854.73,7964.82,0.0,0.0,0.0,0.0,0.0,0.0,-1.5053391124768964,0.03842525459181928,0,0.0,0.0,0.0,0.0
BTC,2019-10-19,7965.31,8099.09,7919.83,7974.74,0.0,0.0,0.0,0.0,0.0,0.0,0.11838836153268838,0.022634324221605794,0,0.0,0.0,0.0,0.0
BTC,2019-10-20,7973.65,8325.14,7911.67,8221.14,0.0,0.0,0.0,0.0,0.0,0.0,3.1038483003392394,0.05226077427395219,0,0.0,0.0,0.0,0.0
BTC,2019-10-21,8219.25,8350.88,8178.41,8229.02,0.0,0.0,0.0,0.0,0.0,0.0,0.11886729324452276,0.021088451178162913,0,0.0,0.0,0.0,0.0
BTC,2019-10-22,8225.23,8318.12,8105.38,8114.43,0.0,0.0,0.0,0.0,0.0,0.0,-1.3470747930452922,0.026246764494693733,0,0.0,0.0,0.0,0.0
BTC,2019-10-23,8114.33,8132.5,7344.89,7447.06,0.0,0.0,0.0,0.0,0.0,0.0,-8.223353006348024,0.1072323751615068,0,0.0,0.0,0.0,0.0
BTC,2019-10-24,7446.9,7522.51,7372.01,7463.66,0.0,0.0,0.0,0.0,0.0,0.0,0.22506009211887118,0.02041505640931035,0,0.0,0.0,0.0,0.0
BTC,2019-10-25,7463.13,8773.37,7434.96,8607.31,0.0,0.0,0.0,0.0,0.0,0.0,15.331101025977029,0.18001576336658176,0,0.0,0.0,0.0,0.0
BTC,2019-10-26,8607.0,10361.5,8600.05,9251.98,0.0,0.0,0.0,0.0,0.0,0.0,7.493667944696172,0.20481857663618244,0,0.0,0.0,0.0,0.0
BTC,2019-10-27,9252.08,9798.36,9116.78,9573.31,0.0,0.0,0.0,0.0,0.0,0.0,3.4719760313356516,0.07476104501808752,0,0.0,0.0,0.0,0.0
BTC,2019-10-28,9582.56,9934.04,9284.78,9466.28,0.0,0.0,0.0,0.0,0.0,0.0,-1.213454442236718,0.06992734345886496,0,0.0,0.0,0.0,0.0
BTC,2019-10-29,9469.34,9561.44,9126.09,9465.96,0.0,0.0,0.0,0.0,0.0,0.0,-0.035694145526520525,0.04770389071332853,0,0.0,0.0,0.0,0.0
BTC,2019-10-30,9464.0,9472.82,9018.3,9233.63,0.0,0.0,0.0,0.0,0.0,0.0,-2.434171597633145,0.05039974274530682,0,0.0,0.0,0.0,0.0
BTC,2019-10-31,9234.32,9415.03,8975.69,9135.13,0.0,0.0,0.0,0.0,0.0,0.0,-1.074145145500703,0.0489477689180442,0,0.0,0.0,0.0,0.0
BTC,2019-11-01,9134.76,9306.63,9072.95,9233.38,0.0,0.0,0.0,0.0,0.0,0.0,1.0796123817155456,0.02575568034652439,0,0.0,0.0,0.0,0.0
BTC,2019-11-02,9226.02,9397.1,9223.46,9315.29,0.0,0.0,0.0,0.0,0.0,0.0,0.9675894914600275,0.018825906980677667,0,0.0,0.0,0.0,0.0
BTC,2019-11-03,9317.79,9395.89,9109.24,9233.74,0.0,0.0,0.0,0.0,0.0,0.0,-0.9020379295949048,0.03146804782835886,0,0.0,0.0,0.0,0.0
BTC,2019-11-04,9237.35,9564.96,9141.34,9400.36,0.0,0.0,0.0,0.0,0.0,0.0,1.7646835943208843,0.04634112723079975,0,0.0,0.0,0.0,0.0
BTC,2019-11-05,9400.37,9491.65,9200.9,9345.21,0.0,0.0,0.0,0.0,0.0,0.0,-0.5867854137656461,0.03160016954863111,0,0.0,0.0,0.0,0.0
BTC,2019-11-06,9344.77,9451.8,9270.06,9349.77,0.0,0.0,0.0,0.0,0.0,0.0,0.053505864777838294,0.01960505109999286,0,0.0,0.0,0.0,0.0
BTC,2019-11-07,9346.78,9382.63,9117.77,9238.33,0.0,0.0,0.0,0.0,0.0,0.0,-1.1602926355386638,0.02904876960046138,0,0.0,0.0,0.0,0.0
BTC,2019-11-08,9236.09,9263.73,8687.33,8815.92,0.0,0.0,0.0,0.0,0.0,0.0,-4.549219420772211,0.0663494997887728,0,0.0,0.0,0.0,0.0
BTC,2019-11-09,8814.84,8880.5,8736.14,8829.71,0.0,0.0,0.0,0.0,0.0,0.0,0.16869279533149759,0.016524460459653875,0,0.0,0.0,0.0,0.0
BTC,2019-11-10,8817.62,9124.75,8768.47,9099.11,0.0,0.0,0.0,0.0,0.0,0.0,3.192358028583674,0.04063194605216197,0,0.0,0.0,0.0,0.0
BTC,2019-11-11,9099.31,9111.84,8626.18,8722.51,0.0,0.0,0.0,0.0,0.0,0.0,-4.140973326548928,0.05630070320814078,0,0.0,0.0,0.0,0.0
BTC,2019-11-12,8720.82,8861.9,8581.12,8779.07,0.0,0.0,0.0,0.0,0.0,0.0,0.6679417761173835,0.03272067049522659,0,0.0,0.0,0.0,0.0
BTC,2019-11-13,8780.44,8840.06,8721.81,8765.9,0.0,0.0,0.0,0.0,0.0,0.0,-0.16559534601911602,0.013557965605763025,0,0.0,0.0,0.0,0.0
BTC,2019-11-14,8762.03,8810.64,8585.67,8660.65,0.0,0.0,0.0,0.0,0.0,0.0,-1.157037809731318,0.02620296377568662,0,0.0,0.0,0.0,0.0
BTC,2019-11-15,8660.49,8770.54,8399.72,8514.21,0.0,0.0,0.0,0.0,0.0,0.0,-1.6890499267362544,0.04414670965222669,0,0.0,0.0,0.0,0.0
BTC,2019-11-16,8515.77,8538.84,8442.97,8495.65,0.0,0.0,0.0,0.0,0.0,0.0,-0.23626753658213878,0.011355008960117211,0,0.0,0.0,0.0,0.0
BTC,2019-11-17,8492.54,8636.73,8421.02,8555.82,0.0,0.0,0.0,0.0,0.0,0.0,0.7451245446003061,0.025615661760689218,0,0.0,0.0,0.0,0.0
BTC,2019-11-18,8555.74,8562.32,8080.38,8218.78,0.0,0.0,0.0,0.0,0.0,0.0,-3.938408600541848,0.0596432346003529,0,0.0,0.0,0.0,0.0
BTC,2019-11-19,8218.4,8223.51,8026.91,8142.49,0.0,0.0,0.0,0.0,0.0,0.0,-0.9236591063954037,0.02449261297311174,0,0.0,0.0,0.0,0.0
BTC,2019-11-20,8142.49,8229.45,8047.88,8098.46,0.0,0.0,0.0,0.0,0.0,0.0,-0.5407436791448286,0.022561221091765858,0,0.0,0.0,0.0,0.0
BTC,2019-11-21,8099.22,8132.88,7438.61,7631.28,0.0,0.0,0.0,0.0,0.0,0.0,-5.777593397882765,0.0933332974843419,0,0.0,0.0,0.0,0.0
BTC,2019-11-22,7631.77,7716.87,6820.53,7282.83,0.0,0.0,0.0,0.0,0.0,0.0,-4.572202778647686,0.13141793966158058,0,0.0,0.0,0.0,0.0
BTC,2019-11-23,7279.19,7364.23,7120.71,7327.02,0.0,0.0,0.0,0.0,0.0,0.0,0.6570786035259533,0.03419883691373466,0,0.0,0.0,0.0,0.0
BTC,2019-11-24,7326.9,7361.87,6961.43,7057.84,0.0,0.0,0.0,0.0,0.0,0.0,-3.6722215398053684,0.05752266416526484,0,0.0,0.0,0.0,0.0
BTC,2019-11-25,7056.29,7381.46,6561.6,7224.46,0.0,0.0,0.0,0.0,0.0,0.0,2.3832637264058034,0.12494818336990972,0,0.0,0.0,0.0,0.0
BTC,2019-11-26,7224.28,7344.1,7044.7,7158.25,0.0,0.0,0.0,0.0,0.0,0.0,-0.914001118450555,0.04250003548767166,0,0.0,0.0,0.0,0.0
BTC,2019-11-27,7158.25,7676.96,6877.2,7553.51,0.0,0.0,0.0,0.0,0.0,0.0,5.52174064890162,0.11629151398825106,0,0.0,0.0,0.0,0.0
BTC,2019-11-28,7555.17,7661.6,7397.3,7403.75,0.0,0.0,0.0,0.0,0.0,0.0,-2.004190507956804,0.03572925256512514,0,0.0,0.0,0.0,0.0
BTC,2019-11-29,7409.11,7865.56,7390.13,7751.55,0.0,0.0,0.0,0.0,0.0,0.0,4.621877661419529,0.06433310374783668,0,0.0,0.0,0.0,0.0
BTC,2019-11-30,7753.52,7817.61,7487.7,7567.19,0.0,0.0,0.0,0.0,0.0,0.0,-2.403166561768085,0.044060258824472114,0,0.0,0.0,0.0,0.0
BTC,2019-12-01,7567.21,7583.84,7262.64,7404.17,0.0,0.0,0.0,0.0,0.0,0.0,-2.15455894576733,0.044226341936265574,0,0.0,0.0,0.0,0.0
BTC,2019-12-02,7404.15,7464.66,7194.44,7350.45,0.0,0.0,0.0,0.0,0.0,1.0,-0.7252689370150499,0.037559559882353634,1,1.0,0.0,0.0,0.0
BTC,2019-12-03,7350.6,7418.23,7261.09,7329.16,0.0,0.0,0.0,0.0,0.0,1.0,-0.291676869915388,0.021641378911430573,1,1.0,1.0,0.0,0.0
BTC,2019-12-04,7330.14,7757.98,7113.67,7225.78,0.0,0.0,0.0,0.0,0.0,0.0,-1.4237108704608723,0.09057350144159056,0,0.0,1.0,1.0,0.0
BTC,2019-12-05,7226.27,7488.87,7176.53,7413.96,0.0,1.0,0.0,0.0,0.0,0.0,2.5973289124264607,0.04352242657663246,1,1.0,0.0,1.0,1.0
BTC,2019-12-06,7414.15,7601.2,7332.85,7537.64,0.0,0.0,1.0,0.0,0.0,1.0,1.6655988886116506,0.03659559380050041,1,2.0,1.0,0.0,1.0
BTC,2019-12-07,7536.85,7622.23,7503.38,7547.91,0.0,0.0,0.0,0.0,0.0,0.0,0.14674565634183365,0.015839528319237392,0,0.0,1.0,1.0,0.0
BTC,2019-12-08,7548.58,7592.33,7415.46,7573.33,0.0,0.0,0.0,0.0,0.0,0.0,0.3278762363252426,0.023851521011508375,0,0.0,0.0,1.0,1.0
BTC,2019-12-09,7573.03,7661.31,7306.74,7349.5,0.0,0.0,0.0,0.0,0.0,0.0,-2.951658715203819,0.04852642902306646,0,0.0,0.0,0.0,1.0
BTC,2019-12-10,7349.47,7395.22,7184.23,7252.82,1.0,1.0,0.0,0.0,1.0,1.0,-1.3150608139090376,0.029368491821670617,1,4.0,0.0,0.0,0.0
BTC,2019-12-11,7254.76,7284.7,7171.02,7213.93,0.0,0.0,0.0,0.0,0.0,2.0,-0.5628029045757533,0.015852695990249556,1,2.0,1.0,0.0,0.0
BTC,2019-12-12,7216.06,7301.13,7108.74,7203.83,0.0,0.0,0.0,0.0,0.0,1.0,-0.16948306970840699,0.027063867858439096,1,1.0,1.0,1.0,0.0
BTC,2019-12-13,7204.54,7305.37,7198.36,7250.99,0.0,0.0,1.0,0.0,0.0,1.0,0.6447323493241736,0.014865886118504801,1,2.0,1.0,1.0,1.0
BTC,2019-12-14,7251.42,7283.58,7033.63,7104.33,0.0,0.0,0.0,0.0,0.0,0.0,-2.0284302936528316,0.03553641576255786,0,0.0,1.0,1.0,1.0
BTC,2019-12-15,7104.31,7185.62,7030.7,7137.45,0.0,0.0,0.0,0.0,0.0,0.0,0.466477391893082,0.02203479027692834,0,0.0,0.0,1.0,1.0
BTC,2019-12-16,7137.11,7171.09,6870.63,6907.15,0.0,0.0,0.0,0.0,0.0,0.0,-3.2220324473071043,0.043731069785449085,0,0.0,0.0,0.0,1.0
BTC,2019-12-17,6906.22,6947.27,6596.57,6605.21,0.0,0.0,0.0,0.0,0.0,0.0,-4.358534770105791,0.053163992802320106,0,0.0,0.0,0.0,0.0
BTC,2019-12-18,6602.64,7367.05,6451.5,7367.05,0.0,0.0,0.0,0.0,0.0,0.0,11.577338761465109,0.1419127334728358,0,0.0,0.0,0.0,0.0
BTC,2019-12-19,7405.42,7437.66,7057.85,7164.23,0.0,0.0,0.0,0.0,0.0,0.0,-3.2569388366898906,0.05381383849189193,0,0.0,0.0,0.0,0.0
BTC,2019-12-20,7162.72,7233.9,7094.54,7211.61,0.0,0.0,0.0,1.0,0.0,1.0,0.6825619317800977,0.01964327496920162,1,2.0,0.0,0.0,0.0
BTC,2019-12-21,7209.95,7213.06,7136.49,7167.17,0.0,0.0,0.0,0.0,0.0,0.0,-0.5933466944985714,0.010729364155208039,0,0.0,1.0,0.0,0.0
BTC,2019-12-22,7167.25,7467.14,7143.26,7416.47,0.0,0.0,0.0,0.0,0.0,0.0,3.4772053437510935,0.045340642787746785,0,0.0,0.0,1.0,0.0
BTC,2019-12-23,7416.44,7694.44,7277.21,7301.59,0.0,0.0,0.0,0.0,0.0,0.0,-1.5485866534347943,0.05733378588772339,0,0.0,0.0,0.0,1.0
BTC,2019-12-24,7299.85,7427.74,7175.58,7252.81,0.0,0.0,0.0,0.0,0.0,0.0,-0.644396802674027,0.03514141017172129,0,0.0,0.0,0.0,0.0
BTC,2019-12-25,7252.22,7280.05,7132.3,7227.48,0.0,0.0,0.0,0.0,0.0,0.0,-0.341136920832527,0.020715617682935377,0,0.0,0.0,0.0,0.0
BTC,2019-12-26,7223.59,7439.62,7168.87,7209.49,0.0,0.0,0.0,0.0,0.0,1.0,-0.1951938025275571,0.037767458469744886,1,1.0,0.0,0.0,0.0
BTC,2019-12-27,7208.42,7267.46,7087.77,7249.33,0.0,0.0,0.0,0.0,0.0,0.0,0.5675307487632498,0.02535212062468161,0,0.0,1.0,0.0,0.0
BTC,2019-12-28,7249.92,7367.72,7239.5,7326.37,0.0,0.0,0.0,0.0,0.0,0.0,1.0544943944209013,0.017711167898335555,0,0.0,0.0,1.0,0.0
BTC,2019-12-29,7325.35,7539.04,7295.5,7410.48,0.0,0.0,0.0,0.0,0.0,0.0,1.1621287720040572,0.03338222191762045,0,0.0,0.0,0.0,1.0
BTC,2019-12-30,7411.01,7431.7,7224.87,7272.75,0.0,0.0,0.0,0.0,0.0,0.0,-1.8656026641442964,0.028627504716347826,0,0.0,0.0,0.0,0.0
BTC,2019-12-31,7273.15,7323.56,7141.98,7189.43,0.0,0.0,0.0,0.0,0.0,0.0,-1.1510830932951932,0.02542432210675483,0,0.0,0.0,0.0,0.0
BTC,2020-01-01,7187.75,7267.08,7171.82,7211.21,0.0,0.0,0.0,0.0,0.0,0.0,0.326388647351397,0.013282541948905609,0,0.0,0.0,0.0,0.0
BTC,2020-01-02,7203.58,7223.02,6946.18,6979.07,0.0,0.0,0.0,0.0,0.0,0.0,-3.1166447794013563,0.03985499943854034,0,0.0,0.0,0.0,0.0
BTC,2020-01-03,6979.05,7405.41,6882.62,7307.53,0.0,0.0,0.0,0.0,0.0,0.0,4.706657782936067,0.07595799274113636,0,0.0,0.0,0.0,0.0
BTC,2020-01-04,7307.18,7401.68,7280.41,7353.26,0.0,0.0,0.0,0.0,0.0,0.0,0.6306126303170296,0.01665702893106301,0,0.0,0.0,0.0,0.0
BTC,2020-01-05,7354.24,7500.83,7332.62,7355.25,0.0,0.0,0.0,0.0,0.0,0.0,0.013733574101473684,0.022939958705074044,0,0.0,0.0,0.0,0.0
BTC,2020-01-06,7355.62,7754.75,7336.35,7727.39,0.0,0.0,1.0,0.0,0.0,1.0,5.054230642692261,0.05703108494005869,1,2.0,0.0,0.0,0.0
BTC,2020-01-07,7722.68,8190.89,7722.68,8041.89,1.0,0.0,0.0,0.0,0.0,2.0,4.133409645356275,0.060627916733569175,1,3.0,1.0,0.0,0.0
BTC,2020-01-08,8042.88,8457.01,7877.96,8068.51,0.0,0.0,0.0,0.0,0.0,1.0,0.3186669451738694,0.07350253111211534,1,1.0,1.0,1.0,0.0
BTC,2020-01-09,8068.6,8109.66,7758.39,7810.08,2.0,0.0,0.0,1.0,0.0,2.0,-3.2040254814961755,0.04527614621074727,1,5.0,1.0,1.0,1.0
BTC,2020-01-10,7811.42,8135.78,7687.55,8089.62,0.0,0.0,0.0,1.0,0.0,2.0,3.5614523351708116,0.05830596223764392,1,3.0,1.0,1.0,1.0
BTC,2020-01-11,8090.56,8285.98,8013.96,8076.12,0.0,0.0,0.0,0.0,0.0,0.0,-0.17847961080568597,0.03394326899560261,0,0.0,1.0,1.0,1.0
BTC,2020-01-12,8075.96,8183.69,7972.39,8155.78,0.0,0.0,0.0,0.0,0.0,0.0,0.9883654698636412,0.026503971832787816,0,0.0,0.0,1.0,1.0
BTC,2020-01-13,8157.01,8198.97,8057.58,8122.41,0.0,0.0,0.0,0.0,0.0,0.0,-0.42417503472473816,0.017547452212699027,0,0.0,0.0,0.0,1.0
BTC,2020-01-14,8121.36,8836.94,8104.42,8746.92,0.0,0.0,0.0,0.0,0.0,1.0,7.7026507875528285,0.09038524656915614,1,1.0,0.0,0.0,0.0
BTC,2020-01-15,8738.07,8889.37,8561.03,8846.82,0.0,0.0,0.0,0.0,0.0,0.0,1.244554003343988,0.03835286174677581,0,0.0,1.0,0.0,0.0
BTC,2020-01-16,8845.06,8857.83,8587.4,8714.37,0.0,0.0,1.0,0.0,0.0,1.0,-1.4775479194035845,0.03149148752823908,1,2.0,0.0,1.0,0.0
BTC,2020-01-17,8714.08,9003.43,8665.99,8924.98,0.0,0.0,0.0,0.0,0.0,1.0,2.420221067513721,0.03893842480778313,1,1.0,1.0,0.0,1.0
BTC,2020-01-18,8923.42,8973.95,8807.88,8941.74,0.0,0.0,0.0,0.0,0.0,0.0,0.20530245130230013,0.018854707375668328,0,0.0,1.0,1.0,0.0
BTC,2020-01-19,8941.86,9176.7,8510.61,8636.45,0.0,0.0,0.0,0.0,0.0,0.0,-3.415508630195505,0.07826583523390217,0,0.0,0.0,1.0,1.0
BTC,2020-01-20,8636.3,8737.31,8525.0,8653.09,0.0,0.0,0.0,0.0,0.0,0.0,0.1944119588249699,0.024904398826979413,0,0.0,0.0,0.0,1.0
BTC,2020-01-21,8644.38,8767.61,8480.43,8714.72,0.0,0.0,0.0,0.0,0.0,0.0,0.8137078656884607,0.03386384888502119,0,0.0,0.0,0.0,0.0
BTC,2020-01-22,8713.23,8791.54,8585.37,8647.09,0.0,0.0,0.0,0.0,0.0,0.0,-0.7590755666956963,0.024014107720459345,0,0.0,0.0,0.0,0.0
BTC,2020-01-23,8647.1,8678.87,8292.12,8402.73,0.0,0.0,0.0,0.0,0.0,0.0,-2.826034161742096,0.046640666078156125,0,0.0,0.0,0.0,0.0
BTC,2020-01-24,8404.32,8515.44,8226.0,8455.93,0.0,0.0,0.0,0.0,0.0,0.0,0.6140889447331919,0.03518599562363245,0,0.0,0.0,0.0,0.0
BTC,2020-01-25,8456.61,8462.65,8263.42,8349.44,0.0,0.0,0.0,0.0,0.0,0.0,-1.267292685839835,0.024109872183672082,0,0.0,0.0,0.0,0.0
BTC,2020-01-26,8348.03,8603.81,8303.15,8564.38,0.0,0.0,0.0,0.0,0.0,0.0,2.5916294023859345,0.03621035390183242,0,0.0,0.0,0.0,0.0
BTC,2020-01-27,8565.12,8987.48,8563.12,8896.41,0.0,0.0,0.0,0.0,0.0,0.0,3.8678967720241983,0.04955670363138654,0,0.0,0.0,0.0,0.0
BTC,2020-01-28,8898.06,9181.73,8881.61,9142.73,0.0,0.0,0.0,0.0,0.0,0.0,2.749700496512724,0.03379117074494365,0,0.0,0.0,0.0,0.0
BTC,2020-01-29,9143.95,9429.13,9117.96,9329.68,0.0,0.0,0.0,0.0,0.0,0.0,2.0311790856249163,0.03412715124874425,0,0.0,0.0,0.0,0.0
BTC,2020-01-30,9329.72,9559.04,9193.82,9554.64,0.0,0.0,0.0,0.0,0.0,0.0,2.4107904631650263,0.03972451059516079,0,0.0,0.0,0.0,0.0
BTC,2020-01-31,9557.75,9559.58,9211.87,9397.12,0.0,0.0,0.0,0.0,0.0,0.0,-1.6806256702675757,0.037745864846116924,0,0.0,0.0,0.0,0.0
BTC,2020-02-01,9398.1,9455.61,9296.87,9372.78,0.0,0.0,0.0,0.0,0.0,0.0,-0.26941615858524287,0.0170745638048074,0,0.0,0.0,0.0,0.0
BTC,2020-02-02,9372.66,9469.59,9171.78,9392.97,0.0,0.0,0.0,0.0,0.0,0.0,0.21669408684407088,0.032470251139909534,0,0.0,0.0,0.0,0.0
BTC,2020-02-03,9391.22,9602.18,9234.61,9273.94,0.0,0.0,0.0,0.0,0.0,0.0,-1.2488260311226747,0.0398035217513246,0,0.0,0.0,0.0,0.0
BTC,2020-02-04,9273.29,9346.98,9089.96,9180.92,0.0,0.0,0.0,0.0,0.0,0.0,-0.9960866100380857,0.028275151925861112,0,0.0,0.0,0.0,0.0
BTC,2020-02-05,9180.71,9745.63,9156.8,9622.73,0.0,0.0,0.0,0.0,0.0,0.0,4.814660304050563,0.06430521579591124,0,0.0,0.0,0.0,0.0
BTC,2020-02-06,9622.81,9852.31,9534.37,9677.88,0.0,0.0,0.0,0.0,0.0,0.0,0.5722860578147102,0.03334672348566278,0,0.0,0.0,0.0,0.0
BTC,2020-02-07,9676.87,9863.62,9657.23,9792.8,0.0,0.0,0.0,0.0,0.0,0.0,1.1980113404437434,0.02137155271232033,0,0.0,0.0,0.0,0.0
BTC,2020-02-08,9792.65,9935.87,9665.42,9914.39,0.0,0.0,0.0,0.0,0.0,0.0,1.2431772809198713,0.027981194816159124,0,0.0,0.0,0.0,0.0
BTC,2020-02-09,9913.46,10161.3,9882.13,10113.0,0.0,0.0,0.0,0.0,0.0,0.0,2.012818935064053,0.028249982544249073,0,0.0,0.0,0.0,0.0
BTC,2020-02-10,10112.3,10185.1,9762.66,9839.53,0.0,0.0,0.0,0.0,0.0,0.0,-2.697408106958839,0.04327099376604333,0,0.0,0.0,0.0,0.0
BTC,2020-02-11,9841.06,10365.6,9716.75,10229.9,0.0,0.0,0.0,0.0,0.0,0.0,3.951200378820982,0.06677644274062833,0,0.0,0.0,0.0,0.0
BTC,2020-02-12,10229.2,10470.1,10215.4,10353.9,1.0,0.0,0.0,0.0,0.0,1.0,1.2190591639619803,0.02493294437809589,1,2.0,0.0,0.0,0.0
BTC,2020-02-13,10353.3,10499.5,10091.5,10214.6,0.0,0.0,0.0,0.0,0.0,0.0,-1.3396694773646947,0.0404300649061091,0,0.0,1.0,0.0,0.0
BTC,2020-02-14,10213.8,10387.4,10105.7,10364.2,0.0,0.0,0.0,0.0,0.0,0.0,1.472517574262287,0.02787535747152586,0,0.0,0.0,1.0,0.0
BTC,2020-02-15,10363.5,10387.8,9797.13,9924.81,0.0,0.0,0.0,0.0,0.0,0.0,-4.233029381965557,0.060290105367592356,0,0.0,0.0,0.0,1.0
BTC,2020-02-16,9924.8,10041.2,9640.84,9872.16,0.0,0.0,0.0,0.0,0.0,0.0,-0.5303885216830508,0.04152750175295934,0,0.0,0.0,0.0,0.0
BTC,2020-02-17,9875.03,9993.59,9485.68,9636.3,0.0,0.0,0.0,0.0,0.0,1.0,-2.4175116430026176,0.053544922451526915,1,1.0,0.0,0.0,0.0
BTC,2020-02-18,9634.52,10270.8,9620.75,10181.5,0.0,0.0,0.0,0.0,0.0,1.0,5.677293731291227,0.06756749733648616,1,1.0,1.0,0.0,0.0
BTC,2020-02-19,10180.7,10296.3,9355.55,9691.02,0.0,0.0,0.0,0.0,0.0,1.0,-4.809885371339891,0.10055528536537137,1,1.0,1.0,1.0,0.0
BTC,2020-02-20,9690.09,9694.5,9410.69,9628.55,0.0,0.0,0.0,0.0,0.0,0.0,-0.6350818207054927,0.03015825619587931,0,0.0,1.0,1.0,1.0
BTC,2020-02-21,9628.61,9765.34,9582.36,9677.7,1.0,0.0,0.0,0.0,0.0,0.0,0.5098347528874899,0.01909550465647289,1,1.0,0.0,1.0,1.0
BTC,2020-02-22,9676.69,9726.73,9578.48,9686.48,0.0,0.0,0.0,0.0,0.0,0.0,0.10117095825121043,0.015477403512874695,0,0.0,1.0,0.0,1.0
BTC,2020-02-23,9683.12,10010.2,9669.93,9925.76,0.0,0.0,0.0,0.0,0.0,0.0,2.505803914440794,0.03518846568692849,0,0.0,0.0,1.0,0.0
BTC,2020-02-24,9930.66,10018.7,9497.04,9650.26,1.0,0.0,0.0,0.0,0.0,2.0,-2.82357869466883,0.054928693571891854,1,3.0,0.0,0.0,1.0
BTC,2020-02-25,9649.06,9680.98,9263.9,9388.37,0.0,0.0,1.0,0.0,0.0,1.0,-2.701713949338057,0.04502207493604205,1,2.0,1.0,0.0,0.0
BTC,2020-02-26,9390.18,9390.43,8658.66,8798.22,1.0,0.0,0.0,0.0,0.0,1.0,-6.304032510558913,0.08451307708121124,1,2.0,1.0,1.0,0.0
BTC,2020-02-27,8795.68,8977.62,8542.53,8805.91,0.0,0.0,1.0,1.0,0.0,1.0,0.11630709621086219,0.050932217972895634,1,3.0,1.0,1.0,1.0
BTC,2020-02-28,8797.66,8907.9,8455.92,8796.17,0.0,0.0,0.0,0.0,0.0,0.0,-0.016936321703723282,0.05345130985155957,0,0.0,1.0,1.0,1.0
BTC,2020-02-29,8802.25,8818.59,8608.11,8655.5,0.0,0.0,0.0,0.0,0.0,0.0,-1.6671873668664263,0.024451360403154647,0,0.0,0.0,1.0,1.0
BTC,2020-03-01,8655.77,8775.71,8445.67,8565.58,0.0,0.0,0.0,0.0,0.0,0.0,-1.041963915399791,0.03907801275683268,0,0.0,0.0,0.0,1.0
BTC,2020-03-02,8568.82,8980.82,8523.16,8941.39,0.0,0.0,0.0,0.0,0.0,0.0,4.347973233187297,0.05369604700604,0,0.0,0.0,0.0,0.0
BTC,2020-03-03,8936.53,8939.89,8680.59,8792.87,0.0,0.0,0.0,0.0,0.0,0.0,-1.6075590861329827,0.02987124147091376,0,0.0,0.0,0.0,0.0
BTC,2020-03-04,8791.22,8862.82,8695.82,8765.47,0.0,0.0,0.0,0.0,0.0,0.0,-0.29290587654500744,0.01920462935065353,0,0.0,0.0,0.0,0.0
BTC,2020-03-05,8766.56,9178.43,8761.22,9082.8,1.0,0.0,0.0,0.0,0.0,1.0,3.6073442718694655,0.0476200803084503,1,2.0,0.0,0.0,0.0
BTC,2020-03-06,9082.49,9183.12,9015.72,9125.93,0.0,0.0,0.0,1.0,0.0,1.0,0.4782829378287288,0.018567568646763816,1,2.0,1.0,0.0,0.0
BTC,2020-03-07,9126.1,9216.51,8882.64,8945.86,0.0,0.0,0.0,1.0,0.0,1.0,-1.9749947951479798,0.0375867985193592,1,2.0,1.0,1.0,0.0
BTC,2020-03-08,8945.78,8947.83,8191.88,8194.35,0.0,0.0,0.0,0.0,0.0,0.0,-8.399826510376961,0.09228040449811274,0,0.0,1.0,1.0,1.0
BTC,2020-03-09,8191.99,8264.82,7665.32,7894.55,0.0,0.0,1.0,0.0,0.0,1.0,-3.630863807206791,0.07820938982325591,1,2.0,0.0,1.0,1.0
BTC,2020-03-10,7891.96,8164.18,7761.11,7972.45,0.0,0.0,0.0,0.0,0.0,1.0,1.0198987323808,0.05193458152248849,1,1.0,1.0,0.0,1.0
BTC,2020-03-11,7971.21,7996.26,7618.7,7983.29,0.0,0.0,0.0,0.0,0.0,0.0,0.15154537391437345,0.04955701103862869,0,0.0,1.0,1.0,0.0
BTC,2020-03-12,7976.18,7989.08,5587.25,5804.22,0.0,0.0,0.0,0.0,0.0,1.0,-27.230579049118752,0.4298769519889033,1,1.0,0.0,1.0,1.0
BTC,2020-03-13,5808.99,5982.35,3953.37,5664.34,1.0,0.0,0.0,0.0,0.0,0.0,-2.490105853168961,0.513227954884061,1,1.0,1.0,0.0,1.0
BTC,2020-03-14,5663.01,5762.0,5204.51,5292.41,0.0,0.0,0.0,0.0,0.0,0.0,-6.5442229485732915,0.10711671223611824,0,0.0,1.0,1.0,0.0
BTC,2020-03-15,5286.12,5951.2,5073.58,5362.88,0.0,0.0,0.0,0.0,0.0,0.0,1.452104757364574,0.17297844914242014,0,0.0,0.0,1.0,1.0
BTC,2020-03-16,5359.53,5448.2,4459.22,4945.02,0.0,1.0,0.0,0.0,0.0,1.0,-7.734073696760711,0.2217831818120657,1,2.0,0.0,0.0,1.0
BTC,2020-03-17,4947.51,5561.43,4927.98,5464.0,0.0,0.0,0.0,0.0,0.0,1.0,10.439392745037397,0.12854151193795446,1,1.0,1.0,0.0,0.0
BTC,2020-03-18,5460.8,5463.67,5033.38,5364.51,0.0,0.0,1.0,0.0,0.0,1.0,-1.7632947553472011,0.08548728687283694,1,2.0,1.0,1.0,0.0
BTC,2020-03-19,5365.51,6415.91,5268.33,6300.94,0.0,0.0,0.0,0.0,0.0,0.0,17.43413021315773,0.2178261422500109,0,0.0,1.0,1.0,1.0
BTC,2020-03-20,6303.2,6921.28,5703.98,6192.29,0.0,0.0,0.0,0.0,0.0,0.0,-1.759582434319074,0.2134123892440016,0,0.0,0.0,1.0,1.0
BTC,2020-03-21,6171.54,6459.65,5894.61,6175.12,0.0,0.0,0.0,0.0,0.0,0.0,0.05800821188876564,0.09585706263857999,0,0.0,0.0,0.0,1.0
BTC,2020-03-22,6175.12,6410.9,5812.01,5884.5,0.0,0.0,0.0,0.0,0.0,0.0,-4.706305302569017,0.10304352538966716,0,0.0,0.0,0.0,0.0
BTC,2020-03-23,5884.5,6614.56,5703.64,6469.2,0.0,0.0,0.0,0.0,0.0,1.0,9.936273260260002,0.15970853700443927,1,1.0,0.0,0.0,0.0
BTC,2020-03-24,6469.2,6837.2,6408.98,6786.43,0.0,0.0,0.0,0.0,0.0,1.0,4.903697520558964,0.06681562432711606,1,1.0,1.0,0.0,0.0
BTC,2020-03-25,6786.04,6978.39,6483.69,6676.03,0.0,0.0,0.0,0.0,0.0,1.0,-1.6211221861350686,0.07629914446865917,1,1.0,1.0,1.0,0.0
BTC,2020-03-26,6699.66,6792.73,6543.99,6726.52,0.0,0.0,0.0,0.0,0.0,0.0,0.40091586737238283,0.03801044928247137,0,0.0,1.0,1.0,1.0
BTC,2020-03-27,6723.31,6871.65,6596.34,6685.97,0.0,0.0,1.0,0.0,0.0,0.0,-0.5553812036035842,0.04173678130599688,1,1.0,0.0,1.0,1.0
BTC,2020-03-28,6684.98,6684.98,6061.28,6229.96,0.0,0.0,0.0,0.0,0.0,0.0,-6.806602263581933,0.1028990576247921,0,0.0,1.0,0.0,1.0
BTC,2020-03-29,6229.08,6286.87,5883.82,5914.65,0.0,0.0,0.0,0.0,0.0,0.0,-5.047775915544515,0.06850141574691275,0,0.0,0.0,1.0,0.0
BTC,2020-03-30,5912.8,6578.29,5874.97,6545.53,0.0,0.0,0.0,1.0,0.0,0.0,10.701021512650513,0.11971465386206222,1,1.0,0.0,0.0,1.0
BTC,2020-03-31,6547.7,6614.08,6354.48,6458.95,0.0,0.0,0.0,0.0,0.0,0.0,-1.3554377873146295,0.04085306744218258,0,0.0,1.0,0.0,0.0
BTC,2020-04-01,6458.39,6468.38,6171.55,6376.67,0.0,0.0,0.0,0.0,0.0,0.0,-1.2653308332262414,0.04809650736038757,0,0.0,0.0,1.0,0.0
BTC,2020-04-02,6376.75,7234.86,6375.42,6844.73,0.0,0.0,0.0,0.0,0.0,1.0,7.338848159328805,0.1348052363608985,1,1.0,0.0,0.0,1.0
BTC,2020-04-03,6841.24,7043.56,6622.82,6738.37,0.0,0.0,0.0,0.0,0.0,1.0,-1.5036747724096786,0.06352882910905033,1,1.0,1.0,0.0,0.0
BTC,2020-04-04,6739.64,6993.65,6681.78,6878.93,0.0,0.0,0.0,0.0,0.0,0.0,2.0667275996937513,0.046674688481213075,0,0.0,1.0,1.0,0.0
BTC,2020-04-05,6881.11,6909.72,6692.04,6768.56,0.0,0.0,0.0,0.0,0.0,0.0,-1.6356372736375278,0.03252819767963137,0,0.0,0.0,1.0,1.0
BTC,2020-04-06,6768.65,7318.78,6768.65,7299.91,0.0,0.0,0.0,0.0,0.0,0.0,7.848832485059802,0.08127617767206166,0,0.0,0.0,0.0,1.0
BTC,2020-04-07,7300.54,7460.26,7085.64,7185.13,0.0,0.0,0.0,0.0,0.0,0.0,-1.5808419651149073,0.05287031235004881,0,0.0,0.0,0.0,0.0
BTC,2020-04-08,7179.96,7423.58,7141.61,7334.54,1.0,0.0,0.0,0.0,0.0,0.0,2.1529367851631473,0.03948269367831627,1,1.0,0.0,0.0,0.0
BTC,2020-04-09,7335.15,7395.43,7129.89,7317.62,0.0,0.0,0.0,1.0,0.0,1.0,-0.23898625113323851,0.03724321132584092,1,2.0,1.0,0.0,0.0
BTC,2020-04-10,7319.58,7322.25,6764.19,6906.14,0.0,0.0,0.0,0.0,0.0,0.0,-5.648411520879608,0.08250211777019871,0,0.0,1.0,1.0,0.0
BTC,2020-04-11,6905.45,6955.1,6786.12,6874.99,0.0,0.0,0.0,0.0,0.0,0.0,-0.44110086960299527,0.02490082698213419,0,0.0,0.0,1.0,1.0
BTC,2020-04-12,6876.99,7199.78,6802.88,7131.02,0.0,0.0,0.0,0.0,0.0,0.0,3.693912598389712,0.05834293710898908,0,0.0,0.0,0.0,1.0
BTC,2020-04-13,7131.09,7150.12,6614.68,6843.65,0.0,0.0,0.0,0.0,0.0,0.0,-4.030800340480916,0.08094722647202882,0,0.0,0.0,0.0,0.0
BTC,2020-04-14,6845.05,6985.52,6777.86,6861.58,0.0,0.0,0.0,0.0,0.0,0.0,0.24148837481099109,0.030637988981773123,0,0.0,0.0,0.0,0.0
BTC,2020-04-15,6863.38,6937.04,6697.41,6743.5,0.0,0.0,0.0,0.0,0.0,0.0,-1.7466612660234477,0.035779502822732984,0,0.0,0.0,0.0,0.0
BTC,2020-04-16,6743.32,7127.56,6493.53,7081.18,0.0,0.0,0.0,0.0,0.0,0.0,5.010291666419517,0.09764026654223522,0,0.0,0.0,0.0,0.0
BTC,2020-04-17,7081.09,7203.68,7006.2,7052.61,0.0,0.0,0.0,1.0,0.0,2.0,-0.40219796669722413,0.02818646341811545,1,3.0,0.0,0.0,0.0
BTC,2020-04-18,7052.53,7274.71,7034.38,7230.87,0.0,0.0,0.0,0.0,0.0,0.0,2.528737913911747,0.034165057901336,0,0.0,1.0,0.0,0.0
BTC,2020-04-19,7230.93,7301.82,7072.6,7205.19,0.0,0.0,0.0,0.0,0.0,0.0,-0.35597080873415576,0.032409580635127014,0,0.0,0.0,1.0,0.0
BTC,2020-04-20,7201.81,7222.48,6772.31,6861.8,1.0,0.0,0.0,0.0,0.0,0.0,-4.721174260359551,0.06647214908945384,1,1.0,0.0,0.0,1.0
BTC,2020-04-21,6860.42,6947.49,6781.25,6902.73,0.0,0.0,0.0,0.0,1.0,1.0,0.616726089656311,0.02451465437788015,1,2.0,1.0,0.0,0.0
BTC,2020-04-22,6903.1,7164.36,6831.66,7102.66,0.0,0.0,0.0,0.0,0.0,0.0,2.8908751140791744,0.04869973037299863,0,0.0,1.0,1.0,0.0
BTC,2020-04-23,7102.77,7726.49,7041.81,7602.88,0.0,0.0,0.0,0.0,0.0,0.0,7.041055813436162,0.09723068358845231,0,0.0,0.0,1.0,1.0
BTC,2020-04-24,7600.1,7606.41,7414.86,7515.94,0.0,0.0,0.0,0.0,0.0,0.0,-1.107353850607239,0.0258332591579612,0,0.0,0.0,0.0,1.0
BTC,2020-04-25,7512.97,7704.84,7448.13,7532.02,0.0,0.0,0.0,0.0,0.0,0.0,0.2535615076328027,0.03446636941084541,0,0.0,0.0,0.0,0.0
BTC,2020-04-26,7532.02,7705.21,7506.62,7633.16,0.0,0.0,0.0,0.0,0.0,0.0,1.3428004705244996,0.02645531544157026,0,0.0,0.0,0.0,0.0
BTC,2020-04-27,7634.78,7789.4,7590.36,7739.75,0.0,0.0,0.0,0.0,0.0,1.0,1.3748922693253802,0.02622273515353685,1,1.0,0.0,0.0,0.0
BTC,2020-04-28,7737.57,7790.82,7673.01,7739.38,0.0,0.0,0.0,0.0,0.0,0.0,0.02339235703199325,0.015353818123526423,0,0.0,1.0,0.0,0.0
BTC,2020-04-29,7737.76,8945.91,7730.76,8868.36,0.0,0.0,0.0,0.0,0.0,0.0,14.611463782800193,0.15718376977166534,0,0.0,0.0,1.0,0.0
BTC,2020-04-30,8867.43,9457.54,8420.88,8766.97,0.0,0.0,0.0,0.0,0.0,0.0,-1.1329099863207373,0.12310589867092296,0,0.0,0.0,0.0,1.0
BTC,2020-05-01,8764.21,9062.29,8601.95,8847.22,0.0,0.0,0.0,0.0,1.0,0.0,0.9471475466699248,0.053515772586448435,1,1.0,0.0,0.0,0.0
BTC,2020-05-02,8849.01,9012.25,8777.69,8938.49,0.0,0.0,0.0,0.0,0.0,0.0,1.011186562112593,0.02672229253938103,0,0.0,1.0,0.0,0.0
BTC,2020-05-03,8936.93,9197.17,8739.56,8862.19,0.0,0.0,0.0,0.0,0.0,0.0,-0.8363050846319685,0.05236075958057392,0,0.0,0.0,1.0,0.0
BTC,2020-05-04,8860.19,8962.39,8539.04,8952.17,0.0,0.0,0.0,0.0,0.0,1.0,1.038126721887449,0.04957817272199199,1,1.0,0.0,0.0,1.0
BTC,2020-05-05,8952.3,9116.41,8785.25,8972.98,0.0,0.0,0.0,0.0,0.0,0.0,0.231002088848679,0.03769500014228393,0,0.0,1.0,0.0,0.0
BTC,2020-05-06,8972.68,9391.01,8924.47,9293.71,0.0,0.0,0.0,0.0,0.0,1.0,3.577860795213903,0.05227649373015999,1,1.0,0.0,1.0,0.0
BTC,2020-05-07,9293.51,9961.47,9059.18,9883.19,0.0,0.0,0.0,0.0,0.0,0.0,6.345073067118885,0.0995995222525658,0,0.0,1.0,0.0,1.0
BTC,2020-05-08,9882.01,10061.1,9735.91,10011.1,0.0,0.0,0.0,0.0,0.0,0.0,1.3063131893207975,0.033401089369149935,0,0.0,0.0,1.0,0.0
BTC,2020-05-09,10012.9,10015.5,9528.95,9607.33,0.0,0.0,0.0,0.0,0.0,0.0,-4.050474887395257,0.05106019026230584,0,0.0,0.0,0.0,1.0
BTC,2020-05-10,9607.63,9673.92,8258.16,8726.03,0.0,0.0,0.0,0.0,0.0,0.0,-9.176040292975465,0.17143770525153307,0,0.0,0.0,0.0,0.0
BTC,2020-05-11,8724.44,9155.83,8242.53,8577.82,0.0,0.0,0.0,0.0,0.0,0.0,-1.6805663171504508,0.11080335770691756,0,0.0,0.0,0.0,0.0
BTC,2020-05-12,8578.46,8974.82,8513.19,8751.62,0.0,0.0,0.0,0.0,0.0,0.0,2.0185441209727815,0.054225266909348806,0,0.0,0.0,0.0,0.0
BTC,2020-05-13,8752.91,9406.17,8752.91,9363.05,0.0,0.0,0.0,0.0,0.0,0.0,6.970710312341833,0.07463346475629251,0,0.0,0.0,0.0,0.0
BTC,2020-05-14,9361.78,9933.09,9266.52,9781.12,0.0,0.0,0.0,0.0,0.0,0.0,4.47927637692832,0.07193315289882282,0,0.0,0.0,0.0,0.0
BTC,2020-05-15,9779.64,9844.79,9163.55,9414.35,0.0,0.0,0.0,0.0,0.0,0.0,-3.735209067000412,0.07434236731397784,0,0.0,0.0,0.0,0.0
BTC,2020-05-16,9416.91,9575.1,9227.65,9383.53,0.0,0.0,0.0,0.0,0.0,0.0,-0.35446871638360355,0.037653140290323184,0,0.0,0.0,0.0,0.0
BTC,2020-05-17,9383.32,9883.98,9337.27,9761.77,0.0,0.0,0.0,0.0,0.0,0.0,4.033220651112834,0.058551375294920154,0,0.0,0.0,0.0,0.0
BTC,2020-05-18,9761.56,9940.71,9502.07,9683.76,0.0,0.0,0.0,0.0,0.0,0.0,-0.7970037575961144,0.04616257299725212,0,0.0,0.0,0.0,0.0
BTC,2020-05-19,9683.67,9890.48,9480.02,9684.7,0.0,0.0,0.0,0.0,0.0,1.0,0.010636463241732265,0.04329737700975305,1,1.0,0.0,0.0,0.0
BTC,2020-05-20,9684.32,9828.37,9329.82,9549.99,0.0,0.0,0.0,0.0,0.0,0.0,-1.3870875807490866,0.05343618633585655,0,0.0,1.0,0.0,0.0
BTC,2020-05-21,9549.93,9567.93,8812.57,9101.77,0.0,0.0,0.0,1.0,0.0,1.0,-4.6928092666647805,0.08571392908084709,1,2.0,0.0,1.0,0.0
BTC,2020-05-22,9101.83,9262.58,8940.3,9206.07,0.0,0.0,0.0,0.0,0.0,0.0,1.1452641941235968,0.03604800733756146,0,0.0,1.0,0.0,1.0
BTC,2020-05-23,9206.26,9310.17,9102.99,9228.94,0.0,0.0,0.0,0.0,0.0,0.0,0.24635411122432227,0.022759554827589647,0,0.0,0.0,1.0,0.0
BTC,2020-05-24,9229.05,9306.63,8867.25,9055.57,0.0,0.0,0.0,0.0,0.0,0.0,-1.8797167639139412,0.0495508754123318,0,0.0,0.0,0.0,1.0
BTC,2020-05-25,9058.01,9070.08,8642.57,8900.96,0.0,0.0,0.0,1.0,0.0,1.0,-1.733824537619202,0.04946561034507099,1,2.0,0.0,0.0,0.0
BTC,2020-05-26,8901.53,9011.05,8706.55,8849.2,1.0,0.0,0.0,0.0,0.0,1.0,-0.5878764661805321,0.03497366924901368,1,2.0,1.0,0.0,0.0
BTC,2020-05-27,8847.34,9217.09,8807.15,9066.03,0.0,0.0,0.0,0.0,0.0,0.0,2.471816387750448,0.04654627206303975,0,0.0,1.0,1.0,0.0
BTC,2020-05-28,9066.34,9523.58,9062.74,9439.21,0.0,0.0,0.0,0.0,0.0,0.0,4.112684942325116,0.05084996369751313,0,0.0,0.0,1.0,1.0
BTC,2020-05-29,9437.5,9616.93,9346.95,9390.35,0.0,0.0,0.0,0.0,1.0,1.0,-0.4996026490066187,0.028884288457732152,1,2.0,0.0,0.0,1.0
BTC,2020-05-30,9392.19,9578.52,9340.6,9482.7,0.0,0.0,0.0,0.0,0.0,0.0,0.9636730091703875,0.025471597113675786,0,0.0,1.0,0.0,0.0
BTC,2020-05-31,9483.14,9735.11,9429.2,9463.44,0.0,0.0,0.0,0.0,0.0,0.0,-0.20773709973699542,0.03244283714419037,0,0.0,0.0,1.0,0.0
BTC,2020-06-01,9463.42,9688.51,9403.63,9651.85,0.0,0.0,0.0,0.0,0.0,0.0,1.9911406235800617,0.03029468407412893,0,0.0,0.0,0.0,1.0
BTC,2020-06-02,9653.98,10357.6,9349.83,9523.86,0.0,0.0,0.0,0.0,0.0,0.0,-1.347837886550407,0.10778484742503344,0,0.0,0.0,0.0,0.0
BTC,2020-06-03,9523.87,9627.65,9416.19,9583.71,0.0,0.0,0.0,0.0,0.0,0.0,0.6283160101933176,0.02245706596829494,0,0.0,0.0,0.0,0.0
BTC,2020-06-04,9584.53,9872.94,9471.57,9777.66,0.0,1.0,0.0,0.0,0.0,1.0,2.015017950801961,0.04237629030878733,1,2.0,0.0,0.0,0.0
BTC,2020-06-05,9777.92,9852.65,9620.66,9660.67,1.0,0.0,0.0,0.0,0.0,0.0,-1.199130285377667,0.024113730243039436,1,1.0,1.0,0.0,0.0
BTC,2020-06-06,9662.82,9728.34,9537.12,9695.04,0.0,0.0,0.0,0.0,0.0,0.0,0.3334430321583261,0.020050078010971795,0,0.0,1.0,1.0,0.0
BTC,2020-06-07,9695.2,9802.38,9412.28,9710.79,0.0,0.0,0.0,0.0,0.0,0.0,0.16080122122287466,0.041445855839392635,0,0.0,0.0,1.0,1.0
BTC,2020-06-08,9710.78,9788.91,9660.75,9712.79,0.0,0.0,0.0,0.0,0.0,0.0,0.020698646246750708,0.01326605077245554,0,0.0,0.0,0.0,1.0
BTC,2020-06-09,9711.31,9877.63,9611.18,9822.91,0.0,0.0,0.0,0.0,0.0,0.0,1.149175548921828,0.027722922679629235,0,0.0,0.0,0.0,0.0
BTC,2020-06-10,9822.93,9987.37,9709.39,9854.13,0.0,0.0,0.0,0.0,0.0,2.0,0.31762417119941716,0.02863001692176351,1,2.0,0.0,0.0,0.0
BTC,2020-06-11,9855.21,9969.57,9095.89,9345.62,0.0,0.0,0.0,0.0,0.0,0.0,-5.170767543258829,0.09605217301440544,0,0.0,1.0,0.0,0.0
BTC,2020-06-12,9345.14,9547.68,9239.78,9439.64,0.0,0.0,0.0,0.0,0.0,1.0,1.0112208056808139,0.03332330423451636,1,1.0,0.0,1.0,0.0
BTC,2020-06-13,9440.23,9490.34,9366.23,9424.64,0.0,0.0,0.0,0.0,0.0,0.0,-0.1651442814422969,0.013250795677663327,0,0.0,1.0,0.0,1.0
BTC,2020-06-14,9425.01,9479.33,9316.89,9338.84,0.0,0.0,0.0,0.0,0.0,0.0,-0.9142695869818713,0.017435002452535184,0,0.0,0.0,1.0,0.0
BTC,2020-06-15,9340.39,9497.16,8910.56,9437.14,1.0,1.0,0.0,0.0,0.0,1.0,1.0358239859363474,0.06583200158014764,1,3.0,0.0,0.0,1.0
BTC,2020-06-16,9437.39,9581.72,9383.65,9507.66,0.0,0.0,0.0,0.0,0.0,0.0,0.7445914601388778,0.021107991026945775,0,0.0,1.0,0.0,0.0
BTC,2020-06-17,9506.29,9548.34,9247.23,9409.8,0.0,0.0,0.0,0.0,0.0,1.0,-1.0150121656293,0.03256218348629812,1,1.0,0.0,1.0,0.0
BTC,2020-06-18,9409.64,9479.47,9277.98,9366.75,0.0,0.0,0.0,0.0,0.0,0.0,-0.45580914891536145,0.021717011677110726,0,0.0,1.0,0.0,1.0
BTC,2020-06-19,9365.07,9419.9,9239.6,9324.16,0.0,0.0,0.0,0.0,0.0,0.0,-0.43683603005636745,0.01951383176760891,0,0.0,0.0,1.0,0.0
BTC,2020-06-20,9324.94,9352.55,9184.09,9339.38,0.0,0.0,0.0,0.0,0.0,0.0,0.1548535432935621,0.018342590283849474,0,0.0,0.0,0.0,1.0
BTC,2020-06-21,9339.37,9413.96,9305.03,9328.56,0.0,0.0,0.0,0.0,0.0,0.0,-0.11574656534649884,0.011706571606969399,0,0.0,0.0,0.0,0.0
BTC,2020-06-22,9328.63,9773.86,9282.75,9690.25,0.0,0.0,0.0,0.0,0.0,0.0,3.876453455652125,0.05290565834477936,0,0.0,0.0,0.0,0.0
BTC,2020-06-23,9689.26,9720.09,9581.07,9649.24,0.0,0.0,0.0,0.0,0.0,1.0,-0.41303463835215937,0.014509861633408424,1,1.0,0.0,0.0,0.0
BTC,2020-06-24,9648.6,9664.38,9209.0,9265.66,0.0,0.0,0.0,0.0,0.0,1.0,-3.968865949464176,0.04944945162341179,1,1.0,1.0,0.0,0.0
BTC,2020-06-25,9265.2,9328.81,9005.67,9301.57,0.0,0.0,0.0,0.0,0.0,0.0,0.39254414367740553,0.03588183888594623,0,0.0,1.0,1.0,0.0
BTC,2020-06-26,9301.64,9309.94,9045.11,9174.83,0.0,0.0,0.0,0.0,0.0,0.0,-1.3633079757978108,0.02927880368508508,0,0.0,0.0,1.0,1.0
BTC,2020-06-27,9175.15,9199.68,8869.99,9059.03,0.0,0.0,0.0,0.0,0.0,0.0,-1.2655923881353328,0.037169151261726395,0,0.0,0.0,0.0,1.0
BTC,2020-06-28,9059.18,9189.3,8946.54,9124.24,0.0,0.0,0.0,0.0,0.0,0.0,0.7181665448749168,0.027134512336612633,0,0.0,0.0,0.0,0.0
BTC,2020-06-29,9124.89,9233.84,9027.25,9212.15,0.0,0.0,0.0,0.0,0.0,0.0,0.9562855004279528,0.022885153285884422,0,0.0,0.0,0.0,0.0
BTC,2020-06-30,9210.95,9232.66,9069.9,9163.73,0.0,0.0,0.0,0.0,0.0,0.0,-0.5126507037819243,0.017945071059217877,0,0.0,0.0,0.0,0.0
BTC,2020-07-01,9163.43,9299.29,9097.79,9243.83,0.0,0.0,0.0,0.0,0.0,0.0,0.8774007113056971,0.02214823600017147,0,0.0,0.0,0.0,0.0
BTC,2020-07-02,9243.86,9267.63,8956.73,9152.23,0.0,0.0,0.0,0.0,0.0,0.0,-0.9912525719775183,0.034711328799684665,0,0.0,0.0,0.0,0.0
BTC,2020-07-03,9141.33,9144.84,9059.2,9100.2,0.0,0.0,0.0,0.0,0.0,0.0,-0.4499345281266424,0.009453373366301596,0,0.0,0.0,0.0,0.0
BTC,2020-07-04,9100.65,9195.86,9050.04,9125.2,0.0,0.0,0.0,0.0,0.0,0.0,0.26976095114086457,0.01611263596624984,0,0.0,0.0,0.0,0.0
BTC,2020-07-05,9125.2,9152.86,8941.13,9040.05,0.0,0.0,0.0,0.0,0.0,0.0,-0.9331302327620374,0.02368045202340212,0,0.0,0.0,0.0,0.0
BTC,2020-07-06,9039.31,9350.81,9039.31,9284.22,0.0,0.0,0.0,0.0,0.0,0.0,2.7093882165784766,0.034460594890539216,0,0.0,0.0,0.0,0.0
BTC,2020-07-07,9280.13,9375.67,9209.21,9248.45,0.0,0.0,0.0,0.0,0.0,1.0,-0.3413745281585331,0.0180753832304835,1,1.0,0.0,0.0,0.0
BTC,2020-07-08,9246.92,9471.56,9236.79,9434.18,0.0,0.0,0.0,0.0,0.0,0.0,2.025106738243655,0.02541683853373289,0,0.0,1.0,0.0,0.0
BTC,2020-07-09,9435.22,9468.36,9171.47,9253.41,0.0,0.0,0.0,0.0,0.0,0.0,-1.926929101812141,0.03237103757631015,0,0.0,0.0,1.0,0.0
BTC,2020-07-10,9253.93,9255.25,9128.87,9216.37,0.0,0.0,0.0,0.0,0.0,0.0,-0.4058816092189966,0.013843991644091677,0,0.0,0.0,0.0,1.0
BTC,2020-07-11,9219.61,9316.6,9189.03,9224.6,0.0,0.0,0.0,0.0,0.0,0.0,0.05412376445424244,0.013882858147160223,0,0.0,0.0,0.0,0.0
BTC,2020-07-12,9224.59,9337.38,9170.74,9268.97,0.0,0.0,0.0,0.0,0.0,0.0,0.4811053933020243,0.018170834632755855,0,0.0,0.0,0.0,0.0
BTC,2020-07-13,9269.46,9336.28,9203.01,9249.25,0.0,0.0,0.0,1.0,0.0,1.0,-0.21802780312983852,0.014481131716688392,1,2.0,0.0,0.0,0.0
BTC,2020-07-14,9249.72,9279.27,9118.97,9244.36,0.0,0.0,0.0,0.0,0.0,0.0,-0.057947700038474284,0.017578739704155306,0,0.0,1.0,0.0,0.0
BTC,2020-07-15,9243.73,9272.45,9162.02,9226.55,0.0,0.0,0.0,0.0,0.0,0.0,-0.1858557097621879,0.01205301887575014,0,0.0,0.0,1.0,0.0
BTC,2020-07-16,9227.16,9230.14,9037.89,9126.44,0.0,0.0,0.0,0.0,0.0,1.0,-1.0915601333454643,0.02127155785255187,1,1.0,0.0,0.0,1.0
BTC,2020-07-17,9126.58,9181.93,9083.27,9154.51,0.0,0.0,0.0,0.0,0.0,1.0,0.3060292026147833,0.010861727109289919,1,1.0,1.0,0.0,0.0
BTC,2020-07-18,9150.16,9204.08,9126.06,9181.37,0.0,0.0,0.0,0.0,0.0,0.0,0.3410869318132245,0.008549143880272586,0,0.0,1.0,1.0,0.0
BTC,2020-07-19,9180.47,9186.03,9114.0,9175.75,0.0,0.0,0.0,0.0,0.0,0.0,-0.0514134897232859,0.007903225806451685,0,0.0,0.0,1.0,1.0
BTC,2020-07-20,9175.91,9232.19,9137.99,9174.18,0.0,0.0,0.0,1.0,0.0,2.0,-0.018853715871227632,0.0103086127255557,1,3.0,0.0,0.0,1.0
BTC,2020-07-21,9174.11,9430.5,9161.04,9383.57,0.0,0.0,2.0,0.0,0.0,5.0,2.2831642524451867,0.029413691021979937,1,7.0,1.0,0.0,0.0
BTC,2020-07-22,9381.85,9394.34,9293.14,9381.49,0.0,0.0,1.0,1.0,0.0,1.0,-0.003837196288584683,0.010889753086685527,1,3.0,1.0,1.0,0.0
BTC,2020-07-23,9383.91,9673.04,9376.78,9618.66,0.0,0.0,0.0,0.0,0.0,0.0,2.501622458015902,0.03159506781645727,0,0.0,1.0,1.0,1.0
BTC,2020-07-24,9619.07,9647.78,9477.32,9611.2,1.0,0.0,0.0,1.0,0.0,0.0,-0.08181664131770515,0.017986097335533774,1,2.0,0.0,1.0,1.0
BTC,2020-07-25,9610.84,9743.85,9531.02,9701.95,0.0,0.0,0.0,0.0,0.0,0.0,0.9479920589667561,0.022330243772439876,0,0.0,1.0,0.0,1.0
BTC,2020-07-26,9702.46,10138.4,9659.72,9888.63,0.0,0.0,0.0,0.0,0.0,0.0,1.9187917291078767,0.04955423138558885,0,0.0,0.0,1.0,0.0
BTC,2020-07-27,9889.27,11132.2,9889.27,11125.8,0.0,0.0,0.0,0.0,0.0,0.0,12.503754068803852,0.1256847067579306,0,0.0,0.0,0.0,1.0
BTC,2020-07-28,11123.3,11395.9,10604.5,11025.2,0.0,0.0,0.0,1.0,0.0,1.0,-0.881932520025519,0.07462869536517512,1,2.0,0.0,0.0,0.0
BTC,2020-07-29,11023.7,11348.3,10857.6,11297.1,0.0,0.0,0.0,0.0,0.0,0.0,2.4801110335005454,0.045194149720011685,0,0.0,1.0,0.0,0.0
BTC,2020-07-30,11301.2,11319.1,10876.9,11097.3,0.0,0.0,0.0,0.0,0.0,0.0,-1.804233178777488,0.04065496602892375,0,0.0,0.0,1.0,0.0
BTC,2020-07-31,11097.4,11453.3,10984.0,11397.7,0.0,0.0,0.0,0.0,0.0,1.0,2.7060392524375176,0.042725782957028335,1,1.0,0.0,0.0,1.0
BTC,2020-08-01,11398.6,11873.9,11241.8,11772.2,0.0,0.0,0.0,0.0,0.0,0.0,3.2775954941834993,0.0562276503762743,0,0.0,1.0,0.0,0.0
BTC,2020-08-02,11773.0,12105.7,10727.9,11136.9,0.0,0.0,0.0,0.0,0.0,0.0,-5.403040856196385,0.12843147307487962,0,0.0,0.0,1.0,0.0
BTC,2020-08-03,11137.4,11475.7,10955.6,11222.8,0.0,0.0,0.0,0.0,0.0,0.0,0.7667857848330817,0.04747343824162988,0,0.0,0.0,0.0,1.0
BTC,2020-08-04,11184.0,11414.4,11028.6,11241.1,0.0,0.0,0.0,0.0,0.0,0.0,0.5105507868383438,0.03498177465861481,0,0.0,0.0,0.0,0.0
BTC,2020-08-05,11236.4,11790.6,11105.5,11779.1,1.0,0.0,0.0,0.0,0.0,0.0,4.829838738385966,0.06169015352753143,1,1.0,0.0,0.0,0.0
BTC,2020-08-06,11779.7,11909.6,11560.6,11747.2,0.0,0.0,0.0,0.0,0.0,0.0,-0.2758983675305823,0.030188744528830684,0,0.0,1.0,0.0,0.0
BTC,2020-08-07,11748.0,11912.0,11354.2,11602.5,1.0,0.0,0.0,0.0,0.0,1.0,-1.238508682328907,0.04912719522291304,1,2.0,0.0,1.0,0.0
BTC,2020-08-08,11603.8,11810.8,11536.4,11765.4,0.0,0.0,0.0,0.0,0.0,0.0,1.3926472362501972,0.023785583024166952,0,0.0,1.0,0.0,1.0
BTC,2020-08-09,11765.2,11802.1,11535.3,11648.5,0.0,0.0,0.0,0.0,0.0,0.0,-0.9919083398497324,0.023129004013766535,0,0.0,0.0,1.0,0.0
BTC,2020-08-10,11650.4,12072.0,11644.6,11839.0,0.0,0.0,0.0,0.0,0.0,0.0,1.618828538075949,0.0367037081565704,0,0.0,0.0,0.0,1.0
BTC,2020-08-11,11843.6,11939.9,11141.6,11302.5,0.0,0.0,0.0,0.0,0.0,0.0,-4.56871221588031,0.07165039132620084,0,0.0,0.0,0.0,0.0
BTC,2020-08-12,11299.7,11620.8,11188.0,11509.6,1.0,0.0,0.0,0.0,1.0,0.0,1.85757143994973,0.03868430461208431,1,2.0,0.0,0.0,0.0
BTC,2020-08-13,11509.1,11733.1,11286.8,11697.9,0.0,0.0,0.0,0.0,0.0,0.0,1.6404410423056472,0.03954176560229659,0,0.0,1.0,0.0,0.0
BTC,2020-08-14,11697.4,11861.7,11660.9,11773.9,0.0,0.0,0.0,0.0,0.0,1.0,0.6539914852873289,0.017219940141841632,1,1.0,0.0,1.0,0.0
BTC,2020-08-15,11773.6,11981.6,11701.3,11914.4,0.0,0.0,0.0,0.0,0.0,0.0,1.1958959026975544,0.023954603334672312,0,0.0,1.0,0.0,1.0
BTC,2020-08-16,11914.8,11974.8,11702.0,11862.5,0.0,0.0,0.0,0.0,0.0,0.0,-0.4389498774633169,0.02331225431550156,0,0.0,0.0,1.0,0.0
BTC,2020-08-17,11861.5,12474.5,11776.1,12335.0,0.0,0.0,0.0,0.0,0.0,0.0,3.9919065885427645,0.05930656159509512,0,0.0,0.0,0.0,1.0
BTC,2020-08-18,12335.3,12412.6,11863.7,12075.0,0.0,0.0,0.0,0.0,0.0,0.0,-2.1102040485436047,0.046267184773721486,0,0.0,0.0,0.0,0.0
BTC,2020-08-19,12075.5,12086.9,11598.2,11715.8,0.0,0.0,0.0,0.0,0.0,0.0,-2.978758643534435,0.04213584866617224,0,0.0,0.0,0.0,0.0
BTC,2020-08-20,11715.0,11888.6,11680.9,11832.8,0.0,0.0,0.0,0.0,0.0,0.0,1.0055484421681542,0.0177811641226276,0,0.0,0.0,0.0,0.0
BTC,2020-08-21,11833.8,11882.2,11497.8,11528.0,0.0,0.0,0.0,0.0,0.0,0.0,-2.5841234430191427,0.03343248273582785,0,0.0,0.0,0.0,0.0
BTC,2020-08-22,11534.4,11681.2,11379.9,11673.6,0.0,0.0,0.0,0.0,0.0,0.0,1.2068248023304267,0.026476506823434397,0,0.0,0.0,0.0,0.0
BTC,2020-08-23,11673.0,11712.2,11521.9,11671.4,0.0,0.0,0.0,0.0,0.0,0.0,-0.013706844855652905,0.01651637316762002,0,0.0,0.0,0.0,0.0
BTC,2020-08-24,11671.4,11827.5,11597.7,11759.3,0.0,0.0,0.0,0.0,0.0,0.0,0.7531230186609973,0.019814273519749542,0,0.0,0.0,0.0,0.0
BTC,2020-08-25,11759.3,11786.7,11134.8,11312.8,0.0,0.0,0.0,1.0,0.0,1.0,-3.796994719073415,0.05854617954520975,1,2.0,0.0,0.0,0.0
BTC,2020-08-26,11311.5,11541.3,11261.2,11476.9,0.0,0.0,0.0,0.0,0.0,0.0,1.4622287052999128,0.02487301530920315,0,0.0,1.0,0.0,0.0
BTC,2020-08-27,11476.9,11590.3,11139.3,11289.1,0.0,0.0,0.0,0.0,0.0,1.0,-1.6363303679564976,0.0404872837610981,1,1.0,0.0,1.0,0.0
BTC,2020-08-28,11291.8,11553.2,11270.5,11501.0,0.0,0.0,0.0,0.0,0.0,1.0,1.8526718503693012,0.02508318175768606,1,1.0,1.0,0.0,1.0
BTC,2020-08-29,11498.7,11585.9,11436.4,11513.2,0.0,0.0,0.0,0.0,0.0,0.0,0.12610121144129335,0.013072295477597846,0,0.0,1.0,1.0,0.0
BTC,2020-08-30,11513.7,11688.0,11470.2,11607.5,0.0,0.0,0.0,0.0,0.0,1.0,0.8146816401330526,0.01898833498979959,1,1.0,0.0,1.0,1.0
BTC,2020-08-31,11609.0,11775.0,11586.4,11638.0,0.0,0.0,0.0,0.0,0.0,0.0,0.24980618485657677,0.016277704895394634,0,0.0,1.0,0.0,1.0
BTC,2020-09-01,11639.6,12054.9,11544.9,12027.4,0.0,0.0,0.0,0.0,0.0,0.0,3.331729612701461,0.04417535015461373,0,0.0,0.0,1.0,0.0
BTC,2020-09-02,12027.4,12049.2,11220.4,11387.6,0.0,0.0,0.0,0.0,0.0,0.0,-5.31952042835525,0.07386545934191305,0,0.0,0.0,0.0,1.0
BTC,2020-09-03,11387.6,11466.3,10514.6,10734.2,0.0,0.0,0.0,0.0,0.0,2.0,-5.7378200850047385,0.09051224012325708,1,2.0,0.0,0.0,0.0
BTC,2020-09-04,10734.2,10760.2,10021.1,10561.8,0.0,0.0,0.0,0.0,0.0,0.0,-1.6060814965251389,0.0737543782618675,0,0.0,1.0,0.0,0.0
BTC,2020-09-05,10563.6,10594.7,9884.21,10094.7,0.0,0.0,0.0,0.0,0.0,0.0,-4.438827672384411,0.07188131373169951,0,0.0,0.0,1.0,0.0
BTC,2020-09-06,10097.2,10359.6,9978.55,10329.0,0.0,0.0,0.0,0.0,0.0,0.0,2.2956859327338197,0.03818691092393195,0,0.0,0.0,0.0,1.0
BTC,2020-09-07,10329.3,10354.5,9895.68,10160.8,1.0,0.0,0.0,0.0,0.0,2.0,-1.6312818874463904,0.04636568684516877,1,3.0,0.0,0.0,0.0
BTC,2020-09-08,10160.8,10443.7,9939.63,10029.8,0.0,0.0,0.0,0.0,0.0,0.0,-1.289268561530588,0.0507131553186589,0,0.0,1.0,0.0,0.0
BTC,2020-09-09,10030.9,10348.5,9868.75,10245.0,0.0,0.0,0.0,0.0,0.0,0.0,2.1344046895094193,0.04861304623179227,0,0.0,0.0,1.0,0.0
BTC,2020-09-10,10245.6,10493.3,10191.5,10351.5,0.0,0.0,0.0,0.0,0.0,0.0,1.0336144296088041,0.029612912721385398,0,0.0,0.0,0.0,1.0
BTC,2020-09-11,10351.0,10380.8,10216.8,10349.1,0.0,0.0,0.0,0.0,0.0,0.0,-0.018355714423723662,0.016051992796178843,0,0.0,0.0,0.0,0.0
BTC,2020-09-12,10349.0,10486.6,10282.9,10455.6,0.0,0.0,0.0,0.0,0.0,0.0,1.030051212677557,0.019809586789718926,0,0.0,0.0,0.0,0.0
BTC,2020-09-13,10457.6,10578.8,10224.9,10303.7,0.0,0.0,0.0,0.0,0.0,0.0,-1.4716569767441825,0.03461158544337838,0,0.0,0.0,0.0,0.0
BTC,2020-09-14,10303.9,10753.1,10259.7,10717.9,0.0,0.0,0.0,1.0,0.0,1.0,4.017896136414367,0.048091074787761784,1,2.0,0.0,0.0,0.0
BTC,2020-09-15,10719.7,10933.9,10630.7,10857.6,2.0,1.0,0.0,0.0,0.0,4.0,1.2864165974794035,0.028521169819484972,1,7.0,1.0,0.0,0.0
BTC,2020-09-16,10862.8,11094.0,10673.0,11018.8,0.0,0.0,0.0,0.0,0.0,1.0,1.4360938247965536,0.03944532933570692,1,1.0,1.0,1.0,0.0
BTC,2020-09-17,11020.1,11046.0,10760.1,10962.5,1.0,0.0,0.0,0.0,0.0,0.0,-0.5226812823840107,0.026570385033596308,1,1.0,1.0,1.0,1.0
BTC,2020-09-18,10962.3,11040.0,10824.8,10942.2,0.0,0.0,0.0,0.0,0.0,0.0,-0.18335568265782315,0.01988027492424809,0,0.0,1.0,1.0,1.0
BTC,2020-09-19,10944.0,11172.1,10897.7,11054.5,0.0,0.0,0.0,0.0,0.0,0.0,1.00968567251462,0.025179625058498547,0,0.0,0.0,1.0,1.0
BTC,2020-09-20,11054.4,11088.3,10778.8,10876.6,0.0,0.0,0.0,0.0,0.0,0.0,-1.6084093211752721,0.02871377147734442,0,0.0,0.0,0.0,1.0
BTC,2020-09-21,10876.1,10992.0,10346.9,10508.8,0.0,0.0,0.0,0.0,0.0,0.0,-3.377129669642621,0.062347176448984756,0,0.0,0.0,0.0,0.0
BTC,2020-09-22,10508.5,10576.6,10366.9,10551.0,0.0,0.0,0.0,0.0,0.0,0.0,0.40443450540039017,0.020227840530920596,0,0.0,0.0,0.0,0.0
BTC,2020-09-23,10552.4,10559.9,10167.3,10260.0,0.0,0.0,0.0,0.0,0.0,0.0,-2.770933626473595,0.038613987981076625,0,0.0,0.0,0.0,0.0
BTC,2020-09-24,10256.9,10711.9,10213.8,10651.6,1.0,0.0,1.0,0.0,0.0,3.0,3.8481412512552597,0.048767353972077036,1,5.0,0.0,0.0,0.0
BTC,2020-09-25,10651.6,10791.2,10564.7,10752.9,0.0,0.0,0.0,0.0,0.0,0.0,0.9510308310488497,0.021439321514098837,0,0.0,1.0,0.0,0.0
BTC,2020-09-26,10756.6,10818.6,10658.2,10730.6,0.0,0.0,0.0,0.0,0.0,0.0,-0.24171206515069815,0.015049445497363497,0,0.0,0.0,1.0,0.0
BTC,2020-09-27,10728.6,10809.3,10613.7,10726.6,0.0,0.0,0.0,0.0,0.0,0.0,-0.01864176127360513,0.01842901156053012,0,0.0,0.0,0.0,1.0
BTC,2020-09-28,10734.6,10949.6,10734.6,10890.1,0.0,0.0,0.0,1.0,0.0,1.0,1.448586812736385,0.020028692266130084,1,2.0,0.0,0.0,0.0
BTC,2020-09-29,10889.1,10889.1,10644.1,10770.6,1.0,0.0,0.0,0.0,0.0,1.0,-1.0882442075102625,0.02301744628479627,1,2.0,1.0,0.0,0.0
BTC,2020-09-30,10772.8,10860.6,10666.3,10708.3,0.0,0.0,0.0,0.0,0.0,0.0,-0.5987301351552058,0.01821625118363454,0,0.0,1.0,1.0,0.0
BTC,2020-10-01,10706.9,10921.1,10456.4,10592.9,0.0,0.0,0.0,0.0,0.0,0.0,-1.0647339566074214,0.04444168164951616,0,0.0,0.0,1.0,1.0
BTC,2020-10-02,10594.0,10668.2,10389.8,10477.2,0.0,0.0,0.0,0.0,0.0,0.0,-1.1025108552010503,0.02679551098192472,0,0.0,0.0,0.0,1.0
BTC,2020-10-03,10476.8,10601.3,10475.4,10578.9,0.0,0.0,0.0,0.0,0.0,0.0,0.9745342089187573,0.012018634133302751,0,0.0,0.0,0.0,0.0
BTC,2020-10-04,10585.2,10699.7,10535.0,10653.7,0.0,0.0,0.0,0.0,0.0,0.0,0.6471299550315535,0.01563360227812062,0,0.0,0.0,0.0,0.0
BTC,2020-10-05,10653.3,10769.5,10628.3,10743.7,0.0,0.0,0.0,0.0,0.0,0.0,0.8485633559554454,0.013285285511323611,0,0.0,0.0,0.0,0.0
BTC,2020-10-06,10743.8,10801.5,10533.3,10575.4,0.0,0.0,0.0,0.0,0.0,2.0,-1.567415625756247,0.025462105892740238,1,2.0,0.0,0.0,0.0
BTC,2020-10-07,10575.2,10679.7,10555.4,10663.3,0.0,0.0,0.0,0.0,0.0,0.0,0.8330811710416686,0.011775963014191891,0,0.0,1.0,0.0,0.0
BTC,2020-10-08,10663.2,10955.5,10542.6,10884.8,0.0,0.0,0.0,0.0,0.0,0.0,2.0781754070072633,0.03916491188131956,0,0.0,0.0,1.0,0.0
BTC,2020-10-09,10884.3,11109.0,10841.9,11059.2,0.0,0.0,0.0,0.0,0.0,1.0,1.6069016840770785,0.024635903301081948,1,1.0,0.0,0.0,1.0
BTC,2020-10-10,11058.8,11484.6,11049.4,11378.0,0.0,0.0,0.0,0.0,0.0,1.0,2.886389119976858,0.0393867540318932,1,1.0,1.0,0.0,0.0
BTC,2020-10-11,11374.0,11433.6,11274.1,11328.5,0.0,0.0,1.0,0.0,0.0,1.0,-0.4000351679268507,0.014147470751545578,1,2.0,1.0,1.0,0.0
BTC,2020-10-12,11325.3,11721.4,11229.9,11692.2,0.0,0.0,0.0,0.0,0.0,0.0,3.239649280813766,0.04376708608268996,0,0.0,1.0,1.0,1.0
BTC,2020-10-13,11691.3,11704.3,11316.3,11454.9,0.0,0.0,0.0,0.0,0.0,0.0,-2.0220163711477737,0.03428682519904916,0,0.0,0.0,1.0,1.0
BTC,2020-10-14,11453.7,11549.2,11298.9,11383.9,1.0,1.0,0.0,1.0,0.0,2.0,-0.6094100596313949,0.022152598925559222,1,5.0,0.0,0.0,1.0
BTC,2020-10-15,11384.1,11604.2,11272.1,11505.6,2.0,0.0,0.0,0.0,0.0,1.0,1.067278045695312,0.029462123295570512,1,3.0,1.0,0.0,0.0
BTC,2020-10-16,11499.0,11545.3,11226.2,11344.6,0.0,0.0,0.0,0.0,0.0,0.0,-1.3427254543873348,0.02842457821880944,0,0.0,1.0,1.0,0.0
BTC,2020-10-17,11344.6,11404.5,11272.4,11349.1,0.0,0.0,0.0,0.0,0.0,0.0,0.039666449235759745,0.011718888612895245,0,0.0,0.0,1.0,1.0
BTC,2020-10-18,11349.7,11486.3,11344.0,11463.3,0.0,0.0,0.0,0.0,0.0,0.0,1.0009075129738982,0.012544076163610656,0,0.0,0.0,0.0,1.0
BTC,2020-10-19,11462.3,11818.7,11417.2,11756.2,0.0,0.0,1.0,1.0,0.0,2.0,2.564057824345912,0.035166240409207156,1,4.0,0.0,0.0,0.0
BTC,2020-10-20,11755.8,12045.6,11690.0,11930.2,0.0,0.0,0.0,0.0,0.0,0.0,1.4835230269313997,0.03041916167664674,0,0.0,1.0,0.0,0.0
BTC,2020-10-21,11931.2,12987.7,11899.3,12938.8,1.0,0.0,0.0,0.0,0.0,0.0,8.445085154888012,0.09146756531896848,1,1.0,0.0,1.0,0.0
BTC,2020-10-22,12930.0,13233.8,12704.2,13156.2,0.0,0.0,0.0,0.0,0.0,1.0,1.7494199535962933,0.041687001149226126,1,1.0,1.0,0.0,1.0
BTC,2020-10-23,13154.1,13196.9,12736.4,12919.7,1.0,0.0,0.0,0.0,0.0,0.0,-1.7819539155092299,0.03615621368675607,1,1.0,1.0,1.0,0.0
BTC,2020-10-24,12917.9,13166.8,12888.6,13080.6,0.0,0.0,0.0,0.0,0.0,0.0,1.2594926419928991,0.021584966559595214,0,0.0,1.0,1.0,1.0
BTC,2020-10-25,13080.7,13346.5,12910.7,13020.8,0.0,0.0,0.0,0.0,0.0,0.0,-0.45792656356312317,0.03375494744669145,0,0.0,0.0,1.0,1.0
BTC,2020-10-26,13020.6,13241.0,12798.3,13056.2,0.0,0.0,0.0,0.0,0.0,0.0,0.27341289955916287,0.0345905315549722,0,0.0,0.0,0.0,1.0
BTC,2020-10-27,13055.4,13754.0,13050.8,13736.9,0.0,0.0,0.0,0.0,0.0,1.0,5.220062196485745,0.053881754375210776,1,1.0,0.0,0.0,0.0
BTC,2020-10-28,13737.8,13855.1,12906.2,13267.0,0.0,0.0,0.0,0.0,0.0,0.0,-3.427040719765896,0.07352280299390987,0,0.0,1.0,0.0,0.0
BTC,2020-10-29,13267.0,13642.5,12988.1,13412.5,0.0,0.0,0.0,0.0,0.0,0.0,1.096706112911736,0.050384582810418736,0,0.0,0.0,1.0,0.0
BTC,2020-10-30,13410.7,13673.9,13135.0,13571.4,0.0,0.0,0.0,0.0,1.0,1.0,1.1982968823402127,0.041027788351731986,1,2.0,0.0,0.0,1.0
BTC,2020-10-31,13569.0,14072.5,13433.1,13875.4,0.0,0.0,0.0,0.0,0.0,0.0,2.2580882894833785,0.04759884166722496,0,0.0,1.0,0.0,0.0
BTC,2020-11-01,13875.3,13891.8,13631.2,13698.2,0.0,0.0,0.0,0.0,0.0,0.0,-1.2763687992331594,0.019117905980397802,0,0.0,0.0,1.0,0.0
BTC,2020-11-02,13701.1,13828.4,13224.0,13581.9,1.0,0.0,0.0,1.0,0.0,1.0,-0.8700031384341457,0.045704779189352666,1,3.0,0.0,0.0,1.0
BTC,2020-11-03,13581.2,13847.2,13303.3,13832.4,0.0,0.0,0.0,0.0,0.0,1.0,1.849615645156532,0.04088459254470706,1,1.0,1.0,0.0,0.0
BTC,2020-11-04,13833.7,14256.5,13541.6,14122.6,0.0,0.0,0.0,0.0,0.0,0.0,2.0883783803320846,0.05279287528800139,0,0.0,1.0,1.0,0.0
BTC,2020-11-05,14132.2,15561.6,14084.6,15558.9,0.0,0.0,0.0,0.0,0.0,0.0,10.09538500728831,0.10486630788236798,0,0.0,0.0,1.0,1.0
BTC,2020-11-06,15558.9,15947.7,15223.1,15612.1,0.0,0.0,0.0,0.0,0.0,0.0,0.3419264858055565,0.04759871511058854,0,0.0,0.0,0.0,1.0
BTC,2020-11-07,15614.3,15765.0,14441.6,14831.9,0.0,0.0,0.0,0.0,0.0,0.0,-5.010791389943831,0.09163804564591178,0,0.0,0.0,0.0,0.0
BTC,2020-11-08,14830.7,15653.0,14740.5,15520.1,0.0,0.0,0.0,0.0,0.0,0.0,4.648465682671753,0.061904277331162445,0,0.0,0.0,0.0,0.0
BTC,2020-11-09,15522.4,15809.8,14834.0,15253.8,0.0,0.0,0.0,0.0,0.0,1.0,-1.7304025150749907,0.06578131319940672,1,1.0,0.0,0.0,0.0
BTC,2020-11-10,15255.3,15476.8,15099.6,15381.5,0.0,0.0,0.0,0.0,0.0,0.0,0.8272534791187373,0.024980794193223587,0,0.0,1.0,0.0,0.0
BTC,2020-11-11,15383.4,15978.8,15288.8,15810.4,0.0,0.0,0.0,0.0,0.0,0.0,2.7757192818232643,0.045131076343467115,0,0.0,0.0,1.0,0.0
BTC,2020-11-12,15802.1,16341.5,15482.0,16226.3,0.0,0.0,0.0,1.0,0.0,1.0,2.684453332152049,0.05551608319338587,1,2.0,0.0,0.0,1.0
BTC,2020-11-13,16236.7,16481.5,15977.5,16319.2,0.0,0.0,0.0,0.0,0.0,0.0,0.5081081746906699,0.03154435925520263,0,0.0,1.0,0.0,0.0
BTC,2020-11-14,16318.6,16354.0,15727.9,16035.7,0.0,0.0,0.0,0.0,0.0,0.0,-1.733604598433687,0.03980823886214945,0,0.0,0.0,1.0,0.0
BTC,2020-11-15,16036.1,16156.5,15796.9,15942.3,0.0,0.0,0.0,0.0,0.0,0.0,-0.5849302511209152,0.022763960017471805,0,0.0,0.0,0.0,1.0
BTC,2020-11-16,15937.1,16876.2,15878.9,16728.0,0.0,0.0,0.0,0.0,0.0,2.0,4.962634356313254,0.06280661758686062,1,2.0,0.0,0.0,0.0
BTC,2020-11-17,16718.7,17852.0,16563.7,17604.1,0.0,0.0,0.0,0.0,0.0,1.0,5.2958663053945445,0.07777851566980802,1,1.0,1.0,0.0,0.0
BTC,2020-11-18,17605.7,18461.5,17277.3,17835.2,1.0,0.0,0.0,0.0,0.0,1.0,1.3035550986328293,0.06854080209291966,1,2.0,1.0,1.0,0.0
BTC,2020-11-19,17828.0,18167.6,17367.8,17886.2,0.0,0.0,0.0,0.0,0.0,0.0,0.326452770922149,0.04605073757182829,0,0.0,1.0,1.0,1.0
BTC,2020-11-20,17881.2,18812.5,17723.8,18626.0,0.0,0.0,0.0,0.0,0.0,0.0,4.165268550209154,0.061425879326103924,0,0.0,0.0,1.0,1.0
BTC,2020-11-21,18629.0,18965.9,18370.1,18631.8,0.0,0.0,0.0,0.0,0.0,0.0,0.015030329056842947,0.0324331386328873,0,0.0,0.0,0.0,1.0
BTC,2020-11-22,18631.5,18756.3,17644.3,18627.7,0.0,0.0,0.0,0.0,0.0,0.0,-0.020395566647877374,0.06302318595807145,0,0.0,0.0,0.0,0.0
BTC,2020-11-23,18575.4,18693.5,18029.7,18421.2,0.0,0.0,0.0,1.0,0.0,1.0,-0.8301301721631874,0.036817029678807706,1,2.0,0.0,0.0,0.0
BTC,2020-11-24,18422.3,19418.4,18129.2,19126.9,0.0,0.0,0.0,1.0,0.0,0.0,3.8247124409004427,0.07111179754208684,1,1.0,1.0,0.0,0.0
BTC,2020-11-25,19124.0,19487.4,18647.8,18777.4,0.0,0.0,0.0,0.0,0.0,0.0,-1.812382346789367,0.04502407790731358,0,0.0,1.0,1.0,0.0
BTC,2020-11-26,18780.8,18904.5,16274.7,17199.8,0.0,0.0,1.0,0.0,0.0,0.0,-8.418171749872212,0.16158823204114356,1,1.0,0.0,1.0,1.0
